Unnamed: 0,PBE Target,PBE Prediction,SCAN Target,SCAN Prediction,DLPNO-CCSD(T) SSE,PBEx SSE,SCANx SSE
cr_2_phosphine-P-0-0_phosphine-P-0-0_phosphine-P-0-0_water-O-0-0_water-O-0-0_water-O-0-0_5,64.02427673339844,37.57404898357572,47.08229064941406,19.876057189155087,-78.78400110762755,-72.35280139634814,-71.66310386562249
mn_2_imidazole-N-2-0_imidazole-N-2-0_imidazole-N-2-0_imidazole-N-2-0_imidazole-N-2-0_amine-N-0-d1_6,32.98583984375,38.09017805211245,28.776626586914062,38.06540959690702,-81.30125751758897,-84.5141462616597,-86.66349437680208
mn_2_misc-C-4-0_misc-C-4-0_misc-C-4-0_misc-C-4-0_cs-C-0-0_cs-C-0-0_6,47.8143310546875,46.71821795365601,43.88420104980469,42.54264451769036,-70.57243319790359,-69.81447716263028,-69.63120186010143
fe_2_ome2-O-0-0_ome2-O-0-0_ome2-O-0-0_ome2-O-0-0_chloride-Cl-0-d1_chloride-Cl-0-d1_5,31.020431518554688,30.64836850602211,37.35122680664063,37.34143245664095,-60.82215559498536,-60.63279931607504,-60.816318970263026
mn_2_water-O-0-0_water-O-0-0_water-O-0-0_water-O-0-0_water-O-0-0_SH2-S-0-0_6,86.86614990234375,78.22120931301973,92.7094268798828,72.00930557453977,-92.11377653262277,-89.43958813446852,-84.31319330925932
cr_2_furan-O-0-0_furan-O-0-0_furan-O-0-0_phosphine-P-0-0_furan-O-0-0_phosphine-P-0-0_5,11.823348999023438,19.614312597847327,0.0,10.94916731617534,-67.24512825263332,-70.39566847482604,-72.06845028168462
fe_2_carbonyl-C-0-0_carbonyl-C-0-0_carbonyl-C-0-0_cs-C-0-0_cs-C-0-0_cs-C-0-0_5,35.41221618652344,34.076941438419894,36.98501586914063,37.29595575003769,-32.81911908733491,-31.768593536574393,-33.054334934671154
fe_3_acetonitrile-N-1-0_acetonitrile-N-1-0_acetonitrile-N-1-0_acetonitrile-N-1-0_acetonitrile-N-1-0_hydroxyl-O-0-d1_6,42.664947509765625,43.380732334152015,40.12351989746094,43.805681933670975,-56.7597406748996,-57.24690762455155,-59.74885648143496
cr_2_acetonitrile-N-1-0_acetonitrile-N-1-0_acetonitrile-N-1-0_acetonitrile-N-1-0_acetonitrile-N-1-0_thiocyanate-S-0-d1_5,18.309783935546875,21.268044386565432,3.2269287109375,10.877134223372767,-58.00500187513421,-59.576085670452166,-61.394597399704274
fe_2_misc-C-4-0_misc-C-4-0_misc-C-4-0_chloride-Cl-0-d1_misc-C-4-0_chloride-Cl-0-d1_5,32.103118896484375,32.95713590310548,34.784698486328125,36.84052850866101,-42.167606557353565,-42.728414557537015,-43.56243561182997
mn_2_pyridine-N-3-0_pyridine-N-3-0_pyridine-N-3-0_pyridine-N-3-0_furan-O-0-0_furan-O-0-0_6,71.36001586914062,65.97715649170433,74.02481079101562,64.44595281305348,-91.8696470300074,-89.7705414491308,-87.82012003604456
co_3_pyridine-N-3-0_pyridine-N-3-0_pyridine-N-3-0_pyridine-N-3-0_ammonia-N-0-0_ammonia-N-0-0_5,23.647689819335938,21.60779053407757,20.374298095703125,23.79529852491238,9.102346202276976,11.101080404546993,6.117013114525367
co_2_ome2-O-0-0_ome2-O-0-0_ome2-O-0-0_water-O-0-0_ome2-O-0-0_water-O-0-0_4,36.88270568847656,38.18483606342028,36.13815307617188,37.923211272679545,-41.02062001515492,-41.43615521231861,-41.65255292968345
fe_3_cyanide-C-0-d1_cyanide-C-0-d1_cyanide-C-0-d1_hydroxyl-O-0-d1_cyanide-C-0-d1_hydroxyl-O-0-d1_6,56.31324768066406,56.32069562246137,61.837921142578125,47.11528945880399,-61.5554627625329,-61.56049606385554,-51.44761311709734
mn_2_furan-O-0-0_furan-O-0-0_furan-O-0-0_furan-O-0-0_ammonia-N-0-0_ammonia-N-0-0_6,91.47789001464844,69.40710868600857,97.24357604980467,69.1493062602058,-92.70935560746808,-85.47157458838124,-82.12080408224894
fe_2_formaldehyde-O-1-0_formaldehyde-O-1-0_formaldehyde-O-1-0_formaldehyde-O-1-0_furan-O-0-0_furan-O-0-0_5,29.120330810546875,31.31322852299132,35.95100402832031,37.20018811119873,-50.86289099990722,-52.02850563808701,-51.61243357156134
fe_2_misc-C-4-0_misc-C-4-0_misc-C-4-0_misc-C-4-0_misc-C-4-0_carbonyl-C-0-0_5,32.98820495605469,33.40300578348274,34.727020263671875,35.99528142144025,-29.299172897609083,-29.60555164239392,-30.210849662869354
cr_2_ome2-O-0-0_ome2-O-0-0_ome2-O-0-0_ome2-O-0-0_ome2-O-0-0_water-O-0-0_5,52.4334716796875,27.410978604898425,35.29144287109375,13.509027990851768,-80.41513088242368,-74.23900304226638,-74.81820631935842
fe_2_ammonia-N-0-0_ammonia-N-0-0_ammonia-N-0-0_ammonia-N-0-0_ammonia-N-0-0_ome2-O-0-0_5,32.80998229980469,33.04309985190372,37.13081359863281,37.83459642756522,-44.45424793238374,-44.59629190548188,-44.92121954267528
mn_3_carbonyl-C-0-0_carbonyl-C-0-0_carbonyl-C-0-0_carbonyl-C-0-0_ammonia-N-0-0_ammonia-N-0-0_5,22.265853881835938,24.843489662797424,11.117477416992188,20.1388803916574,-76.59038911767482,-78.40775557028714,-82.27195406165741
fe_2_carboxyl-O-1-d1_carboxyl-O-1-d1_carboxyl-O-1-d1_carboxyl-O-1-d1_carboxyl-O-1-d1_pyridine-N-3-0_5,30.689849853515625,32.77830148659992,35.36094665527344,36.13118619641357,-56.22432818260791,-57.54150874772321,-56.75026535508682
fe_2_pyridine-N-3-0_pyridine-N-3-0_pyridine-N-3-0_pyridine-N-3-0_acetonitrile-N-1-0_acetonitrile-N-1-0_5,25.91011047363281,29.133741717457404,29.37042236328125,35.057202894403304,-35.88747674503452,-38.167009786310146,-39.966823870008945
fe_2_ammonia-N-0-0_ammonia-N-0-0_ammonia-N-0-0_carbonyl-C-0-0_carbonyl-C-0-0_carbonyl-C-0-0_5,35.11772155761719,33.065567951167,38.27407836914063,37.359411928350966,-45.29149671003324,-43.95640493853151,-44.667922790519086
cr_2_cs-C-0-0_cs-C-0-0_cs-C-0-0_cs-C-0-0_cs-C-0-0_misc-C-4-0_5,30.87127685546875,29.170876956062425,21.456298828125,17.76152516261105,-51.77368277725691,-50.53250129568535,-49.18434999981072
mn_2_acetonitrile-N-1-0_acetonitrile-N-1-0_acetonitrile-N-1-0_acetonitrile-N-1-0_acetonitrile-N-1-0_furan-O-0-0_6,42.44453430175781,46.05791082072681,38.91944885253906,45.01852286936312,-86.05518308508124,-88.12962792839319,-89.37659081462408
co_2_SH2-S-0-0_SH2-S-0-0_SH2-S-0-0_SH2-S-0-0_SH2-S-0-0_imidazole-N-2-0_4,57.23991394042969,52.6390070889528,54.25537109375,44.3965902575044,-30.882714327163967,-29.195585140830783,-26.969207380450037
fe_3_cyanide-C-0-d1_cyanide-C-0-d1_cyanide-C-0-d1_cyanide-C-0-d1_cyanide-C-0-d1_water-O-0-0_6,47.48283386230469,45.8436518587553,50.602874755859375,43.49947747419257,-34.43680718496125,-33.053182426146,-29.19344113440298
fe_2_water-O-0-0_water-O-0-0_water-O-0-0_pyridine-N-3-0_water-O-0-0_pyridine-N-3-0_5,31.37413024902344,32.39076001703534,36.8316650390625,37.87558066636519,-50.08022530993344,-50.65735183091117,-50.74307016002359
fe_3_ome2-O-0-0_ome2-O-0-0_ome2-O-0-0_pyridine-N-3-0_pyridine-N-3-0_pyridine-N-3-0_6,54.799346923828125,54.11606187679226,58.16429138183594,47.02289653580104,-62.15480934748484,-61.57106247785995,-52.75690334742004
mn_3_formaldehyde-O-1-0_formaldehyde-O-1-0_pyridine-N-3-0_pyridine-N-3-0_formaldehyde-O-1-0_pyridine-N-3-0_5,31.329345703125,29.64069156020292,18.246612548828125,20.94936224429776,-75.38846118480933,-74.34312191825046,-76.66805541661427
cr_2_furan-O-0-0_furan-O-0-0_ome2-O-0-0_ome2-O-0-0_furan-O-0-0_ome2-O-0-0_5,15.510330200195312,23.101066776626183,0.0,11.33496045949845,-69.12589635221366,-71.85882914508461,-86.49622259333577
co_2_pyridine-N-3-0_pyridine-N-3-0_pyridine-N-3-0_pyridine-N-3-0_pyridine-N-3-0_amine-N-0-d1_4,40.22552490234375,42.14565571335764,39.25338745117188,36.91895736777272,-29.827990992370133,-30.531512830598302,-28.785917122274594
co_2_misc-C-4-0_misc-C-4-0_misc-C-4-0_misc-C-4-0_cs-C-0-0_cs-C-0-0_4,45.59486389160156,44.21252811246556,39.67521667480469,39.89590329942366,-19.4153488624238,-18.779621649024193,-19.52823486284114
co_2_pyridine-N-3-0_pyridine-N-3-0_water-O-0-0_water-O-0-0_pyridine-N-3-0_water-O-0-0_4,53.58673095703125,49.44101591997622,50.16212463378906,44.20847021540666,-36.359796622398335,-35.038436232280425,-34.316620528928574
cr_2_carbonyl-C-0-0_carbonyl-C-0-0_carbonyl-C-0-0_phosphine-P-0-0_carbonyl-C-0-0_phosphine-P-0-0_5,28.024444580078125,34.074240435730005,14.603424072265623,18.63532285688975,-61.37467122760427,-63.808890432566905,-63.000748555973
co_2_ome2-O-0-0_ome2-O-0-0_ome2-O-0-0_ome2-O-0-0_cyanide-C-0-d1_cyanide-C-0-d1_4,43.1060791015625,49.87340743088742,41.00189208984375,42.899950727839226,-21.80938937251653,-24.439780984404656,-22.562100070604306
fe_2_carbonyl-C-0-0_carbonyl-C-0-0_carbonyl-C-0-0_furan-O-0-0_carbonyl-C-0-0_furan-O-0-0_5,33.21540832519531,32.06478308172383,37.44964599609375,36.88782832138445,-46.65564343249002,-45.95447120417676,-46.28597650558048
cr_2_imidazole-N-2-0_imidazole-N-2-0_imidazole-N-2-0_imidazole-N-2-0_ome2-O-0-0_ome2-O-0-0_5,55.74882507324219,21.12452744157388,37.06024169921875,8.24682623208379,-84.67225967994636,-76.37127105859868,-77.18234050588897
fe_3_hydroxyl-O-0-d1_hydroxyl-O-0-d1_hydroxyl-O-0-d1_hydroxyl-O-0-d1_ome2-O-0-0_ome2-O-0-0_6,57.664337158203125,54.95071877070522,42.27684020996094,45.325885600552965,-68.3667399499484,-66.42547082906555,-70.79673225979208
fe_2_formaldehyde-O-1-0_formaldehyde-O-1-0_formaldehyde-O-1-0_formaldehyde-O-1-0_pyridine-N-3-0_pyridine-N-3-0_5,30.98052978515625,29.270331226767876,36.16096496582031,36.05327929372766,-49.07023707737949,-48.056292353829136,-49.001939629134974
cr_2_pyridine-N-3-0_pyridine-N-3-0_pyridine-N-3-0_pyridine-N-3-0_thiocyanate-S-0-d1_thiocyanate-S-0-d1_5,6.2697601318359375,13.75550284611506,0.0,7.536809626114529,-64.10869688460707,-69.00656971739161,-71.57844384389433
cr_2_phosphine-P-0-0_phosphine-P-0-0_phosphine-P-0-0_phosphine-P-0-0_phosphine-P-0-0_cs-C-0-0_5,21.56112670898437,30.907943156526567,12.935943603515623,17.141757745165634,-62.53458803474473,-68.14097421093919,-65.13517067801374
fe_2_cs-C-0-0_cs-C-0-0_cs-C-0-0_cs-C-0-0_cs-C-0-0_furan-O-0-0_5,36.32102966308594,33.850527839839295,37.88299560546875,37.149324114009744,-27.376894417429867,-25.38343412335739,-26.80178137674768
cr_2_cs-C-0-0_cs-C-0-0_cs-C-0-0_cs-C-0-0_imidazole-N-2-0_imidazole-N-2-0_5,17.444839477539062,24.39274717057949,4.2908477783203125,13.89621490042736,-50.50923325513054,-55.80188855749633,-56.64962682115984
co_2_ome2-O-0-0_ome2-O-0-0_ome2-O-0-0_ome2-O-0-0_ome2-O-0-0_acetonitrile-N-1-0_4,46.84700012207031,50.131002458327,45.57151794433594,45.99872456473395,-37.96760159510313,-38.9540077702993,-38.09342811218876
co_2_phosphine-P-0-0_phosphine-P-0-0_thiocyanate-S-0-d1_thiocyanate-S-0-d1_phosphine-P-0-0_thiocyanate-S-0-d1_4,39.044342041015625,38.28912438066801,36.16828918457031,35.76016595884359,-30.43871101496279,-30.006093608634618,-30.19252005136401
cr_2_phosphine-P-0-0_phosphine-P-0-0_phosphine-P-0-0_phosphine-P-0-0_phosphine-P-0-0_acetonitrile-N-1-0_5,51.05934143066406,26.129504599647355,36.46125793457031,14.044008337761191,-73.88884725249568,-65.00149560990494,-65.88408345109555
fe_2_ammonia-N-0-0_ammonia-N-0-0_ome2-O-0-0_ome2-O-0-0_ammonia-N-0-0_ome2-O-0-0_5,31.985626220703125,32.79916198252901,37.649688720703125,38.2883034857956,-50.49673847500628,-50.94950906372408,-50.902043177365115
fe_3_chloride-Cl-0-d1_chloride-Cl-0-d1_chloride-Cl-0-d1_chloride-Cl-0-d1_chloride-Cl-0-d1_pyridine-N-3-0_6,42.114105224609375,42.61347525586345,39.8651123046875,39.90433140621136,-70.23514630013779,-70.67398413018891,-70.27009639757978
co_2_cs-C-0-0_cs-C-0-0_cs-C-0-0_cs-C-0-0_formaldehyde-O-1-0_formaldehyde-O-1-0_4,38.864593505859375,39.77384416941096,46.68907165527344,37.59428384893126,-19.53668288971926,-20.045404789121037,-14.854620447489456
cr_3_chloride-Cl-0-d1_chloride-Cl-0-d1_chloride-Cl-0-d1_chloride-Cl-0-d1_chloride-Cl-0-d1_fluoride-F-0-d1_4,100.0,98.1079000204432,100.0,45.24061963464335,-52.98882146759411,-35.48764205252463,-32.94545113387945
co_2_imidazole-N-2-0_imidazole-N-2-0_imidazole-N-2-0_chloride-Cl-0-d1_imidazole-N-2-0_chloride-Cl-0-d1_4,40.348052978515625,38.18462546389737,38.53729248046875,36.72273295328931,-34.44301943461028,-33.470282632062734,-33.64956812164509
cr_2_ome2-O-0-0_ome2-O-0-0_ome2-O-0-0_ome2-O-0-0_ome2-O-0-0_chloride-Cl-0-d1_5,10.164947509765623,16.909094680379905,0.0,8.569274167542822,-81.429749437591,-84.38629750719491,-88.17828715532484
cr_2_ome2-O-0-0_ome2-O-0-0_ome2-O-0-0_ome2-O-0-0_ome2-O-0-0_furan-O-0-0_5,47.920684814453125,25.34898628790689,30.407638549804688,12.411630206428928,-80.18928359257927,-74.60804791516411,-75.48035623961782
cr_3_cs-C-0-0_cs-C-0-0_cs-C-0-0_fluoride-F-0-d1_fluoride-F-0-d1_fluoride-F-0-d1_4,48.98521423339844,70.17194937911205,36.21833801269531,39.60892835282215,-31.0651135174976,-41.37996506398189,-32.97952789064311
mn_3_acetonitrile-N-1-0_acetonitrile-N-1-0_acetonitrile-N-1-0_acetonitrile-N-1-0_SH2-S-0-0_SH2-S-0-0_5,19.5721435546875,20.979685767688604,7.573699951171875,13.7145079902434,-68.89494999750468,-70.1089993184401,-73.6908725873971
fe_2_water-O-0-0_water-O-0-0_water-O-0-0_water-O-0-0_formaldehyde-O-1-0_formaldehyde-O-1-0_5,32.427825927734375,32.917931398127,39.24171447753906,38.82292748485035,-54.37270243758974,-54.61204656560403,-54.126685680332976
mn_2_ome2-O-0-0_ome2-O-0-0_ome2-O-0-0_misc-C-4-0_misc-C-4-0_misc-C-4-0_6,86.99195861816406,69.60809695217894,75.0,66.17410776017024,-85.54058853235404,-79.41295268774262,-99.45727729557194
fe_2_acetonitrile-N-1-0_acetonitrile-N-1-0_acetonitrile-N-1-0_water-O-0-0_water-O-0-0_water-O-0-0_5,30.93086242675781,31.16506855263278,37.0001220703125,37.32204538266825,-48.14876148487258,-48.26879173782822,-48.346422990439166
fe_2_ome2-O-0-0_ome2-O-0-0_ome2-O-0-0_ome2-O-0-0_ome2-O-0-0_ome2-O-0-0_5,29.467544555664062,29.693585096422662,37.35710144042969,38.119230547134094,-60.41064862490316,-60.522423957820784,-60.85625446628832
fe_2_phosphine-P-0-0_phosphine-P-0-0_phosphine-P-0-0_phosphine-P-0-0_phosphine-P-0-0_carboxyl-O-1-d1_5,32.14149475097656,22.866179395291176,29.1790771484375,22.344047885540803,-67.6235151453443,-57.326506585007564,-61.379761685462434
fe_2_formaldehyde-O-1-0_formaldehyde-O-1-0_formaldehyde-O-1-0_formaldehyde-O-1-0_carbonyl-C-0-0_carbonyl-C-0-0_5,33.58154296875,33.644109928269,37.95021057128906,38.02482406109499,-46.39903107240968,-46.43902264341266,-46.44888114581943
cr_2_cs-C-0-0_cs-C-0-0_water-O-0-0_water-O-0-0_cs-C-0-0_water-O-0-0_5,30.36727905273437,31.27006825801176,0.0,19.46109434790926,-56.14245323741898,-56.571396779610964,-66.44465246762829
fe_3_pyridine-N-3-0_pyridine-N-3-0_pyridine-N-3-0_pyridine-N-3-0_pyridine-N-3-0_carbonyl-C-0-0_6,41.11846923828125,40.96399878520265,38.18389892578125,40.98833819169624,-52.47750936746684,-52.318425166548955,-55.217022302170854
co_2_misc-C-4-0_misc-C-4-0_misc-C-4-0_misc-C-4-0_misc-C-4-0_SH2-S-0-0_4,45.55000305175781,47.32990903024072,41.63230895996094,41.92014660598612,-17.143258584958403,-17.906361699677174,-17.263255130978425
cr_2_phosphine-P-0-0_phosphine-P-0-0_phosphine-P-0-0_phosphine-P-0-0_phosphine-P-0-0_water-O-0-0_5,23.564682006835938,37.444843343792606,9.718704223632812,19.439436756425167,-62.00815193033236,-67.03444010609431,-65.68321142854714
mn_2_misc-C-4-0_misc-C-4-0_misc-C-4-0_misc-C-4-0_misc-C-4-0_ome2-O-0-0_6,49.21638488769531,51.85303049575548,42.499847412109375,46.84551662603301,-73.80020158242871,-75.35272362906788,-76.18517555215831
cr_3_chloride-Cl-0-d1_chloride-Cl-0-d1_chloride-Cl-0-d1_chloride-Cl-0-d1_SH2-S-0-0_SH2-S-0-0_4,100.0,94.98160756175668,100.0,42.36598351571787,-51.7161736573496,-35.17733725162031,-32.533827614279346
mn_2_cyanide-C-0-d1_cyanide-C-0-d1_cyanide-C-0-d1_cyanide-C-0-d1_acetonitrile-N-1-0_acetonitrile-N-1-0_6,44.25048828125,44.02033983108922,39.95033264160156,43.054317681858194,-81.53189263273589,-81.38564350279229,-83.36192732100587
co_2_phosphine-P-0-0_phosphine-P-0-0_phosphine-P-0-0_phosphine-P-0-0_formaldehyde-O-1-0_formaldehyde-O-1-0_4,39.54017639160156,37.90634580326952,36.515045166015625,36.51084250447568,-27.675121322578207,-26.67230314616726,-27.672749227711883
cr_2_chloride-Cl-0-d1_chloride-Cl-0-d1_chloride-Cl-0-d1_furan-O-0-0_furan-O-0-0_furan-O-0-0_5,31.81243896484375,32.78190763769746,15.952224731445312,18.70054298532038,-82.83714032207513,-83.09551972543721,-83.62588461563534
fe_2_ammonia-N-0-0_ammonia-N-0-0_ammonia-N-0-0_ammonia-N-0-0_ammonia-N-0-0_misc-C-4-0_5,36.72416687011719,32.703039454793114,39.96864318847656,37.16174772170358,-40.63149534242939,-38.06301028642278,-38.69547888166086
cr_3_ammonia-N-0-0_ammonia-N-0-0_ammonia-N-0-0_ammonia-N-0-0_ammonia-N-0-0_amine-N-0-d1_4,36.25617980957031,73.14547768750677,7.739639282226562,31.19252739448371,-41.08576204481096,-53.68164515467449,-47.19804166997059
cr_3_water-O-0-0_water-O-0-0_water-O-0-0_water-O-0-0_chloride-Cl-0-d1_chloride-Cl-0-d1_4,75.98793029785156,73.38321971020224,42.23228454589844,34.040540488466846,-64.87126751479082,-64.40571433658828,-63.816104129288306
fe_2_SH2-S-0-0_SH2-S-0-0_SH2-S-0-0_SH2-S-0-0_carbonyl-C-0-0_carbonyl-C-0-0_5,41.31843566894531,36.532899413082994,43.1585693359375,38.40267985244134,-44.3715886123573,-40.87378270709345,-40.768315224556005
fe_2_SH2-S-0-0_SH2-S-0-0_SH2-S-0-0_SH2-S-0-0_pyridine-N-3-0_pyridine-N-3-0_5,32.704010009765625,34.89688985746548,36.174163818359375,37.74339735458567,-49.77254386239679,-51.23062802971474,-50.854951846762546
fe_2_water-O-0-0_water-O-0-0_water-O-0-0_water-O-0-0_water-O-0-0_ome2-O-0-0_5,30.843734741210938,32.476825561583325,38.38310241699219,38.88083146992566,-56.44764162756815,-57.2175168738866,-56.73569896402502
mn_2_ome2-O-0-0_ome2-O-0-0_ome2-O-0-0_cs-C-0-0_ome2-O-0-0_cs-C-0-0_6,47.93876647949219,46.31254214078048,45.35820007324219,42.22002603222798,-89.67365806993826,-88.73871461528492,-88.25101074471262
fe_2_SH2-S-0-0_SH2-S-0-0_SH2-S-0-0_SH2-S-0-0_SH2-S-0-0_SH2-S-0-0_5,35.219879150390625,36.567798300147686,38.1341552734375,38.98579003150271,-52.54391079000129,-53.45313629995627,-53.165445364702585
fe_2_carboxyl-O-1-d1_carboxyl-O-1-d1_carboxyl-O-1-d1_carboxyl-O-1-d1_ome2-O-0-0_ome2-O-0-0_5,35.59295654296875,32.81380571500684,35.28106689453125,36.932582167046384,-61.57556095978976,-60.1212929240254,-62.53660530662604
mn_2_furan-O-0-0_furan-O-0-0_furan-O-0-0_carbonyl-C-0-0_furan-O-0-0_carbonyl-C-0-0_6,53.11836242675781,51.19375575493031,47.02430725097656,48.03393276820007,-94.12711530244452,-93.23800946810971,-94.60111215863849
cr_3_imidazole-N-2-0_imidazole-N-2-0_imidazole-N-2-0_imidazole-N-2-0_hydroxyl-O-0-d1_hydroxyl-O-0-d1_4,100.0,85.28143661524143,100.0,35.51642889709202,-42.07493610247525,-33.19655367875212,-31.40720420267496
co_2_imidazole-N-2-0_imidazole-N-2-0_imidazole-N-2-0_imidazole-N-2-0_imidazole-N-2-0_amine-N-0-d1_4,68.67324829101562,48.31174928046688,38.06396484375,37.19282565956436,-28.327676142549763,-23.757139523158298,-27.97951990972316
fe_2_cs-C-0-0_cs-C-0-0_cs-C-0-0_thiocyanate-S-0-d1_thiocyanate-S-0-d1_thiocyanate-S-0-d1_5,29.22607421875,36.2859731844125,27.60337829589844,36.591865333133256,-16.39146589493521,-22.760469998721184,-23.540640332459777
mn_3_cyanide-C-0-d1_cyanide-C-0-d1_cyanide-C-0-d1_pyridine-N-3-0_pyridine-N-3-0_pyridine-N-3-0_5,46.15730285644531,33.33230261193651,36.043548583984375,30.32789422157669,-80.85654764015544,-73.45141766670287,-77.49519057706638
co_2_acetonitrile-N-1-0_acetonitrile-N-1-0_acetonitrile-N-1-0_acetonitrile-N-1-0_imidazole-N-2-0_imidazole-N-2-0_4,6.541061401367188,37.58056175670224,38.08860778808594,36.63070329614613,-27.4983702599377,-40.63378144455186,-26.84303059347639
fe_2_ome2-O-0-0_ome2-O-0-0_ome2-O-0-0_misc-C-4-0_misc-C-4-0_misc-C-4-0_5,32.04193115234375,31.393397529907087,36.58958435058594,36.909639520818565,-43.72432675512528,-43.33384786103211,-43.927530597415284
cr_2_imidazole-N-2-0_imidazole-N-2-0_imidazole-N-2-0_imidazole-N-2-0_ammonia-N-0-0_ammonia-N-0-0_5,32.14698791503906,24.881212563092134,22.491226196289062,12.645407952732814,-79.53521461499804,-76.26076850839699,-75.57727461982559
cr_3_formaldehyde-O-1-0_formaldehyde-O-1-0_formaldehyde-O-1-0_carbonyl-C-0-0_formaldehyde-O-1-0_carbonyl-C-0-0_4,100.0,84.44374977749786,100.0,37.00809346339395,-54.02051555252456,-33.95470306594317,-32.47910511981799
fe_3_cyanide-C-0-d1_cyanide-C-0-d1_cyanide-C-0-d1_chloride-Cl-0-d1_cyanide-C-0-d1_chloride-Cl-0-d1_6,39.71588134765625,40.91442205140102,37.26852416992188,39.79451358137682,-43.386202772366005,-44.594339840569404,-45.77240388267746
fe_2_carboxyl-O-1-d1_carboxyl-O-1-d1_carboxyl-O-1-d1_carboxyl-O-1-d1_furan-O-0-0_furan-O-0-0_5,29.16488647460937,31.813430216672938,34.775848388671875,35.63387946990315,-62.07610390523428,-63.55352593944908,-62.59951842389042
fe_2_formaldehyde-O-1-0_formaldehyde-O-1-0_formaldehyde-O-1-0_formaldehyde-O-1-0_ome2-O-0-0_ome2-O-0-0_5,31.70616149902344,31.76710355082636,37.66281127929688,38.1107708151802,-51.50766983993094,-51.540985902662314,-51.785180285432205
mn_2_misc-C-4-0_misc-C-4-0_misc-C-4-0_misc-C-4-0_misc-C-4-0_SH2-S-0-0_6,49.629669189453125,48.24211236627458,45.96290588378906,45.03406099119084,-75.42611118499963,-74.53994844490686,-74.84512139891514
cr_2_acetonitrile-N-1-0_acetonitrile-N-1-0_acetonitrile-N-1-0_acetonitrile-N-1-0_acetonitrile-N-1-0_misc-C-4-0_5,7.37579345703125,5.204626846323428,0.0,1.9534430100583648,-58.589359995081054,-57.16735133757529,-63.735398169384155
cr_2_chloride-Cl-0-d1_chloride-Cl-0-d1_chloride-Cl-0-d1_imidazole-N-2-0_imidazole-N-2-0_imidazole-N-2-0_5,20.01533508300781,20.09354771768469,7.118072509765625,11.41919634856669,-82.2568785226099,-82.2998932679749,-84.64105291073237
co_2_cs-C-0-0_cs-C-0-0_phosphine-P-0-0_phosphine-P-0-0_cs-C-0-0_phosphine-P-0-0_4,43.703460693359375,46.09832102820593,40.31044006347656,42.28214745910781,-20.241612625247853,-21.481878449081588,-21.209831879606277
co_2_formaldehyde-O-1-0_formaldehyde-O-1-0_formaldehyde-O-1-0_acetonitrile-N-1-0_formaldehyde-O-1-0_acetonitrile-N-1-0_4,30.405731201171875,38.373416045994816,28.65272521972656,36.86355120609073,-32.761155657381096,-36.279272388810696,-36.37842377776828
fe_2_SH2-S-0-0_SH2-S-0-0_SH2-S-0-0_SH2-S-0-0_SH2-S-0-0_cs-C-0-0_5,34.554290771484375,37.17719288947255,39.50706481933594,38.96409657933911,-45.54687666016321,-47.421641316627955,-45.13250090388101
co_3_phosphine-P-0-0_phosphine-P-0-0_phosphine-P-0-0_phosphine-P-0-0_carboxyl-O-1-d1_carboxyl-O-1-d1_5,1.3543701171875,5.013814091715673,0.0,14.241848600579242,-37.10616080997397,-43.94475008736882,-84.23408668354995
fe_2_formaldehyde-O-1-0_formaldehyde-O-1-0_formaldehyde-O-1-0_formaldehyde-O-1-0_formaldehyde-O-1-0_carbonyl-C-0-0_5,32.54631042480469,33.90037001743805,37.584228515625,38.35971452287405,-48.616276595041086,-49.425084118420855,-49.11765141731585
fe_3_pyridine-N-3-0_pyridine-N-3-0_pyridine-N-3-0_pyridine-N-3-0_hydroxyl-O-0-d1_hydroxyl-O-0-d1_6,43.40293884277344,43.099791699061655,42.08000183105469,41.254061308990494,-48.13474627263304,-47.85122562192276,-47.363251093614466
fe_2_acetonitrile-N-1-0_acetonitrile-N-1-0_acetonitrile-N-1-0_acetonitrile-N-1-0_acetonitrile-N-1-0_cs-C-0-0_5,30.411605834960938,31.434933258927497,34.1973876953125,35.992431909256915,-38.10194871732051,-38.74506616481679,-39.30026716974729
cr_2_cyanide-C-0-d1_cyanide-C-0-d1_cyanide-C-0-d1_hydroxyl-O-0-d1_cyanide-C-0-d1_hydroxyl-O-0-d1_5,6.489181518554688,15.473953119493723,0.0,0.7394500147409957,-42.59133597244386,-48.470849021718514,-51.26000968847673
fe_2_ammonia-N-0-0_ammonia-N-0-0_furan-O-0-0_furan-O-0-0_ammonia-N-0-0_furan-O-0-0_5,34.42008972167969,32.10067925059668,39.09111022949219,37.47841742869671,-48.8330947875636,-47.47398193933465,-47.772325160489096
mn_2_carbonyl-C-0-0_carbonyl-C-0-0_carbonyl-C-0-0_carbonyl-C-0-0_carbonyl-C-0-0_cs-C-0-0_6,54.136505126953125,48.911401260706896,50.31021118164063,46.18240804780433,-86.80743573244854,-83.64891523550874,-84.32251271017783
co_2_phosphine-P-0-0_phosphine-P-0-0_phosphine-P-0-0_phosphine-P-0-0_phosphine-P-0-0_imidazole-N-2-0_4,49.96063232421875,40.82847005504392,48.18275451660156,38.546031930499375,-31.344863057584007,-26.828951264002157,-26.54124768292564
mn_2_SH2-S-0-0_SH2-S-0-0_SH2-S-0-0_SH2-S-0-0_cyanide-C-0-d1_cyanide-C-0-d1_6,62.53196716308594,54.64678014479409,58.25210571289063,49.65274144429948,-94.0265239146538,-90.10806173215727,-89.23707625877785
mn_2_ome2-O-0-0_ome2-O-0-0_ome2-O-0-0_carboxyl-O-1-d1_ome2-O-0-0_carboxyl-O-1-d1_6,51.87736511230469,47.315422671571305,91.14616394042967,45.06726063886142,-94.00330767005585,-91.70612576171595,-75.24872945273533
co_2_ammonia-N-0-0_ammonia-N-0-0_SH2-S-0-0_SH2-S-0-0_ammonia-N-0-0_SH2-S-0-0_4,39.174346923828125,39.7991220883804,37.016143798828125,37.54326596142469,-34.10344467235518,-34.40475205027769,-34.35269218579915
co_2_phosphine-P-0-0_phosphine-P-0-0_phosphine-P-0-0_phosphine-P-0-0_phosphine-P-0-0_cs-C-0-0_4,46.32850646972656,47.90454554719813,42.99171447753906,43.05649755938436,-20.274939777426653,-21.074493842081154,-20.306140672146952
mn_2_acetonitrile-N-1-0_acetonitrile-N-1-0_acetonitrile-N-1-0_phosphine-P-0-0_phosphine-P-0-0_phosphine-P-0-0_6,44.94987487792969,51.370699693661216,42.6422119140625,44.73706340821739,-84.35229931242816,-88.13170099759779,-86.44971382192666
mn_2_ammonia-N-0-0_ammonia-N-0-0_ammonia-N-0-0_formaldehyde-O-1-0_ammonia-N-0-0_formaldehyde-O-1-0_6,49.44496154785156,47.77100490641676,43.11683654785156,43.82193670435381,-87.6647946298715,-86.78019368344563,-88.13766042583678
co_2_phosphine-P-0-0_phosphine-P-0-0_phosphine-P-0-0_thiocyanate-S-0-d1_phosphine-P-0-0_thiocyanate-S-0-d1_4,46.84135437011719,38.951143202773046,43.99650573730469,36.327356819877714,-32.50003659244953,-27.97508090811904,-28.35120842044614
cr_2_thiocyanate-S-0-d1_thiocyanate-S-0-d1_thiocyanate-S-0-d1_thiocyanate-S-0-d1_cs-C-0-0_cs-C-0-0_5,29.612579345703125,29.755032596356173,18.37875366210937,17.7460073712473,-64.68169599997395,-64.77910748522754,-64.25127127868284
co_2_cs-C-0-0_cs-C-0-0_cs-C-0-0_cs-C-0-0_cs-C-0-0_acetonitrile-N-1-0_4,47.95158386230469,45.811537641468526,43.07525634765625,41.30279173693236,-18.99135778003256,-18.021782659982343,-18.153810583085615
fe_2_acetonitrile-N-1-0_acetonitrile-N-1-0_acetonitrile-N-1-0_acetonitrile-N-1-0_water-O-0-0_water-O-0-0_5,29.054489135742188,30.382838551716475,34.882965087890625,36.507413715252845,-45.62051441250276,-46.37549152869895,-46.623077754845426
co_2_cs-C-0-0_cs-C-0-0_water-O-0-0_water-O-0-0_cs-C-0-0_water-O-0-0_4,39.029388427734375,40.23543250593247,37.21214294433594,38.2651942427102,-29.887977482330825,-30.435452723388217,-30.369588573690883
fe_3_misc-C-4-0_misc-C-4-0_misc-C-4-0_misc-C-4-0_ammonia-N-0-0_ammonia-N-0-0_6,40.34088134765625,40.4717788321149,37.588653564453125,37.99005755586059,-32.96107903994141,-33.0976395770864,-33.3495660329417
mn_3_phosphine-P-0-0_phosphine-P-0-0_phosphine-P-0-0_carbonyl-C-0-0_phosphine-P-0-0_carbonyl-C-0-0_5,26.322021484375,25.758156197744206,17.122344970703125,15.855787001086512,-83.25681734250338,-82.77405013763455,-82.27402134479206
fe_2_water-O-0-0_water-O-0-0_water-O-0-0_imidazole-N-2-0_water-O-0-0_imidazole-N-2-0_5,37.138214111328125,32.943855246936714,42.415618896484375,37.84159095427516,-51.05410593753618,-48.840475859403384,-48.21412746371773
cr_2_furan-O-0-0_furan-O-0-0_furan-O-0-0_furan-O-0-0_imidazole-N-2-0_imidazole-N-2-0_5,0.0,14.238748009957025,0.0,7.788925450923532,-68.99303514997655,-79.03695081245122,-76.26901908629878
fe_3_hydroxyl-O-0-d1_hydroxyl-O-0-d1_hydroxyl-O-0-d1_hydroxyl-O-0-d1_imidazole-N-2-0_imidazole-N-2-0_6,45.33302307128906,47.38551477456393,43.52104187011719,41.38686046440792,-59.9725551074107,-61.751453237044196,-58.13615053652995
co_2_SH2-S-0-0_SH2-S-0-0_SH2-S-0-0_SH2-S-0-0_fluoride-F-0-d1_fluoride-F-0-d1_4,100.0,89.70121030234732,100.0,64.40416241488339,-31.03344045523272,-6.381198925782561,3.0593149929413843
fe_2_acetonitrile-N-1-0_acetonitrile-N-1-0_acetonitrile-N-1-0_ammonia-N-0-0_ammonia-N-0-0_ammonia-N-0-0_5,34.9444580078125,31.762557639043685,38.78318786621094,36.78680313985138,-41.3269868499691,-39.28877638382382,-39.965674394538716
co_3_cs-C-0-0_cs-C-0-0_cs-C-0-0_cs-C-0-0_hydroxyl-O-0-d1_hydroxyl-O-0-d1_5,25.08018493652344,25.2582254260619,31.41929626464844,30.58805243909299,-56.38954956033331,-56.46145959860023,-56.0139628063329
fe_2_acetonitrile-N-1-0_acetonitrile-N-1-0_acetonitrile-N-1-0_acetonitrile-N-1-0_acetonitrile-N-1-0_ome2-O-0-0_5,30.550537109375,30.128414905327727,36.03309631347656,36.13992617816601,-44.550747392717085,-44.306306755542685,-44.618484489819885
cr_2_misc-C-4-0_misc-C-4-0_misc-C-4-0_misc-C-4-0_misc-C-4-0_furan-O-0-0_5,25.197830200195312,25.360581151855637,11.512603759765623,11.36910208533319,-55.057296152452295,-55.12643756202149,-55.00333196947825
mn_2_formaldehyde-O-1-0_formaldehyde-O-1-0_formaldehyde-O-1-0_formaldehyde-O-1-0_misc-C-4-0_misc-C-4-0_6,63.86299133300781,66.8120663789549,66.64375305175781,62.94228684914463,-82.72525330739029,-83.9800110550594,-81.08531786627269
fe_2_formaldehyde-O-1-0_formaldehyde-O-1-0_formaldehyde-O-1-0_formaldehyde-O-1-0_formaldehyde-O-1-0_cs-C-0-0_5,33.43406677246094,33.49893657414191,37.171630859375,38.277170015461486,-44.83249175503829,-44.87439086379413,-45.56671616542903
fe_2_amine-N-0-d1_amine-N-0-d1_amine-N-0-d1_amine-N-0-d1_pyridine-N-3-0_pyridine-N-3-0_5,16.938095092773438,17.308565184226943,19.712142944335938,25.68938958951989,-28.67989942265808,-28.933123066494282,-31.75777644294642
fe_2_ammonia-N-0-0_ammonia-N-0-0_ammonia-N-0-0_pyridine-N-3-0_pyridine-N-3-0_pyridine-N-3-0_5,31.79718017578125,31.08673424543297,36.26304626464844,36.45754336949062,-39.76435623013799,-39.29674039435289,-39.89895383101381
co_2_carbonyl-C-0-0_carbonyl-C-0-0_carbonyl-C-0-0_carbonyl-C-0-0_carbonyl-C-0-0_carbonyl-C-0-0_4,41.51382446289063,40.57787467595068,39.8541259765625,38.19058652253928,-28.378687499903208,-27.95315411280036,-27.62081724295185
cr_3_pyridine-N-3-0_pyridine-N-3-0_pyridine-N-3-0_pyridine-N-3-0_hydroxyl-O-0-d1_hydroxyl-O-0-d1_4,100.0,83.64548209065504,100.0,35.00581545835886,-40.151676840038135,-32.09611662392208,-29.746458319411555
mn_3_cs-C-0-0_cs-C-0-0_cs-C-0-0_hydroxyl-O-0-d1_cs-C-0-0_hydroxyl-O-0-d1_5,35.29296875,32.62701694891837,22.530441284179688,17.300199827741288,-68.82026682966398,-66.71363134576141,-66.31185198535529
cr_2_formaldehyde-O-1-0_formaldehyde-O-1-0_formaldehyde-O-1-0_formaldehyde-O-1-0_formaldehyde-O-1-0_water-O-0-0_5,27.0428466796875,31.147339098265657,14.289398193359377,16.87250220975579,-69.27353894493365,-71.03154612422611,-70.4389528491717
fe_2_formaldehyde-O-1-0_formaldehyde-O-1-0_formaldehyde-O-1-0_furan-O-0-0_furan-O-0-0_furan-O-0-0_5,34.32441711425781,30.723551352906323,39.8284912109375,37.32264823739861,-52.59263616477483,-50.517255627313354,-50.98669348198376
fe_2_ammonia-N-0-0_ammonia-N-0-0_ammonia-N-0-0_ammonia-N-0-0_acetonitrile-N-1-0_acetonitrile-N-1-0_5,36.29402160644531,32.262417194097495,39.93980407714844,36.82702413914964,-40.83837267992749,-38.29804681407766,-38.70419111053296
cr_2_pyridine-N-3-0_pyridine-N-3-0_pyridine-N-3-0_pyridine-N-3-0_pyridine-N-3-0_hydroxyl-O-0-d1_5,29.437179565429688,19.00646721920147,18.165740966796875,11.242759546433042,-73.41139317021089,-67.09931593595579,-68.05118479995862
fe_2_phosphine-P-0-0_phosphine-P-0-0_phosphine-P-0-0_phosphine-P-0-0_water-O-0-0_water-O-0-0_5,35.819091796875,35.612118955480646,39.144287109375,38.13936391855519,-50.22923334262373,-50.09877649722285,-49.52667298891751
co_2_acetonitrile-N-1-0_acetonitrile-N-1-0_acetonitrile-N-1-0_misc-C-4-0_misc-C-4-0_misc-C-4-0_4,46.35665893554688,50.244851452319736,42.923126220703125,42.86742537389048,-23.717336380091183,-25.416686149452698,-23.692646668535655
mn_2_ammonia-N-0-0_ammonia-N-0-0_ammonia-N-0-0_ammonia-N-0-0_ammonia-N-0-0_hydroxyl-O-0-d1_6,57.2442626953125,65.64683882818316,58.42002868652344,65.37157398947375,-78.99696393983106,-82.72019624340528,-82.14568297038389
co_2_phosphine-P-0-0_phosphine-P-0-0_phosphine-P-0-0_phosphine-P-0-0_cyanide-C-0-d1_cyanide-C-0-d1_4,38.37547302246094,40.21466140430279,35.701141357421875,37.27522093572401,-9.864251682931808,-10.896726034542823,-10.691087356251865
co_2_ome2-O-0-0_ome2-O-0-0_ome2-O-0-0_ome2-O-0-0_pyridine-N-3-0_pyridine-N-3-0_4,53.05732727050781,55.61323461515459,50.63278198242188,47.52456202907736,-31.146301977527173,-31.97415464801819,-29.980896920635264
mn_3_misc-C-4-0_misc-C-4-0_misc-C-4-0_misc-C-4-0_carbonyl-C-0-0_carbonyl-C-0-0_5,36.071319580078125,37.47870902947341,27.899246215820312,34.07112131824669,-76.69717142019749,-77.57457957792866,-80.39430100073412
co_2_SH2-S-0-0_SH2-S-0-0_SH2-S-0-0_thiocyanate-S-0-d1_SH2-S-0-0_thiocyanate-S-0-d1_4,39.76615905761719,40.16472734231272,36.48109436035156,36.61989257192762,-33.37158954014626,-33.609421621526955,-33.45175301094703
fe_2_carbonyl-C-0-0_carbonyl-C-0-0_carbonyl-C-0-0_carbonyl-C-0-0_carbonyl-C-0-0_acetonitrile-N-1-0_5,33.49067687988281,32.69237787729055,36.37428283691406,36.382813242984525,-42.30600921255586,-41.779920325117025,-42.311853956288296
fe_2_acetonitrile-N-1-0_acetonitrile-N-1-0_acetonitrile-N-1-0_cs-C-0-0_cs-C-0-0_cs-C-0-0_5,32.23014831542969,32.84636615676308,34.2706298828125,34.83097089157306,-31.38940300739023,-31.839776385893536,-31.80952639021116
fe_2_imidazole-N-2-0_imidazole-N-2-0_imidazole-N-2-0_acetonitrile-N-1-0_imidazole-N-2-0_acetonitrile-N-1-0_5,32.370758056640625,30.12848114177241,36.380157470703125,34.64200812350682,-40.61050232993352,-39.186455207074474,-39.430301622031756
mn_2_imidazole-N-2-0_imidazole-N-2-0_phosphine-P-0-0_phosphine-P-0-0_imidazole-N-2-0_phosphine-P-0-0_6,72.06398010253906,70.99422952021794,77.17147827148438,73.06138901370358,-86.35581394256064,-85.95473234672603,-84.69091379499888
mn_2_cs-C-0-0_cs-C-0-0_phosphine-P-0-0_phosphine-P-0-0_cs-C-0-0_phosphine-P-0-0_6,50.37689208984375,48.201248962068654,42.61383056640625,42.98794549380233,-76.03664170288425,-74.60469020610546,-76.28385540467457
fe_2_ammonia-N-0-0_ammonia-N-0-0_ammonia-N-0-0_ammonia-N-0-0_furan-O-0-0_furan-O-0-0_5,31.60682678222656,31.84895834996215,36.595001220703125,36.98402247641554,-45.4383430049711,-45.5808179897127,-45.69424443523608
cr_2_SH2-S-0-0_SH2-S-0-0_SH2-S-0-0_phosphine-P-0-0_SH2-S-0-0_phosphine-P-0-0_5,24.139938354492188,38.82088618393514,9.753341674804688,20.048866132939484,-67.10909942993794,-72.10291886480466,-70.68209856386298
mn_3_ome2-O-0-0_ome2-O-0-0_ome2-O-0-0_ome2-O-0-0_pyridine-N-3-0_pyridine-N-3-0_5,59.67765808105469,31.48703893006835,47.57881164550781,31.13440203324512,-95.0830475475982,-82.80220395994108,-88.45362300717643
mn_2_misc-C-4-0_misc-C-4-0_misc-C-4-0_misc-C-4-0_misc-C-4-0_amine-N-0-d1_6,53.31672668457031,49.52389315084841,52.96638488769531,47.20929074740137,-72.14048792758604,-69.98476423183217,-69.19137720596845
mn_3_imidazole-N-2-0_imidazole-N-2-0_imidazole-N-2-0_imidazole-N-2-0_thiocyanate-S-0-d1_thiocyanate-S-0-d1_5,24.332504272460938,25.58536573231166,13.27117919921875,17.50283017376581,-71.59170529208268,-72.59902523551176,-74.66199235582894
fe_2_ome2-O-0-0_ome2-O-0-0_ome2-O-0-0_acetonitrile-N-1-0_ome2-O-0-0_acetonitrile-N-1-0_5,29.303970336914062,29.334015825269272,36.25480651855469,37.63851813829163,-53.63104701001134,-53.647401699692665,-54.465338001563204
fe_2_ammonia-N-0-0_ammonia-N-0-0_ammonia-N-0-0_water-O-0-0_water-O-0-0_water-O-0-0_5,33.49311828613281,32.8715155869902,38.51234436035156,38.29297017438044,-50.59626499485887,-50.254852339513576,-50.45944727668128
fe_2_carbonyl-C-0-0_carbonyl-C-0-0_carbonyl-C-0-0_pyridine-N-3-0_pyridine-N-3-0_pyridine-N-3-0_5,31.991958618164062,31.19530374656767,35.14045715332031,35.50206274180216,-43.38806644763167,-42.85213937805896,-43.639714260907894
fe_2_ome2-O-0-0_ome2-O-0-0_ome2-O-0-0_ome2-O-0-0_ammonia-N-0-0_ammonia-N-0-0_5,30.263671875,31.476404743576744,36.46644592285156,38.09326007361182,-51.069711234938495,-51.711528386781396,-52.071637663417675
cr_2_SH2-S-0-0_SH2-S-0-0_SH2-S-0-0_SH2-S-0-0_formaldehyde-O-1-0_formaldehyde-O-1-0_5,26.3275146484375,36.75280528097319,12.125015258789062,19.333646057662936,-69.60880591973137,-73.96318800263502,-72.78275908239603
cr_2_ammonia-N-0-0_ammonia-N-0-0_ammonia-N-0-0_carboxyl-O-1-d1_carboxyl-O-1-d1_carboxyl-O-1-d1_5,17.538681030273438,28.93546366731698,1.310577392578125,15.185807855504631,-68.75432661988839,-72.31568708649098,-73.16927670701264
co_2_phosphine-P-0-0_phosphine-P-0-0_phosphine-P-0-0_phosphine-P-0-0_phosphine-P-0-0_carbonyl-C-0-0_4,38.94523620605469,38.75685017121358,36.561279296875,37.16740679106118,-23.33399600254552,-23.21141097541233,-23.69692287952326
co_2_imidazole-N-2-0_imidazole-N-2-0_imidazole-N-2-0_imidazole-N-2-0_imidazole-N-2-0_imidazole-N-2-0_4,38.24531555175781,36.75727985162276,35.676116943359375,35.2166091209962,-32.19875188017909,-31.636992433412733,-31.999970758726008
fe_2_ammonia-N-0-0_ammonia-N-0-0_ammonia-N-0-0_carboxyl-O-1-d1_ammonia-N-0-0_carboxyl-O-1-d1_5,33.28544616699219,34.494842606514645,37.42523193359375,37.98110255121487,-43.80175147000841,-44.54272070001008,-44.1762912384313
mn_2_cyanide-C-0-d1_cyanide-C-0-d1_cyanide-C-0-d1_cyanide-C-0-d1_imidazole-N-2-0_imidazole-N-2-0_6,51.757659912109375,52.93152914149561,47.83248901367188,47.00707717588833,-79.31444881991865,-79.99611809064834,-78.81200597659462
fe_2_ammonia-N-0-0_ammonia-N-0-0_ammonia-N-0-0_ammonia-N-0-0_thiocyanate-S-0-d1_thiocyanate-S-0-d1_5,33.15185546875,34.76957394842946,36.53244018554688,37.58849333747671,-43.210062267617104,-44.26276766285168,-43.93608529502729
fe_2_pyridine-N-3-0_pyridine-N-3-0_pyridine-N-3-0_pyridine-N-3-0_furan-O-0-0_furan-O-0-0_5,27.621994018554688,28.23047382721721,27.97889709472656,35.32166633473785,-44.41125790759429,-44.81975428288953,-49.49622860642712
co_2_acetonitrile-N-1-0_acetonitrile-N-1-0_acetonitrile-N-1-0_pyridine-N-3-0_acetonitrile-N-1-0_pyridine-N-3-0_4,25.098953247070312,35.39234095380981,23.486862182617188,35.5480054254634,-29.832391022636106,-34.40848709365713,-35.17267829066142
mn_3_formaldehyde-O-1-0_formaldehyde-O-1-0_formaldehyde-O-1-0_formaldehyde-O-1-0_formaldehyde-O-1-0_fluoride-F-0-d1_5,31.84188842773437,28.64731122804993,2.049789428710937,18.258655832950808,-72.53500219745717,-71.34309757206707,-80.21382766086327
fe_2_formaldehyde-O-1-0_formaldehyde-O-1-0_formaldehyde-O-1-0_formaldehyde-O-1-0_formaldehyde-O-1-0_acetonitrile-N-1-0_5,31.313247680664062,32.04433345095915,36.59591674804688,37.37857141407417,-47.819741899922974,-48.24373266799766,-48.31682931122799
cr_2_misc-C-4-0_misc-C-4-0_misc-C-4-0_acetonitrile-N-1-0_misc-C-4-0_acetonitrile-N-1-0_5,10.92681884765625,12.393514209191732,4.200439453125,5.419385026334986,-53.7010427524865,-54.685077180560185,-55.12882276433725
fe_3_furan-O-0-0_furan-O-0-0_furan-O-0-0_thiocyanate-S-0-d1_furan-O-0-0_thiocyanate-S-0-d1_6,27.76039123535156,28.199339710104432,61.60568237304688,39.52943539157866,-52.46881723750562,-52.74865118878231,-39.840454341635606
mn_3_water-O-0-0_water-O-0-0_water-O-0-0_water-O-0-0_thiocyanate-S-0-d1_thiocyanate-S-0-d1_5,29.91127014160156,29.05560562157328,20.393218994140625,21.746983949003948,-79.07750921274214,-78.29320689167844,-80.22482104923562
co_3_carbonyl-C-0-0_carbonyl-C-0-0_carbonyl-C-0-0_carbonyl-C-0-0_pyridine-N-3-0_pyridine-N-3-0_5,20.970916748046875,21.00984775292148,12.206344604492188,20.077242942767192,-34.75270825481971,-34.812902202167265,-45.28967330677882
cr_2_formaldehyde-O-1-0_formaldehyde-O-1-0_formaldehyde-O-1-0_formaldehyde-O-1-0_formaldehyde-O-1-0_SH2-S-0-0_5,27.54219055175781,29.116284181126368,17.735824584960938,16.71066042181549,-72.74277936999852,-73.77570218512311,-72.06867160130848
co_2_furan-O-0-0_furan-O-0-0_furan-O-0-0_acetonitrile-N-1-0_furan-O-0-0_acetonitrile-N-1-0_4,36.32339477539063,35.05921371959167,35.50819396972656,35.19642802945827,-37.46263289245008,-37.09629719699081,-37.35158045388456
fe_2_ome2-O-0-0_ome2-O-0-0_ome2-O-0-0_ome2-O-0-0_ome2-O-0-0_formaldehyde-O-1-0_5,29.305191040039062,29.88341077859908,37.29866027832031,38.32085764123498,-61.19400268223103,-61.477485807013444,-61.78255582013145
cr_2_acetonitrile-N-1-0_acetonitrile-N-1-0_acetonitrile-N-1-0_acetonitrile-N-1-0_acetonitrile-N-1-0_water-O-0-0_5,22.676315307617188,12.728513245495233,7.25250244140625,4.627705464460501,-61.51446254003133,-57.021581085888315,-60.42549168908389
co_3_furan-O-0-0_furan-O-0-0_furan-O-0-0_amine-N-0-d1_furan-O-0-0_amine-N-0-d1_5,7.395401000976562,9.93791306469869,0.0,7.705595396972388,-43.24978992030765,-45.359932423217145,-49.41061452929844
fe_2_carbonyl-C-0-0_carbonyl-C-0-0_carbonyl-C-0-0_chloride-Cl-0-d1_carbonyl-C-0-0_chloride-Cl-0-d1_5,31.303787231445312,32.56908944290247,34.59449768066406,36.139737556639126,-52.85982315502565,-53.63131201583708,-53.84213303503195
co_2_carboxyl-O-1-d1_carboxyl-O-1-d1_carboxyl-O-1-d1_pyridine-N-3-0_carboxyl-O-1-d1_pyridine-N-3-0_4,100.0,40.00348492710109,100.0,36.39075723059884,-40.54182621998507,-28.052827935413013,-22.805825604427987
fe_2_SH2-S-0-0_SH2-S-0-0_SH2-S-0-0_SH2-S-0-0_SH2-S-0-0_carbonyl-C-0-0_5,35.66627502441406,36.58793343230471,38.32176208496094,38.68915726741058,-48.93600039485023,-49.57207440420631,-49.20825257145675
co_2_ome2-O-0-0_ome2-O-0-0_ome2-O-0-0_ome2-O-0-0_hydroxyl-O-0-d1_hydroxyl-O-0-d1_4,41.81602478027344,43.30898232796872,19.79400634765625,39.284063068723015,-32.60819751230315,-33.07738204313299,-41.33197820104601
co_2_water-O-0-0_water-O-0-0_water-O-0-0_water-O-0-0_water-O-0-0_imidazole-N-2-0_4,60.61248779296875,59.163755067449344,57.16804504394531,46.85446541859251,-33.50656730004289,-33.10738197685732,-30.017207926044154
fe_2_formaldehyde-O-1-0_formaldehyde-O-1-0_formaldehyde-O-1-0_formaldehyde-O-1-0_chloride-Cl-0-d1_chloride-Cl-0-d1_5,44.44236755371094,31.332633809210837,37.37724304199219,36.76845715505471,-59.43691671522515,-51.99674977904897,-59.06958917637619
mn_2_misc-C-4-0_misc-C-4-0_misc-C-4-0_misc-C-4-0_misc-C-4-0_cs-C-0-0_6,47.21138000488281,46.08362799190837,43.05000305175781,41.90532682721883,-70.04942449762893,-69.29087480061546,-69.2862292437334
cr_3_pyridine-N-3-0_pyridine-N-3-0_pyridine-N-3-0_pyridine-N-3-0_chloride-Cl-0-d1_chloride-Cl-0-d1_4,30.48652648925781,67.08285490934655,4.815521240234375,30.49633832769275,-54.40783490743797,-65.29730787848436,-62.90031469046896
fe_2_cs-C-0-0_cs-C-0-0_cs-C-0-0_cs-C-0-0_furan-O-0-0_furan-O-0-0_5,36.557464599609375,32.068565033309895,38.83209228515625,36.62958610891397,-37.14576296256496,-33.853511859642104,-35.50158021731332
mn_3_cyanide-C-0-d1_cyanide-C-0-d1_imidazole-N-2-0_imidazole-N-2-0_cyanide-C-0-d1_imidazole-N-2-0_5,32.47123718261719,32.49897941124813,21.65687561035156,23.862102170592586,-68.12308985768482,-68.13988479422288,-69.36686155328843
fe_2_ome2-O-0-0_ome2-O-0-0_ome2-O-0-0_ome2-O-0-0_furan-O-0-0_furan-O-0-0_5,28.574447631835938,29.012025029080075,36.57493591308594,37.60791203661559,-59.74359980997633,-59.958151507638675,-60.346220082404116
mn_2_carbonyl-C-0-0_carbonyl-C-0-0_carbonyl-C-0-0_water-O-0-0_water-O-0-0_water-O-0-0_6,43.563079833984375,48.060049794622735,40.53955078125,47.37910885404105,-89.68310194493938,-92.06023209501593,-93.46306746578871
cr_3_formaldehyde-O-1-0_formaldehyde-O-1-0_formaldehyde-O-1-0_ome2-O-0-0_ome2-O-0-0_ome2-O-0-0_4,44.32762145996094,64.79390465968388,18.943405151367188,27.29854016576113,-49.71784405995663,-54.20616574754957,-51.72624250135902
co_2_SH2-S-0-0_SH2-S-0-0_SH2-S-0-0_imidazole-N-2-0_SH2-S-0-0_imidazole-N-2-0_4,38.26499938964844,38.94721072513129,35.618438720703125,36.341418018207946,-30.577623199912978,-30.91489472676392,-30.91581257983381
fe_2_carbonyl-C-0-0_carbonyl-C-0-0_carbonyl-C-0-0_carbonyl-C-0-0_carbonyl-C-0-0_amine-N-0-d1_5,21.767501831054688,23.501093068986524,26.4599609375,30.424163486377463,-42.70423953750708,-43.67575789737719,-44.801640939108815
fe_2_acetonitrile-N-1-0_acetonitrile-N-1-0_acetonitrile-N-1-0_acetonitrile-N-1-0_cs-C-0-0_cs-C-0-0_5,31.53038024902344,32.17065232719621,34.59419250488281,35.2181735784358,-35.464344710189835,-35.8958555747493,-35.90140851243178
fe_3_chloride-Cl-0-d1_chloride-Cl-0-d1_chloride-Cl-0-d1_imidazole-N-2-0_imidazole-N-2-0_imidazole-N-2-0_6,39.62059020996094,38.67734564532279,39.472198486328125,38.47456583174765,-55.37235072505951,-54.550308602965416,-54.41076963619306
cr_2_ome2-O-0-0_ome2-O-0-0_ome2-O-0-0_chloride-Cl-0-d1_ome2-O-0-0_chloride-Cl-0-d1_5,34.16572570800781,29.600169796606423,18.745574951171875,15.17786090303099,-79.64532329508415,-78.35053892399638,-78.61585800299817
cr_2_ome2-O-0-0_ome2-O-0-0_ome2-O-0-0_thiocyanate-S-0-d1_thiocyanate-S-0-d1_thiocyanate-S-0-d1_5,64.232177734375,28.98558224511725,46.03057861328125,14.934618196276691,-86.83511789497175,-78.55049976366732,-78.71932886927665
co_3_imidazole-N-2-0_imidazole-N-2-0_imidazole-N-2-0_ome2-O-0-0_imidazole-N-2-0_ome2-O-0-0_5,7.042083740234375,9.969001364120407,0.3896331787109375,10.7668482331317,-15.833096315087689,-18.291638776597303,-25.59358556859879
mn_3_chloride-Cl-0-d1_chloride-Cl-0-d1_chloride-Cl-0-d1_cs-C-0-0_cs-C-0-0_cs-C-0-0_5,34.936065673828125,34.23074943523848,26.803436279296875,22.53032915011905,-66.38154455512336,-65.76785637664159,-63.01595105360498
mn_3_chloride-Cl-0-d1_chloride-Cl-0-d1_chloride-Cl-0-d1_cyanide-C-0-d1_chloride-Cl-0-d1_cyanide-C-0-d1_5,13.7457275390625,17.458237636408878,1.446075439453125,7.954392838272643,-85.84077574774483,-89.18816206031735,-91.14218766979101
co_2_cs-C-0-0_cs-C-0-0_cs-C-0-0_SH2-S-0-0_cs-C-0-0_SH2-S-0-0_4,37.81013488769531,41.0178751606975,35.39276123046875,38.4406410641953,-16.523606099877952,-18.453104384030322,-18.202083041107308
fe_2_furan-O-0-0_furan-O-0-0_furan-O-0-0_misc-C-4-0_furan-O-0-0_misc-C-4-0_5,29.62753295898437,30.19947465803482,36.58058166503906,36.650225765361554,-45.99230314243755,-46.341149915498775,-46.037705939812696
cr_3_phosphine-P-0-0_phosphine-P-0-0_phosphine-P-0-0_ome2-O-0-0_phosphine-P-0-0_ome2-O-0-0_4,36.99737548828125,61.01182956506042,14.06494140625,28.10228359906413,-52.699668212367214,-57.77141752428393,-55.991131554498324
co_2_SH2-S-0-0_SH2-S-0-0_SH2-S-0-0_SH2-S-0-0_acetonitrile-N-1-0_acetonitrile-N-1-0_4,40.70098876953125,39.940960586923055,7.373733520507812,37.72617152188049,-30.9363749903207,-30.5810308226221,-40.98205757565309
mn_2_cs-C-0-0_cs-C-0-0_cs-C-0-0_cs-C-0-0_thiocyanate-S-0-d1_thiocyanate-S-0-d1_6,62.215118408203125,68.30630479301578,66.65390014648438,57.26626075511341,-64.17768799993382,-67.26159997001855,-59.25717233836626
cr_2_misc-C-4-0_misc-C-4-0_misc-C-4-0_misc-C-4-0_formaldehyde-O-1-0_formaldehyde-O-1-0_5,52.95631408691406,22.275838366704185,11.724014282226562,10.46266157220277,-70.37209754749483,-59.513729731108675,-69.86380356815864
fe_2_formaldehyde-O-1-0_formaldehyde-O-1-0_ome2-O-0-0_ome2-O-0-0_formaldehyde-O-1-0_ome2-O-0-0_5,30.06561279296875,31.230755683044578,37.10807800292969,38.69489045825143,-55.38210019275312,-55.94902104660153,-56.35296368865601
fe_2_carbonyl-C-0-0_carbonyl-C-0-0_carbonyl-C-0-0_carbonyl-C-0-0_fluoride-F-0-d1_fluoride-F-0-d1_5,31.558609008789062,30.64430367999558,38.59298706054688,38.99195806837857,-65.81157187249573,-65.45784865261177,-66.00433219640576
fe_2_carbonyl-C-0-0_carbonyl-C-0-0_carbonyl-C-0-0_carbonyl-C-0-0_carbonyl-C-0-0_furan-O-0-0_5,33.62327575683594,32.70217489488353,37.30201721191406,36.99517204170029,-45.59220161272833,-45.00834070176063,-45.387444520596965
fe_3_cs-C-0-0_cs-C-0-0_cs-C-0-0_pyridine-N-3-0_pyridine-N-3-0_pyridine-N-3-0_6,45.5145263671875,47.8942863685475,47.18742370605469,41.53222102288611,-39.07740374260925,-41.29445877785578,-34.32049359635572
fe_3_pyridine-N-3-0_pyridine-N-3-0_pyridine-N-3-0_phosphine-P-0-0_pyridine-N-3-0_phosphine-P-0-0_6,47.01812744140625,50.33530354276844,49.199981689453125,45.98063722861785,-47.35197265265924,-50.233061792537534,-44.804915366031395
fe_3_ome2-O-0-0_ome2-O-0-0_ome2-O-0-0_ome2-O-0-0_ome2-O-0-0_cs-C-0-0_6,46.58660888671875,43.62914888282795,45.52993774414063,44.673971201682775,-71.8350836777222,-69.14741466449914,-71.07113087818152
co_3_carbonyl-C-0-0_carbonyl-C-0-0_chloride-Cl-0-d1_chloride-Cl-0-d1_carbonyl-C-0-0_chloride-Cl-0-d1_5,13.110122680664062,17.567600480824666,10.745010375976562,12.922986554199827,-20.9939914000654,-23.555890303785265,-22.208560628552483
mn_3_carbonyl-C-0-0_carbonyl-C-0-0_carbonyl-C-0-0_acetonitrile-N-1-0_carbonyl-C-0-0_acetonitrile-N-1-0_5,36.64680480957031,33.49197228510062,25.83358764648437,24.43684212821507,-72.5762722448161,-70.62613368362777,-71.68815923225418
co_2_carboxyl-O-1-d1_carboxyl-O-1-d1_carboxyl-O-1-d1_carboxyl-O-1-d1_ammonia-N-0-0_ammonia-N-0-0_4,66.91566467285156,44.77122654717268,37.488555908203125,39.426263087155824,-32.181976295097456,-27.14428276842423,-33.013330510286885
co_3_carbonyl-C-0-0_carbonyl-C-0-0_carbonyl-C-0-0_carbonyl-C-0-0_cs-C-0-0_cs-C-0-0_5,25.565643310546875,25.83271353354176,21.169509887695312,26.60242959715052,8.431987952535565,8.159816474212995,3.4524453961904893
cr_2_imidazole-N-2-0_imidazole-N-2-0_imidazole-N-2-0_imidazole-N-2-0_acetonitrile-N-1-0_acetonitrile-N-1-0_5,12.987060546875,16.656220867193134,0.0,6.600501402464928,-68.81946111990942,-70.17791157458788,-71.71382075962242
fe_2_ome2-O-0-0_ome2-O-0-0_phosphine-P-0-0_phosphine-P-0-0_ome2-O-0-0_phosphine-P-0-0_5,33.93089294433594,33.83706789705333,38.854522705078125,38.6500476668096,-54.1503208298343,-54.09300876537841,-54.01337970429467
cr_2_cs-C-0-0_cs-C-0-0_cs-C-0-0_cs-C-0-0_ome2-O-0-0_ome2-O-0-0_5,33.18389892578125,29.35266262949437,23.361358642578125,16.050028771781054,-47.032085702435324,-44.653093082362346,-42.356569426622315
fe_2_water-O-0-0_water-O-0-0_water-O-0-0_ome2-O-0-0_water-O-0-0_ome2-O-0-0_5,37.83607482910156,32.50729731424924,39.54124450683594,38.90717608045857,-57.23506565008563,-54.74088554734253,-56.869482147880476
mn_3_carbonyl-C-0-0_carbonyl-C-0-0_carbonyl-C-0-0_chloride-Cl-0-d1_carbonyl-C-0-0_chloride-Cl-0-d1_5,29.248046875,31.830636751739902,21.0931396484375,13.232095446351057,-69.70110175764717,-71.85012069274647,-63.63432965979033
fe_2_furan-O-0-0_furan-O-0-0_furan-O-0-0_furan-O-0-0_fluoride-F-0-d1_fluoride-F-0-d1_5,23.975830078125,26.47907166963476,35.37818908691406,36.842761894838894,-74.4963764373756,-75.3747005929309,-75.19606073368917
fe_3_acetonitrile-N-1-0_acetonitrile-N-1-0_acetonitrile-N-1-0_carbonyl-C-0-0_acetonitrile-N-1-0_carbonyl-C-0-0_6,51.386260986328125,46.98525540960123,49.85404968261719,42.651458808233706,-58.56429388007143,-55.56681678274322,-53.18895122306197
mn_3_furan-O-0-0_furan-O-0-0_furan-O-0-0_furan-O-0-0_hydroxyl-O-0-d1_hydroxyl-O-0-d1_5,15.810089111328123,24.332712050774784,10.481491088867188,16.053304235421415,-75.86948950753253,-81.1486920955126,-79.01892128114949
fe_3_water-O-0-0_water-O-0-0_water-O-0-0_water-O-0-0_water-O-0-0_cs-C-0-0_6,47.23838806152344,44.16773135908572,43.11004638671875,42.15605566259668,-64.97269285010816,-62.227508942250196,-64.13890652670132
mn_2_phosphine-P-0-0_phosphine-P-0-0_phosphine-P-0-0_phosphine-P-0-0_misc-C-4-0_misc-C-4-0_6,51.698760986328125,54.161168397605145,47.20848083496094,46.11375658884288,-80.93726296505224,-82.45078604806245,-80.24578548520694
mn_3_water-O-0-0_water-O-0-0_water-O-0-0_fluoride-F-0-d1_water-O-0-0_fluoride-F-0-d1_5,28.495635986328125,29.192321627552545,18.78036499023437,19.5288331949323,-76.26438278739045,-76.65893149589601,-76.67241898763731
fe_2_cs-C-0-0_cs-C-0-0_ome2-O-0-0_ome2-O-0-0_cs-C-0-0_ome2-O-0-0_5,32.525482177734375,33.03025645587356,39.49592590332031,38.34094837515524,-43.892164807857625,-44.21399580979655,-43.08274137947552
co_2_furan-O-0-0_furan-O-0-0_furan-O-0-0_furan-O-0-0_furan-O-0-0_acetonitrile-N-1-0_4,37.31605529785156,37.044970752355134,36.486358642578125,36.13870267954931,-36.99539827495414,-36.891209345337764,-36.86190840310995
co_2_cyanide-C-0-d1_cyanide-C-0-d1_cyanide-C-0-d1_cyanide-C-0-d1_ammonia-N-0-0_ammonia-N-0-0_4,40.34126281738281,40.48613221987655,37.30865478515625,38.17894874375158,-21.999105212519225,-22.071328066843463,-22.45287853485452
co_3_fluoride-F-0-d1_fluoride-F-0-d1_fluoride-F-0-d1_imidazole-N-2-0_imidazole-N-2-0_imidazole-N-2-0_5,29.669418334960938,29.4109477127079,31.791915893554688,29.468779357801,-30.840264580010626,-30.67187111144147,-29.16124376634911
co_3_water-O-0-0_water-O-0-0_water-O-0-0_cs-C-0-0_water-O-0-0_cs-C-0-0_5,26.354751586914062,27.64663791472413,25.602340698242188,27.492499004165364,-8.552654947536666,-9.56484234303731,-10.025564801298328
fe_2_furan-O-0-0_furan-O-0-0_furan-O-0-0_water-O-0-0_water-O-0-0_water-O-0-0_5,30.374832153320312,30.923931538633365,37.235107421875,37.96619749744591,-53.27812971482331,-53.55824875457827,-53.719549774868355
fe_2_water-O-0-0_water-O-0-0_water-O-0-0_acetonitrile-N-1-0_water-O-0-0_acetonitrile-N-1-0_5,30.778732299804688,31.572728968756984,36.98753356933594,37.76469944531775,-49.30473759259655,-49.72494393184245,-49.78051398665961
fe_2_water-O-0-0_water-O-0-0_water-O-0-0_water-O-0-0_water-O-0-0_carbonyl-C-0-0_5,33.009796142578125,33.71151970426102,39.82521057128906,39.00118471061239,-53.75801661498997,-54.09300808167373,-53.27663302302589
fe_3_misc-C-4-0_misc-C-4-0_misc-C-4-0_fluoride-F-0-d1_misc-C-4-0_fluoride-F-0-d1_6,45.96183776855469,45.21328957504482,44.75128173828125,43.99392282908234,-53.239364020017774,-52.635861492851305,-52.62242043015567
co_2_water-O-0-0_water-O-0-0_water-O-0-0_water-O-0-0_furan-O-0-0_furan-O-0-0_4,34.66896057128906,39.092018782775845,33.89923095703125,37.53257609051981,-37.89998784254863,-39.496171273678364,-39.24005903623136
co_3_chloride-Cl-0-d1_chloride-Cl-0-d1_chloride-Cl-0-d1_chloride-Cl-0-d1_pyridine-N-3-0_pyridine-N-3-0_5,20.698776245117188,25.15633484943612,29.82093811035156,28.25555609643912,-9.13185125271184,-12.68813008497204,-7.899799772767565
co_2_SH2-S-0-0_SH2-S-0-0_SH2-S-0-0_water-O-0-0_water-O-0-0_water-O-0-0_4,46.165618896484375,39.70727255835433,44.09996032714844,37.87554960593412,-42.30527378262877,-39.64635651676088,-39.69106573962528
fe_3_cs-C-0-0_cs-C-0-0_cs-C-0-0_cyanide-C-0-d1_cs-C-0-0_cyanide-C-0-d1_6,42.81532287597656,44.01395025525972,40.24688720703125,41.41959985296352,-23.85890665489569,-25.096741409834586,-24.96606969476568
fe_2_formaldehyde-O-1-0_formaldehyde-O-1-0_formaldehyde-O-1-0_formaldehyde-O-1-0_formaldehyde-O-1-0_thiocyanate-S-0-d1_5,31.72431945800781,32.137066465593286,36.873779296875,37.22411650256176,-59.865949759871455,-60.101829715716974,-60.0947539887252
fe_3_cyanide-C-0-d1_cyanide-C-0-d1_fluoride-F-0-d1_fluoride-F-0-d1_cyanide-C-0-d1_fluoride-F-0-d1_6,55.21553039550781,58.35016634313039,45.81764221191406,51.24115381781637,-71.13790858750974,-73.29895973355258,-75.70609894417012
cr_2_cs-C-0-0_cs-C-0-0_cs-C-0-0_pyridine-N-3-0_cs-C-0-0_pyridine-N-3-0_5,48.209381103515625,26.44664668887817,40.46089172363281,15.888031116950284,-64.1639319448791,-53.32418157599217,-52.02011892778413
co_3_acetonitrile-N-1-0_acetonitrile-N-1-0_acetonitrile-N-1-0_acetonitrile-N-1-0_fluoride-F-0-d1_fluoride-F-0-d1_5,28.05267333984375,28.029420818657307,31.34017944335937,29.39679144380726,-39.74645616496332,-39.73489570902953,-38.617494488412504
fe_3_chloride-Cl-0-d1_chloride-Cl-0-d1_cyanide-C-0-d1_cyanide-C-0-d1_chloride-Cl-0-d1_cyanide-C-0-d1_6,39.7186279296875,39.96561834850343,36.853790283203125,40.44517031515615,-49.41239964994679,-49.65687256446639,-52.73638637825943
cr_2_ome2-O-0-0_ome2-O-0-0_ome2-O-0-0_formaldehyde-O-1-0_ome2-O-0-0_formaldehyde-O-1-0_5,15.949935913085938,25.306819071579245,2.5119781494140625,12.359923059720106,-70.3487074850949,-74.78207487961824,-74.10280541558059
fe_2_ammonia-N-0-0_ammonia-N-0-0_ammonia-N-0-0_ammonia-N-0-0_chloride-Cl-0-d1_chloride-Cl-0-d1_5,33.42033386230469,32.87027900734993,37.63679504394531,38.03489244101087,-46.08574228496195,-45.75883978567013,-46.34609578272518
cr_2_phosphine-P-0-0_phosphine-P-0-0_phosphine-P-0-0_phosphine-P-0-0_ammonia-N-0-0_ammonia-N-0-0_5,44.62471008300781,36.04833823566897,27.6605224609375,17.783548702446684,-74.82060631511331,-72.24378041481526,-71.85219574077827
cr_2_amine-N-0-d1_amine-N-0-d1_amine-N-0-d1_carbonyl-C-0-0_amine-N-0-d1_carbonyl-C-0-0_5,24.475021362304688,24.05095815166809,5.731735229492188,8.048193081170727,-58.8447706926712,-58.54385152462649,-60.43695220061649
fe_2_water-O-0-0_water-O-0-0_water-O-0-0_water-O-0-0_water-O-0-0_misc-C-4-0_5,40.5535888671875,32.62878093002422,43.98727416992188,38.15202640920073,-50.35288284482988,-46.28983539073258,-46.724921875827064
fe_2_cyanide-C-0-d1_cyanide-C-0-d1_cyanide-C-0-d1_cyanide-C-0-d1_pyridine-N-3-0_pyridine-N-3-0_5,31.028976440429688,32.442416475596445,33.62518310546875,35.42070484874439,-32.05719540994323,-33.1259225971312,-33.42095037069553
co_2_carbonyl-C-0-0_carbonyl-C-0-0_carbonyl-C-0-0_misc-C-4-0_misc-C-4-0_misc-C-4-0_4,51.16752624511719,50.9403321294508,46.49215698242188,42.8203066999537,-17.140045157484565,-17.05152656870915,-15.405655578265389
fe_2_carbonyl-C-0-0_carbonyl-C-0-0_carbonyl-C-0-0_carbonyl-C-0-0_SH2-S-0-0_SH2-S-0-0_5,34.934234619140625,34.77051470515136,37.1331787109375,37.81355129130836,-40.68795904754893,-40.564700765730734,-41.188029468038515
co_2_misc-C-4-0_misc-C-4-0_SH2-S-0-0_SH2-S-0-0_misc-C-4-0_SH2-S-0-0_4,40.82908630371094,46.35780703143856,38.44642639160156,42.56436931265258,-25.723113147199683,-28.043703432430817,-27.694750589654294
co_3_carbonyl-C-0-0_carbonyl-C-0-0_carbonyl-C-0-0_carbonyl-C-0-0_carbonyl-C-0-0_water-O-0-0_5,27.168197631835938,26.5591360926905,26.114578247070312,26.78236719223358,-7.354974562480265,-6.848488749543122,-7.8921958576848334
fe_2_formaldehyde-O-1-0_formaldehyde-O-1-0_formaldehyde-O-1-0_SH2-S-0-0_formaldehyde-O-1-0_SH2-S-0-0_5,33.23051452636719,34.17637529037172,37.55401611328125,38.81006366613796,-51.27294530772815,-51.87438994364787,-52.12107787288443
cr_2_cs-C-0-0_cs-C-0-0_cs-C-0-0_cs-C-0-0_formaldehyde-O-1-0_formaldehyde-O-1-0_5,32.79441833496094,28.821447339148204,22.083969116210938,16.68379710208367,-54.00156819036738,-51.81300762236535,-50.95683167060323
co_2_carbonyl-C-0-0_carbonyl-C-0-0_carbonyl-C-0-0_carbonyl-C-0-0_misc-C-4-0_misc-C-4-0_4,32.55424499511719,40.83637883594496,30.125961303710938,37.63922151587164,-12.964432374951684,-17.384267496193388,-17.049323652738174
mn_2_cs-C-0-0_cs-C-0-0_cs-C-0-0_furan-O-0-0_cs-C-0-0_furan-O-0-0_6,48.3990478515625,49.3904849829564,45.4132080078125,44.371328526545696,-79.99173655249933,-80.65741420364077,-79.31966975678876
fe_2_acetonitrile-N-1-0_acetonitrile-N-1-0_acetonitrile-N-1-0_ome2-O-0-0_ome2-O-0-0_ome2-O-0-0_5,29.189605712890625,30.00132360258158,35.60455322265625,37.1705268113624,-48.74412846510609,-49.204786528142684,-49.70506344369173
mn_2_phosphine-P-0-0_phosphine-P-0-0_phosphine-P-0-0_thiocyanate-S-0-d1_phosphine-P-0-0_thiocyanate-S-0-d1_6,52.19047546386719,47.06549214701683,45.0689697265625,38.87575901916399,-87.48279201990954,-84.24347251356996,-83.98143853387123
mn_3_cyanide-C-0-d1_cyanide-C-0-d1_cyanide-C-0-d1_formaldehyde-O-1-0_formaldehyde-O-1-0_formaldehyde-O-1-0_5,62.277374267578125,35.62707768458453,53.494873046875,31.456518751561894,-96.85582603501076,-83.54692553630609,-85.42724223341796
co_3_thiocyanate-S-0-d1_thiocyanate-S-0-d1_misc-C-4-0_misc-C-4-0_thiocyanate-S-0-d1_misc-C-4-0_5,17.811431884765625,15.198640590128164,9.181671142578123,6.944244369467171,-17.973399042590472,-14.382579423872935,-15.266826318069857
co_3_misc-C-4-0_misc-C-4-0_misc-C-4-0_misc-C-4-0_thiocyanate-S-0-d1_thiocyanate-S-0-d1_5,10.438156127929688,13.423850493332544,1.043548583984375,9.638778555392465,11.948948497589528,8.977387085575973,4.41088968628394
fe_2_furan-O-0-0_furan-O-0-0_furan-O-0-0_SH2-S-0-0_SH2-S-0-0_SH2-S-0-0_5,33.31855773925781,33.307051087941275,37.88780212402344,37.90004329714267,-55.20972217730787,-55.20261158635455,-55.21800792478479
mn_2_phosphine-P-0-0_phosphine-P-0-0_phosphine-P-0-0_SH2-S-0-0_SH2-S-0-0_SH2-S-0-0_6,54.37583923339844,58.07814073508008,48.261566162109375,48.38339876081117,-91.832593782284,-93.94785581216578,-91.90001578501288
cr_2_thiocyanate-S-0-d1_thiocyanate-S-0-d1_thiocyanate-S-0-d1_thiocyanate-S-0-d1_carbonyl-C-0-0_carbonyl-C-0-0_5,36.78550720214844,37.43321529936922,25.74691772460937,20.98476435889893,-54.900108657443525,-55.24137575568624,-52.245344599431846
co_2_cs-C-0-0_cs-C-0-0_cs-C-0-0_cs-C-0-0_cs-C-0-0_hydroxyl-O-0-d1_4,39.59159851074219,39.34402093929109,37.54409790039063,37.95947714963207,-14.236978530129818,-14.124430817530346,-14.437654717161928
mn_2_misc-C-4-0_misc-C-4-0_misc-C-4-0_SH2-S-0-0_misc-C-4-0_SH2-S-0-0_6,50.6866455078125,50.98050428414376,47.175140380859375,46.127619706333135,-79.86514030992453,-80.04067868968183,-79.24577416565052
co_2_phosphine-P-0-0_phosphine-P-0-0_phosphine-P-0-0_phosphine-P-0-0_phosphine-P-0-0_hydroxyl-O-0-d1_4,38.983154296875,41.831486046834414,38.282623291015625,39.05724822396289,-23.22563114506579,-24.508572699513387,-23.561523818597394
fe_2_furan-O-0-0_furan-O-0-0_furan-O-0-0_ome2-O-0-0_furan-O-0-0_ome2-O-0-0_5,27.61787414550781,28.02969472876691,35.56709289550781,36.92515025299343,-57.38023651990716,-57.58719021385446,-58.19095601785875
fe_3_pyridine-N-3-0_pyridine-N-3-0_pyridine-N-3-0_pyridine-N-3-0_cs-C-0-0_cs-C-0-0_6,37.74116516113281,40.582901922498685,35.039520263671875,37.79546847307314,-39.38149714513884,-42.388439930985435,-42.1157704135959
mn_2_SH2-S-0-0_SH2-S-0-0_SH2-S-0-0_SH2-S-0-0_SH2-S-0-0_acetonitrile-N-1-0_6,51.46087646484375,51.97719942664135,48.07777404785156,47.34648297724264,-94.08100785766464,-94.37594431183861,-93.66426944808829
fe_2_formaldehyde-O-1-0_formaldehyde-O-1-0_formaldehyde-O-1-0_formaldehyde-O-1-0_cs-C-0-0_cs-C-0-0_5,33.63563537597656,33.12827095543925,37.16682434082031,37.7972866377611,-40.055023642261176,-39.70331090240302,-40.493851489790586
mn_3_imidazole-N-2-0_imidazole-N-2-0_imidazole-N-2-0_pyridine-N-3-0_imidazole-N-2-0_pyridine-N-3-0_5,17.754135131835938,22.1564155509902,8.536529541015625,19.067731495166257,-66.84403778253909,-69.96930103565967,-74.37311652890772
fe_2_formaldehyde-O-1-0_formaldehyde-O-1-0_formaldehyde-O-1-0_water-O-0-0_water-O-0-0_water-O-0-0_5,32.63465881347656,33.23903273348755,38.65089416503906,38.73740428209794,-51.94195568745613,-52.262551308128955,-51.994804322798544
fe_3_phosphine-P-0-0_phosphine-P-0-0_phosphine-P-0-0_phosphine-P-0-0_cs-C-0-0_cs-C-0-0_6,42.69477844238281,44.94352945261013,36.41647338867188,38.11578453349039,-27.992398499936822,-29.854654404324727,-29.22559889696225
mn_3_ammonia-N-0-0_ammonia-N-0-0_ammonia-N-0-0_carbonyl-C-0-0_ammonia-N-0-0_carbonyl-C-0-0_5,27.605056762695312,32.38025182919416,13.42132568359375,26.56522145966628,-76.85090013497359,-79.35445151398596,-82.95193346095175
fe_2_formaldehyde-O-1-0_formaldehyde-O-1-0_formaldehyde-O-1-0_formaldehyde-O-1-0_formaldehyde-O-1-0_SH2-S-0-0_5,32.80921936035156,33.85554985719429,37.57926940917969,38.622411224711634,-49.8208494401149,-50.46216939224904,-50.51433999829908
fe_2_carbonyl-C-0-0_carbonyl-C-0-0_formaldehyde-O-1-0_formaldehyde-O-1-0_carbonyl-C-0-0_formaldehyde-O-1-0_5,32.767181396484375,34.36730632434498,37.65464782714844,38.21270239656547,-50.81692474241834,-51.739273120654175,-51.166814695725854
cr_2_furan-O-0-0_furan-O-0-0_furan-O-0-0_furan-O-0-0_carboxyl-O-1-d1_carboxyl-O-1-d1_5,9.893264770507812,22.85440126057819,0.0,11.796825681133765,-74.30000784224603,-78.45067653782247,-85.89633632482806
fe_2_water-O-0-0_water-O-0-0_water-O-0-0_water-O-0-0_SH2-S-0-0_SH2-S-0-0_5,43.52165222167969,35.597732200487464,47.64801025390625,39.60282695468931,-57.38099579486743,-53.45722006156269,-52.53534209287935
co_2_cs-C-0-0_cs-C-0-0_cs-C-0-0_cs-C-0-0_cs-C-0-0_furan-O-0-0_4,39.72373962402344,40.89796976517223,36.44844055175781,38.01315748081665,-10.806335630079502,-11.513329250360446,-11.699636579861837
fe_2_ammonia-N-0-0_ammonia-N-0-0_ammonia-N-0-0_ammonia-N-0-0_ammonia-N-0-0_formaldehyde-O-1-0_5,33.504486083984375,33.63919448684755,37.82150268554688,37.88898296000536,-45.607409074914926,-45.68858942868028,-45.65217853264795
fe_3_ome2-O-0-0_ome2-O-0-0_ome2-O-0-0_phosphine-P-0-0_ome2-O-0-0_phosphine-P-0-0_6,60.19630432128906,54.42451852545671,54.08470153808594,49.18369505100024,-61.08998891024953,-57.42432774197064,-57.325604796083766
cr_2_phosphine-P-0-0_phosphine-P-0-0_phosphine-P-0-0_phosphine-P-0-0_imidazole-N-2-0_imidazole-N-2-0_5,22.84271240234375,24.028119028710897,7.5998687744140625,10.891263895835138,-66.04037406040788,-66.53922338983308,-67.37333682896467
cr_2_acetonitrile-N-1-0_acetonitrile-N-1-0_acetonitrile-N-1-0_water-O-0-0_water-O-0-0_water-O-0-0_5,21.591033935546875,20.73048135393377,5.974273681640625,9.474987301851035,-66.05289519496807,-65.73518202870979,-67.3407150581551
cr_2_formaldehyde-O-1-0_formaldehyde-O-1-0_formaldehyde-O-1-0_formaldehyde-O-1-0_phosphine-P-0-0_phosphine-P-0-0_5,29.07432556152344,28.417615190319506,0.0,15.771027037835818,-70.21738554020203,-69.75989285679388,-76.83568730370676
fe_2_chloride-Cl-0-d1_chloride-Cl-0-d1_chloride-Cl-0-d1_misc-C-4-0_misc-C-4-0_misc-C-4-0_5,31.734848022460938,32.3361458273089,34.99786376953125,36.60320239047466,-45.62838514494729,-46.02559491546188,-46.75665809862811
fe_2_formaldehyde-O-1-0_formaldehyde-O-1-0_misc-C-4-0_misc-C-4-0_formaldehyde-O-1-0_misc-C-4-0_5,34.195404052734375,32.34847128422271,37.45201110839844,36.85602639311213,-38.31505901260471,-37.057147636022904,-37.90203504968724
co_3_chloride-Cl-0-d1_chloride-Cl-0-d1_chloride-Cl-0-d1_chloride-Cl-0-d1_misc-C-4-0_misc-C-4-0_5,20.777130126953125,21.736880882605444,28.365936279296875,25.729328785998064,0.0682054850744862,-0.6398564716128108,1.999781822873416
fe_2_phosphine-P-0-0_phosphine-P-0-0_phosphine-P-0-0_ammonia-N-0-0_phosphine-P-0-0_ammonia-N-0-0_5,35.02723693847656,35.90144074190652,37.63725280761719,38.05787941894486,-44.35264250518685,-44.93527351484979,-44.657794867044394
fe_2_misc-C-4-0_misc-C-4-0_misc-C-4-0_water-O-0-0_misc-C-4-0_water-O-0-0_5,34.059906005859375,32.79809074499126,37.241058349609375,37.05782911983234,-36.36957997501895,-35.53200425932742,-36.24486905762584
mn_3_ammonia-N-0-0_ammonia-N-0-0_ammonia-N-0-0_fluoride-F-0-d1_fluoride-F-0-d1_fluoride-F-0-d1_5,30.892562866210938,28.17240388794432,20.143585205078125,20.453795890213836,-73.49255590244184,-71.92912000835904,-73.65662913414613
fe_2_ome2-O-0-0_ome2-O-0-0_ome2-O-0-0_ome2-O-0-0_formaldehyde-O-1-0_formaldehyde-O-1-0_5,29.99847412109375,30.61846997251284,37.376708984375,38.23460508308748,-57.57546871256977,-57.87643226772375,-58.078074990261705
fe_2_formaldehyde-O-1-0_formaldehyde-O-1-0_SH2-S-0-0_SH2-S-0-0_formaldehyde-O-1-0_SH2-S-0-0_5,35.19866943359375,34.698562503505336,37.90687561035156,38.93413596989427,-51.76183934252094,-51.47878957604587,-52.41719580065359
