Unnamed: 0,hfx_pbe,hfx_scan,pbe-rf-1234,scan-rf-1234,pbe-mlp-1234,scan-mlp-1234,pbe-xgb-1234,scan-xgb-1234,pbe-rf-1337,scan-rf-1337,pbe-mlp-1337,scan-mlp-1337,pbe-xgb-1337,scan-xgb-1337,pbe-rf-9876,scan-rf-9876,pbe-mlp-9876,scan-mlp-9876,pbe-xgb-9876,scan-xgb-9876,pbe-rf-18558,scan-rf-18558,pbe-mlp-18558,scan-mlp-18558,pbe-xgb-18558,scan-xgb-18558,pbe-rf-66464,scan-rf-66464,pbe-mlp-66464,scan-mlp-66464,pbe-xgb-66464,scan-xgb-66464,pbe-rf-91625,scan-rf-91625,pbe-mlp-91625,scan-mlp-91625,pbe-xgb-91625,scan-xgb-91625,DLPNO-CCSD(T) SSE,pbe-rf-1234 SSE,scan-rf-1234 SSE,pbe-mlp-1234 SSE,scan-mlp-1234 SSE,pbe-xgb-1234 SSE,scan-xgb-1234 SSE,pbe-rf-1337 SSE,scan-rf-1337 SSE,pbe-mlp-1337 SSE,scan-mlp-1337 SSE,pbe-xgb-1337 SSE,scan-xgb-1337 SSE,pbe-rf-9876 SSE,scan-rf-9876 SSE,pbe-mlp-9876 SSE,scan-mlp-9876 SSE,pbe-xgb-9876 SSE,scan-xgb-9876 SSE,pbe-rf-18558 SSE,scan-rf-18558 SSE,pbe-mlp-18558 SSE,scan-mlp-18558 SSE,pbe-xgb-18558 SSE,scan-xgb-18558 SSE,pbe-rf-66464 SSE,scan-rf-66464 SSE,pbe-mlp-66464 SSE,scan-mlp-66464 SSE,pbe-xgb-66464 SSE,scan-xgb-66464 SSE,pbe-rf-91625 SSE,scan-rf-91625 SSE,pbe-mlp-91625 SSE,scan-mlp-91625 SSE,pbe-xgb-91625 SSE,scan-xgb-91625 SSE
Co_CULQIJ_comp_0_411,26.92962646484375,24.72442626953125,37.79658510586515,22.67081069548249,116.91192701510636,79.75974539420888,30.808323,12.201577,39.505521868277015,12.978512026155736,90.14110311964689,74.86634242513466,38.520817,21.238932,37.53850948394291,12.98196525808965,85.37787509225419,44.37923943893132,45.786892,25.907322,26.33721923828125,9.988507365217112,84.2698071386365,75.32763463998232,23.386011,19.355722,34.32054997087181,12.967831727739364,18.90995088846306,81.75999170211388,37.953552,6.934984,33.55257568359375,18.303092284396588,91.18447031111872,74.72373760922257,30.810684,29.016317,-0.7074930727435458,-9.530991610508355,0.834789907633708,-68.041293115333,-46.10307599502634,-3.8338197284905853,8.665340686820013,-10.927894496677265,8.099834480993655,-50.086794095920425,-41.95413755764217,-10.122986379082905,1.9101583313815298,-9.320037882411233,8.097320983695884,-46.69931832378217,-16.430165404526154,-16.05611300632408,-1.6231798247510443,-0.2311794216875065,10.276023676326052,-45.899418732778514,-42.345948182189105,2.1319568097588495,3.328704194636966,-6.692092707882633,8.107608329296543,5.6896170778421284,-47.784315844991994,-9.659298000933529,12.46145337857428,-6.067110275824755,4.126142326727097,-50.81936804480719,-41.832428652105435,-3.8357411255302134,-4.051597243960763
Co_LOFFUH_comp_0_321,35.31990051269531,33.07136535644531,35.934625687354334,24.02098875149684,76.37363316267917,49.058756749140734,33.41454,21.200111,40.82759640032614,17.101166338664402,58.15879385632792,52.65903490660676,36.30137,21.238932,34.37435374305362,18.81138907572357,58.8058815571632,28.636214462541087,37.43266,29.010746,37.34034652709961,19.7137327883942,59.956172695449766,52.572637883234286,36.037857,24.780888,39.78087535934697,17.746983271099268,19.02335516732852,56.92499620120556,34.982365,17.761274,32.103494262695314,22.986067281296084,57.878489688866665,52.86685641566351,37.908623,29.016317,-6.386750847477742,-6.903609567527904,0.8860272711986816,-39.04233094985072,-19.494542048186226,-4.7674573124427475,3.1287471235180537,-11.008902854127845,6.34748054182024,-25.114810447481727,-22.48105283006117,-7.211976642322549,3.097882749001757,-5.584907154387167,5.0114401464091,-25.62892808617936,-2.807897481219797,-8.163191360630893,-3.108202192945599,-8.08557206396867,4.306521643953527,-26.542845879806606,-22.409305194156392,-6.990408835601387,0.281874493051423,-10.137624982044109,5.8429629190121215,7.671652198909182,-26.00291371798233,-6.102735440852415,5.831798881324212,-3.6508717889514912,1.708834613905815,-24.892105987937427,-22.65363634489712,-8.56339202621637,-3.1126690999526168
Mn_MEDHOS_comp_0_3111,26.544647216796875,22.45941162109375,50.67267033135975,42.59357347132921,172.82635558294172,110.061336817001,52.413418,34.910442,42.690438511691575,48.43414272415362,132.1431164741896,101.72597437344844,38.55009,41.574577,39.07342001415434,49.47110884430946,111.74355111173972,69.86031117720198,56.857216,44.66103,47.168050384521486,51.96843709490465,145.09585536937578,123.72795076944318,46.520744,66.828545,48.2622328570617,53.12587088236734,19.085029132719136,94.1286240058366,52.66613,52.853313,54.01486511230469,48.770185259259016,146.558852770296,93.75655976946852,49.828606,40.48295,-29.170979667444502,-48.549253519736894,-45.60911252336405,-130.1736799254776,-93.70264307916614,-49.830376288788365,-39.52596633711291,-42.4015571470411,-50.15637726866017,-103.64527821694557,-88.1202600756519,-39.187169840713864,-44.80135863155226,-39.60775831729893,-50.953455626042526,-90.34329252283928,-66.09191160080546,-53.10544695965075,-47.2479759582954,-45.84889944590923,-52.85836616283288,-112.0913967700601,-102.85548723685672,-45.34482924787806,-63.89914129657433,-46.70096083260991,-53.73940283012984,-22.393468322590127,-83.02286738550123,-50.01636251932885,-53.531932224962134,-51.0089792511625,-50.414681013291826,-113.04537643343949,-82.76972790829254,-47.920726370586635,-43.93603084831998
Fe_SEDQOI_comp_0_111111,40.90911865234375,38.34724426269531,42.734517980662105,41.12350425926027,39.41975775746037,26.071034933914987,44.090557,41.712746,39.31756326707748,45.08082020822053,31.088719403316084,22.64449410876096,52.99823,40.03439,40.199049688858565,42.38244595553472,28.422649513022957,23.232312146292777,42.331177,36.45208,42.56645329793294,39.75229535131955,32.42464312664709,32.00628805639858,33.0839,38.711452,43.520021810493,44.79140508727423,19.085029132719136,25.284826882856024,41.02203,43.237392,44.25293579101562,41.806327315092666,27.561765136801355,16.73292207002381,37.429462,39.64276,-32.795754752590945,-34.681154571377526,-35.46815188378195,-31.24500578343804,-20.751389897746407,-36.08178074016161,-36.027843161218904,-31.137267543266347,-39.22724029873476,-22.37731725775055,-17.342141965581362,-45.02429549200279,-34.43365668614892,-32.06231898554293,-36.66395767534369,-19.473218938573496,-17.928436528056455,-34.26455156482524,-30.95501427814828,-34.50756384919182,-34.16040403136575,-23.81464618091203,-26.60761968392432,-24.523944889599125,-33.14946739303691,-35.49248610686569,-38.952107547489675,-9.062966994252319,-19.973394567958692,-32.91235924525579,-37.476028190181495,-36.24949861605507,-36.11673137494709,-18.527527297976324,-11.417066124054863,-29.14674234940587,-34.05401597623644
Mn_VUMSON_comp_0_111111,,,,,,,,,,,,,,,,,,,,,,,,,,,,,,,,,,,,,,,-89.99705713761614,,,,,,,,,,,,,,,,,,,,,,,,,,,,,,,,,,,,
Co_CEWTUT_comp_0_42,26.96205139160156,26.565093994140625,,,,,,,,,,,,,,,,,,,,,,,,,,,,,,,,,,,,,-10.720108972469689,,,,,,,,,,,,,,,,,,,,,,,,,,,,,,,,,,,,
Co_VARVOA_comp_0_51,22.32177734375,19.74609375,29.54062600492464,19.776533531874986,191.1093562366799,133.5938845707972,22.141085,25.247324,36.9926292373324,11.166847075377444,142.26919991546953,90.91935423593593,35.17052,21.880016,33.36220564705985,15.484590708414714,115.02331097736364,113.6028964868073,31.93443,25.96501,38.07553558349609,18.46575775146484,152.54191581767975,150.16550954645697,32.874245,35.83292,35.24193030085277,11.987542928059897,19.085029132719136,146.64108898247565,31.12015,23.824732,37.68418884277344,22.852095438164827,145.07229360435022,71.14869919935266,29.998053,29.016317,-2.6170471076591184,-7.818058821899022,-2.636947770955521,-117.52517179995556,-91.02508402995882,-2.487909188116781,-6.311809851427257,-13.29021637239231,2.947681317184805,-85.96132586773828,-57.06206635128775,-11.940208929346886,-4.04627352666107,-10.613921775647103,0.17089939355793027,-68.3531709086764,-75.16103124770251,-9.567846059734263,-6.8030999858420795,-14.09254567158537,-1.779420490251847,-92.60025674892358,-104.17566629218155,-10.256411977618571,-13.665452728284412,-11.993117084185336,2.421036103327673,-0.3134124777326295,-101.37882635515778,-8.97125475653647,-5.352874638018783,-13.802595430423857,-4.699386924316123,-87.77287652592028,-40.98254548395366,-8.14915511031558,-8.891864468040264
Co_ZEZJAP_comp_0_222,35.282440185546875,30.562820434570312,30.802183839102486,23.516327739337267,37.71711975792052,22.112139160040847,27.007568,13.314259,38.2571821610465,17.71759128677843,32.533664622472685,29.208717385358018,37.5301,23.34855,35.055815590752495,18.189246146282404,29.385889691961587,17.572713019645594,37.9962,20.998394,34.0778450012207,16.441027710269196,34.872800058025575,31.6332590625966,31.708492,24.52085,38.01066131578743,15.84049419403076,18.971570293660463,33.5069897998839,29.83512,12.989977,34.02027282714844,23.98104186381984,33.652641821471484,25.288148496506277,33.359352,29.016317,-68.38589940771612,-61.30488590150421,-58.34702110311053,-72.04712384373852,-56.31651830297415,-55.160907548107794,-43.50489680146359,-72.85924908457213,-49.93580236291125,-64.05043715527917,-66.47273244679457,-71.76589066575258,-58.10440898209786,-68.04515615411093,-50.62321507073768,-59.03305602769043,-49.724649737409365,-72.46679406610323,-54.70600622543368,-66.4989924125164,-48.07527658403201,-67.75952609782657,-69.88627428516382,-62.741988485233335,-59.799593281198604,-72.48854044114925,-47.2000298602473,-42.02322555065764,-72.51250967346536,-59.76444844618983,-43.02971875039273,-66.40770213876644,-59.019012988628916,-65.8247619304447,-60.90189737254508,-65.35970205522442,-66.19934589360854
Fe_KAWTUX_comp_2_33,42.62351989746094,41.16279602050781,,,,,,,,,,,,,,,,,,,,,,,,,,,,,,,,,,,,,-29.782293304751875,,,,,,,,,,,,,,,,,,,,,,,,,,,,,,,,,,,,
Fe_GESJOG_comp_0_3111,26.566162109375,,37.24548265233839,,83.12199797909199,,37.78026,,37.40307030610862,,58.921668624762496,,36.074596,,35.1617473929269,,62.88025453330706,,36.80355,,36.98626235961914,,56.68235353675155,,35.366127,,32.55678234276467,,18.940209053941228,,36.533237,,39.51319580078125,,68.75220490915274,,37.6019,,-25.538230312449738,-34.168554432072746,,-61.10354616213044,,-34.58656361112427,,-34.29173295874219,,-48.75209807687738,,-33.25332986161084,,-32.53980095372148,,-51.04077612666151,,-33.82311738989473,,-33.965934664749255,,-47.39481608671467,,-32.699554451398726,,-30.4720942463565,,-18.54928443047825,,-33.61182699827468,,-35.94111438744461,,-54.23503270584804,,-34.447148361952564,
Fe_LELJAQ_comp_0_111111,50.56221008300781,54.63493347167969,42.91754657144773,38.50516792295967,61.81898555885737,33.16865151662974,53.37894,25.822744,40.9078083824119,42.26873955086488,42.76176231183556,47.63082568177244,53.526405,29.445808,43.74710735436642,42.06258528738312,51.65057813165502,13.848931071726607,43.574238,38.86954,32.58735733032226,32.60085965670072,34.99743011835537,35.839164715116695,36.62542,56.230053,38.40350091653085,39.06171564404928,19.085029132719136,25.668947663127064,35.91475,22.5366,47.4384765625,39.08524742614509,58.4765149633765,23.89899770800275,33.93723,39.64276,-58.31901165944828,-52.57381558150841,-46.49816126194301,-66.62151596685305,-42.58725169920302,-60.39651291458182,-37.19290828847427,-50.9937672994043,-49.25632541790296,-52.4513386075812,-53.18597396179715,-60.50527655438703,-39.85749797910035,-53.22601301553361,-49.10524358491279,-59.12174990165167,-28.114966757253683,-53.09010380711769,-46.76519430971968,-44.33612954267634,-42.171140804835986,-46.27967121181185,-44.54435907228214,-47.58152967689276,-59.48798782071452,-49.00339280792156,-46.906031797476025,-33.354700963063564,-37.079798463837534,-47.013234127497995,-34.69170019659395,-56.012249307537466,-46.92327725586488,-64.1562579876281,-35.74036004802145,-45.424699893983856,-47.331854891614434
Fe_GLYCFE_comp_2_111111,31.476593017578125,37.3626708984375,33.61060772489939,38.08245193213239,41.90388264521085,36.01303288431107,28.455132,36.656357,35.455956320430204,38.0921556367858,22.564353481265677,33.89304890903551,34.77992,36.48472,36.32820196121458,36.86612400078144,32.94372092415635,10.587165240871345,32.909912,39.203903,33.61203474564986,37.470601438363104,36.06822519605512,31.244658338800484,29.782639,46.34136,35.88746694588335,37.64492036032299,19.085029132719136,32.37801724055462,39.836227,41.247475,34.71244812011719,36.58354064645325,39.23329059170298,37.05094121814338,34.242374,36.630825,-49.89680894258413,-51.0438707856913,-50.34112963351946,-55.2500249644294,-49.06372128941155,-48.24285932672503,-49.46083157706066,-52.0243821978148,-50.347119523921826,-44.712365779850025,-47.739703740256275,-51.67239195130163,-49.35488370913683,-52.47143995012874,-49.59031628311805,-50.68541010905375,-32.19383928852836,-50.66723735497319,-51.03337751492897,-51.04463782864854,-49.96344734297019,-52.33819236154633,-46.068072205802835,-48.98208264710502,-55.3467493495282,-52.24554715559113,-50.07105070425262,-42.496726304971865,-46.78343439645495,-54.26943092373811,-52.27974952278114,-51.636124903146154,-49.415883591438295,-53.96040399040874,-49.70440001876429,-51.38345370470698,-49.44507121674307
Fe_CACDOC_comp_1_111111,34.68589782714844,38.54103088378906,37.8268718042744,38.013322353462016,43.74504858044532,35.728872301475725,35.014576,38.116795,37.45335157230269,42.27099917429696,38.89689297606748,39.98785129001325,34.04055,33.944942,37.66651274423751,34.20754582757555,47.46136611214104,28.519254200845623,33.707798,37.04514,34.33013763427734,34.38970173235871,35.01222219049134,39.117122023716966,36.240837,44.934093,39.89136288729652,40.28915885683089,19.085029132719136,36.72799483115616,36.75169,39.0347,31.409567260742183,38.653461282649225,44.0739192357778,41.525729210414354,35.35884,36.630825,-43.58237370508847,-45.43636315640103,-43.224434147649546,-48.7856339379251,-41.674943969476075,-43.78739691143989,-43.29461727526086,-45.217352676281806,-46.06341016669239,-46.06376116730685,-44.563711927457106,-43.17876326231159,-40.44799521284016,-45.342337955825535,-40.63033214861289,-50.753980865040404,-36.651090631551405,-42.97064382553386,-42.56773821942565,-43.35988558567431,-40.756810691662736,-43.78601677481951,-43.97311619751274,-44.506404845612025,-47.81237280926919,-46.64686032520973,-44.76185456795728,-33.09525347918817,-42.352625910994384,-44.80593925157914,-43.917211225502705,-41.533217492890955,-43.65862573024933,-48.96785622645881,-45.57396089799412,-43.989253243370726,-42.28671783878228
Mn_FAMBOL_comp_1_111111,48.32221984863281,45.51200866699219,47.1875535101569,43.92492986990933,45.30441052040624,32.60684768704147,47.599995,43.920467,44.44683020403171,59.111369810630485,36.11100601248012,36.03919536097489,37.974792,42.413696,48.22932117126376,50.75762245862234,47.41201586563647,16.281004294658466,45.64853,44.374405,45.40740051269531,49.136182450441154,34.82673158601985,25.708322708573128,45.058167,34.695274,47.34291574782784,50.82718513973177,19.085029132719136,22.36423211149333,46.666782,45.611244,50.7946533203125,53.37595586771104,44.18742301801467,38.31061545482454,43.367348,40.86393,-85.84827437248691,-85.24099496197438,-84.9896738309833,-84.23309532068761,-78.49247604307165,-85.46174273945445,-84.98721871544008,-83.74337797310461,-93.09780688940789,-78.78030193636144,-80.50644405727299,-79.89985500884762,-84.15831333003528,-85.79857197957132,-88.61083412437273,-85.36113216281444,-68.47892351989805,-84.41727565214947,-85.23693924552718,-84.288217834936,-87.73954210028238,-78.00753215852804,-74.45882797705913,-84.10130036022127,-79.71788331351138,-85.3241482564774,-88.64944433366887,-67.39650649740065,-72.36274556256026,-84.9622665695282,-85.90006702772192,-87.15251174572897,-90.06411912316298,-83.59013080064929,-81.83922495548106,-83.10566396824726,-83.30575552031021
Mn_PUKJIR_comp_0_111111,49.53521728515625,43.7152099609375,50.02565412544556,62.87223416842456,50.159460624755646,40.707041304067765,36.358376,48.0458,62.33183247008479,64.83136008997113,44.68519822227231,41.51451523289337,45.6937,65.41491,63.48817079519296,70.88079040925581,51.73889792614665,38.09849033234692,35.370396,32.229088,57.526213836669925,61.526018676757815,46.44783726085232,43.994881262082025,54.173065,52.595917,50.28032436842498,71.99582831276788,19.085029132719136,37.29866735410434,43.760628,84.659225,62.46272583007813,61.24675206373978,45.362922033291,47.94905409469834,36.421825,45.025913,-91.63308643253232,-91.87426878299452,-99.90025856531173,-91.93434896452766,-90.32811539971259,-85.26296191963569,-93.48160159119139,-97.25838561168533,-100.71400887610325,-89.24480298117652,-90.67840709935771,-89.73474079983447,-100.95216539173211,-97.74435804094571,-103.1510044033862,-92.64352886443571,-89.18674825604677,-84.77679186948946,-86.59572002532113,-95.20446984320444,-99.34108916089112,-90.1074066467033,-91.75441909316933,-93.73648922460606,-95.49373611022658,-91.98861774592369,-103.58281119177684,-75.90909998379345,-88.83567578943031,-88.81266059757476,-108.68329344550637,-97.31339595143521,-99.2250918732039,-89.57128295537012,-93.44058987328675,-85.29418421513937,-92.20143626159185
Fe_NOZZOU_comp_1_111111,29.59228515625,34.45884704589844,31.23903684156216,37.54485201483489,34.21040448927268,28.129845560797705,26.80342,32.274258,33.61938699466313,35.67467732119953,27.6379651260358,39.25803769284079,28.247223,36.48472,31.77334942166767,35.34885474582441,38.515063069956106,7.050321092644476,29.885056,34.14424,32.34431457519531,37.21897690009632,23.113055668260536,23.177891831403688,30.291845,40.98293,34.03294281448353,33.97559872672671,19.085029132719136,22.986876283355446,34.13083,36.31129,31.172662353515623,35.453222252792955,41.70467807528992,37.7712001872007,30.076496,36.630825,-42.0047928976328,-42.98160106499301,-43.98469727026429,-44.712080140976404,-37.801968057412864,-40.25922240494681,-40.55929779002818,-44.367880590728895,-42.792835108711955,-40.78157545959927,-45.07651034648526,-41.1629181834469,-43.3090752339743,-43.29277654023914,-42.58518841116507,-47.084085347532096,-22.654196150336325,-42.188059956935476,-41.79662511766962,-43.625297913707186,-43.77701708938588,-37.85576141360151,-34.443103468380066,-42.4299710221646,-46.162426940406405,-44.60872917555541,-41.685038772993956,-35.084907546629545,-34.31073104863305,-44.66573717538124,-43.198548310804235,-42.942945578240256,-42.65170181382991,-48.76017751645879,-44.12894893985294,-42.30455505796338,-43.402187937138464
Fe_SANLAU_comp_0_6,42.691497802734375,42.43614196777344,38.821897577369626,49.64161295073362,246.41704487922956,178.64826946877332,37.708454,46.480724,38.9778728404631,48.0014178483442,222.9959953598704,149.78343138216172,29.447464,39.656525,38.24639619252039,48.27280013315038,202.5796877885702,188.82650117927216,26.943665,38.739647,37.89293594360352,42.07148175920759,205.18350878565496,229.97377365388604,36.78315,38.3076,38.140061011057576,48.9427619258941,19.085029132719136,221.473967462982,42.857296,45.92103,34.29671936035156,46.72486476188082,228.5900771450683,125.12824117971644,37.27,39.64276,-21.16180247001239,-17.336014902961676,-27.527291070806665,-170.4789047487428,-123.38399042013565,-16.206343988859953,-24.753350564771438,-17.494263350945285,-26.08788471922869,-154.25385751825195,-102.80994568752251,-7.6831731092424205,-18.67885430216836,-16.75212615574263,-26.326045035575632,-140.11036004847514,-130.6387477093454,-5.02734762173742,-17.864459603389015,-16.39351457397229,-20.835823952170404,-141.91416984882267,-159.96736621666315,-15.267554600024146,-17.480704309420226,-16.64424124438677,-26.913991712397806,3.469322824556678,-153.90894343024485,-21.32384284996891,-24.262172961956715,-12.728529973964008,-24.967604200097135,-158.12918518454808,-85.23641956573645,-15.76149995631215,-18.666627873975408
Fe_AQIYOO_comp_1_3111,30.836944580078125,34.91455078125,37.189945705483936,37.62907348601728,86.71025116348737,41.032293863492406,33.595154,31.759846,41.62700606698726,37.37264758053055,62.69271710356342,46.95755915257873,43.98683,35.85167,39.28969993888557,36.3931697285169,50.46033843873432,23.743452216004474,44.80275,32.29785,34.82908006147905,38.184440462516775,74.54064325652007,60.74261296871458,30.664349,40.63637,32.79747568737703,36.962373960283074,19.085029132719136,32.37027879227246,34.46391,33.397766,32.85240478515625,37.45669165398357,80.27130966978604,38.39673542554984,36.35579,36.630825,-56.715966274987295,-60.75555042129721,-58.332233139109896,-82.79204713668791,-60.61853753700871,-58.52464652629695,-54.837652063214605,-63.36722206834265,-58.17955527497563,-73.85036668167028,-65.06430828450802,-64.71775616953228,-57.2739540723564,-62.01129227905664,-57.59636698076485,-68.17053316502927,-49.912640207592474,-65.18470955890479,-55.15798358923487,-59.333789990048686,-58.66290270863603,-78.5695114249321,-72.69800646659786,-56.60277958198555,-60.2830809209524,-58.0015712683988,-57.93527535352573,-48.07008743882385,-55.201108223171495,-59.09433077314113,-55.81288163975884,-58.03759086618942,-58.22959573248554,-80.63174370019965,-58.789304686083774,-60.25669002201701,-57.737868671794914
Fe_AQIYII_comp_0_21111,21.634063720703125,19.86557006835937,,,,,,,,,,,,,,,,,,,,,,,,,,,,,,,,,,,,,-14.144512012306905,,,,,,,,,,,,,,,,,,,,,,,,,,,,,,,,,,,,
Mn_AQAWIY_comp_0_411,25.744400024414062,12.642745971679688,40.52834591916928,22.46037619095796,183.6391789212836,129.73993052013256,33.007793,18.879616,36.75322725331464,14.942690458963158,140.62446547393697,115.64108810998584,27.227976,24.560555,43.395354381742926,17.0977319602717,137.63835782066218,74.09197135214173,35.109028,16.369827,32.2309211730957,17.339916229248047,121.95801785549826,112.92428811741898,36.15062,20.18337,40.168932804847685,19.959221481141583,18.96478822373916,125.13346962244027,53.50279,25.852665,30.82333374023437,18.775058465147303,138.17350901519458,115.0678327364705,31.979607,29.016317,-57.51152081477017,-66.3052883362795,-62.94083154616677,-114.20591694941207,-101.75499235687154,-62.00061482186698,-61.019772574082744,-64.18507975265591,-58.83986128620569,-101.65970363527194,-97.6620873814222,-58.449050896219426,-64.05144013648679,-67.83821450495661,-60.033754822523846,-100.78873785183526,-85.03551913005728,-63.254442565331324,-59.63096362159637,-61.53574256917539,-60.16776914839176,-96.21521232359957,-96.87339821933361,-63.84399656693157,-61.73671377057448,-66.11311807396547,-61.61717966980385,-52.97652911022602,-100.41773315651272,-72.84695678785256,-64.71599282699061,-60.693456469829904,-60.961914945232934,-100.94482679219608,-97.49567089826643,-61.38535870695468,-66.3194668299239
Co_DABUCO_comp_1_33,27.456588745117188,27.044448852539062,,,,,,,,,,,,,,,,,,,,,,,,,,,,,,,,,,,,,-5.3094808100684086,,,,,,,,,,,,,,,,,,,,,,,,,,,,,,,,,,,,
Fe_CACDIW_comp_0_111111,34.106597900390625,37.96745300292969,37.8268718042744,38.013322353462016,43.74504858044532,35.728872301475725,35.014576,38.116795,37.45335157230269,42.27099917429696,38.89689297606749,39.98785129001325,34.04055,33.944942,37.66651274423751,34.20754582757555,47.46136611214104,28.519254200845623,33.707798,37.04514,34.33013763427734,34.38970173235871,35.01222219049134,39.117122023716966,36.240837,44.934093,39.89136288729652,40.28915885683089,19.085029132719136,36.72799483115616,36.75169,39.0347,31.409567260742183,38.653461282649225,44.0739192357778,41.525729210414354,35.35884,36.630825,-43.31478260497363,-45.531367288966486,-43.345863118068685,-48.88099041944273,-41.79829809205352,-43.882131909896245,-43.415959047192715,-45.3123210633063,-46.18155428331849,-46.15886769990945,-44.68347692249602,-43.27345217895391,-40.573048753637295,-45.437326742177156,-40.755115587517146,-50.84934342602109,-36.78202759222717,-43.065317244071245,-42.68998309665167,-43.45458799001782,-40.88140677360753,-43.88075154801846,-44.09361497367541,-44.601257196112655,-47.928628203659855,-46.74206202766365,-44.88140424748114,-33.18968429452585,-42.475138052854085,-44.9008404902397,-44.037779460368014,-41.627783870084755,-43.779515242675025,-49.06322538690351,-45.69263357577665,-44.084021187573676,-42.40931186761956
Co_ENGCOA_comp_0_222,28.288116455078125,28.121871948242188,36.23143769927684,23.89964723232718,42.06993923729864,33.41306184135511,40.07254,18.780272,38.57880963735104,16.405808947320537,35.63080946899799,34.5402713361582,43.62203,23.34855,35.09756364665507,15.849025878396196,40.0529080525512,31.78677771855291,40.0661,26.834824,38.60758514404297,15.917322133382164,37.26670388184415,39.50370324490247,39.84605,32.943726,38.9939559361275,15.309611263729275,19.085029132719136,35.45091022437745,39.773026,12.812388,45.05816345214844,24.61373068677758,38.02974381402596,26.107518210997306,40.82661,29.016317,-12.83751987258256,-18.72284227965269,-9.71056868480631,-23.051155737426317,-16.82359073853769,-21.5731730179957,-6.00125574820334,-20.46482974939067,-4.314762326425545,-18.277115365163358,-17.678141311711205,-24.19963085618272,-9.308798685833821,-17.88139301467229,-3.9192998735402385,-21.558646288168102,-15.590685909674106,-21.568407716930498,-11.879101840919995,-20.486184086672996,-3.9678081814020594,-19.49111452855555,-21.49086842632691,-21.40525030953921,-16.467781801432395,-20.772910304860712,-3.5361735923290007,-6.0804406258502635,-18.37350237063346,-21.351059113450145,-1.8053022025411285,-25.26201937289212,-10.23116158916421,-20.05736735760697,-11.337500055995305,-22.13114981523747,-13.503591182907538
Co_ADETCO_comp_0_3111,25.69892883300781,24.11689758300781,32.90210267881903,22.794864241942136,78.8832694647809,48.3364021829122,27.476492,8.029862,39.32182773980222,11.874251103836787,61.00584497402673,51.54121902447807,38.51865,21.010363,33.03123503315024,13.05928237370237,55.7899625974661,25.735921099262463,38.448326,22.592976,30.81159896850586,9.457802866926096,60.08272991044424,51.27104593364415,26.714666,20.66089,36.21728286151945,12.354506018350992,18.989776578536294,53.6462635816315,31.11033,3.601116,35.832439168294265,18.330139481768786,64.41544793828241,49.81484843288067,31.977959,29.016317,-7.007767517684441,-12.462317842049753,-6.036120899955797,-46.87654588517351,-25.546620664245737,-8.347676996826008,4.246494447404044,-17.37773440724054,1.6562471040899742,-33.89596251423414,-28.08386216026238,-16.761468369209815,-4.724594493243585,-12.560762630350494,0.8467675720115491,-29.97495058573278,-8.205169132621517,-16.70750983586059,-5.887742319830158,-10.868610391507666,3.2970377917761584,-33.20914415326736,-27.86898026048531,-7.7734167988647584,-4.467747898150095,-14.99566444038734,1.3281911840774843,-2.0365506608231474,-29.758107260543625,-11.096349700580223,7.169866150698795,-14.70037974021201,-2.8120822402044627,-36.43278377503067,-26.712097896774612,-11.757791627128745,-10.649570311249091
Fe_NEJBOT_comp_0_111111,31.924362182617188,37.498321533203125,33.350047495652646,38.47874461504948,47.34578980659057,41.44969672524028,31.53863,30.4079,34.11770220904213,38.797493260395456,32.369182622198785,43.18542320625556,34.867344,36.48472,31.409049321294347,36.04583250372317,34.8899513344134,18.25225683465665,31.410887,38.187428,31.9514741377397,36.85211940309866,39.00199137817606,35.80453028825101,31.400942,36.899036,34.367195488924054,38.721196688697454,19.085029132719136,40.6920946758628,35.45123,37.568707,33.27457275390625,37.90833218700536,40.413955229642525,40.49846829098393,32.47138,36.630825,-47.64964421990272,-48.4420355332252,-48.26872574770575,-55.4628546603392,-50.12196238778933,-47.43525223046669,-43.112104376370404,-48.86869694594715,-48.46998964713831,-47.89687221266232,-51.19077975770557,-49.28534680165281,-47.009661041238466,-47.36323147103709,-46.73253920808685,-49.29791192640285,-34.8880042060835,-47.36425285028352,-48.08478294898197,-47.6647104230234,-47.241643945625626,-51.42091223559136,-46.58017644345477,-47.35872543323585,-47.27126796874961,-49.00736496087933,-48.4218145544517,-39.9033358495484,-49.65544981295948,-49.59155158265684,-47.69411085377776,-48.40008677764972,-47.90855659489775,-52.137114342799514,-49.5362194816278,-47.95367337186659,-47.10191449064427
Mn_FARTOH_comp_0_3111,27.43492126464844,16.2164306640625,35.95970242735951,27.10245600895955,126.2505567542432,84.93995368450514,38.812664,26.610579,45.626797973290586,22.285413428141045,96.33027783329126,82.6116353696282,40.23657,24.282131,41.297159583682095,20.14377149494645,92.16500653640657,51.77994431398783,32.42291,29.950335,43.95741424560547,25.53237518310547,88.75246821387321,83.55181708215729,45.08492,46.677998,41.491714452783135,28.295347784435943,18.866599656895485,85.72474818735759,30.51403,20.157864,49.76740112304688,30.231573113247045,96.11403016955892,81.6926529924748,35.20225,29.016317,-60.43366218743245,-66.13262793064769,-67.07133633912295,-100.32576052802388,-92.23829550513699,-67.91563695149618,-66.78571094278037,-71.92700956905233,-64.20627910582579,-91.77009095020394,-91.48651044512796,-68.79615011608564,-65.4156676616352,-69.41692223775426,-62.90911155386415,-90.56646820744038,-79.78036621655501,-63.825709165527165,-68.72505576640873,-70.97399196205586,-66.15961460786527,-89.57071476921224,-91.79008344056284,-71.63066733921076,-77.43113895875165,-69.5307968606348,-67.76403020356065,-54.213108282299636,-92.47172981387766,-62.561214265272824,-62.917647219886554,-74.19142264869197,-68.88204085544605,-91.7082551777916,-91.18978245173415,-65.65924457918682,-68.18268591260033
Fe_CEHHON_comp_0_111111,35.76141357421875,38.43231201171875,40.70308820550952,38.20903278181123,53.34510915703844,43.25851331077485,40.93901,31.529732,38.8197972562839,35.52410880130771,49.272381315107054,39.14525558072445,40.068047,36.48472,38.13085440540091,33.02930387788166,37.59454376895586,43.34156121588025,36.891552,34.993103,33.52520408630371,33.39345439545026,49.36861165838703,51.52761733107788,34.96179,36.630707,37.600261533430015,38.172306643894736,19.085029132719136,46.58520012668606,36.37662,33.748493,36.80012512207031,38.70077408220715,42.97876779828596,42.695291296010105,37.056023,36.630825,-39.44509238753028,-42.66475159747702,-39.28559254321189,-49.86227919814256,-42.792749509936506,-42.80834671577384,-34.42069839659697,-41.4594832742726,-37.3677060926186,-47.69251722136874,-39.95435226743896,-42.278230219808506,-38.053886861846415,-41.005717357388164,-35.5323821397732,-40.65248125461207,-42.84952919310836,-40.18946214614229,-36.988213361419376,-37.8883210289826,-35.80233932983606,-47.74685427356506,-48.358069833574184,-38.91626759669584,-38.158167836390156,-40.65624720796483,-39.25935844392113,-26.333611775617708,-45.05691675656696,-39.85030688701788,-36.065541548215535,-40.129244667960364,-39.636851641821295,-44.0498566956987,-42.407675768303044,-40.297789468242016,-38.15825212577891
Fe_JOWGEH_comp_0_222,31.26571655273437,34.02214050292969,39.03124911970624,39.28358780737494,43.79248981738995,33.8292894213331,33.84675,37.071156,36.5454343573539,37.52953918102691,40.56477576732865,31.241209451803154,34.286526,36.48472,36.8999487397165,36.80646132116799,41.59453119400596,42.9407578668939,32.913303,38.20511,40.017514038085935,41.21972413302387,45.69458275467193,47.441091251008615,40.66085,39.901375,37.60105951303134,39.94566409746806,19.085029132719136,44.58861010346914,34.769688,37.318024,36.65141296386719,37.7936941290405,39.46273162513859,35.800566837251175,34.442616,36.630825,-34.80255999245173,-40.24088724783125,-38.72716528012343,-43.172897469233206,-34.62132478079337,-36.676486078145054,-37.17472163838597,-38.559262033025334,-37.496365023050984,-41.23527543993867,-32.18937576417908,-36.995781687036626,-36.76322473418707,-38.79908695217102,-36.98898774603063,-41.85344568939979,-41.29336885156333,-35.99876485590234,-37.970407033729956,-40.906749936773245,-40.08573484971252,-44.304275647500354,-44.36678256741153,-41.292949554430955,-39.16066103621435,-39.273380359964044,-39.19173830039641,-24.70725730376772,-42.44965205028908,-37.34657733068992,-37.347946709401,-38.63095534647806,-37.68172019111095,-40.53278022065922,-36.283160569522856,-37.10910949844945,-36.86574530793762
Fe_DETTUR_comp_0_33,42.75962829589844,42.93144226074219,,,,,,,,,,,,,,,,,,,,,,,,,,,,,,,,,,,,,-32.972109862353136,,,,,,,,,,,,,,,,,,,,,,,,,,,,,,,,,,,,
Fe_EVOKOP_comp_1_111111,46.76177978515625,40.55198669433594,48.17229408129781,39.04139789373978,30.57481282262589,22.01854992368861,47.898605,30.653025,39.61432569697383,42.798671994581966,29.322291614702262,22.474353575847243,41.11087,30.511452,39.79642759755232,43.64032246434155,31.54552543512341,25.323775679273805,48.74829,37.39639,51.3154525756836,30.63047050495552,28.00678402068351,31.47731195085713,37.659153,23.697126,43.916775518972536,42.01037383791,19.085029132719136,19.62249074470527,43.083084,32.155518,49.17686157226562,41.212691473323886,25.528889325783293,22.81887619592146,37.441113,39.64276,-61.60275806509162,-62.68373951685635,-60.34800445551247,-47.623221786915174,-46.15420930240781,-62.47399538753796,-53.35194123393874,-56.082922532804915,-63.45917074145467,-46.451039751865125,-46.53375078122077,-57.290067265380024,-53.2337554529589,-56.25334405944751,-64.15460877753833,-48.53167098391708,-48.90684911412773,-63.12515925448805,-58.977426170805956,-65.06234711462862,-53.33311263942257,-45.21991140136241,-54.04005971019151,-54.25315845670409,-47.551936686306775,-59.42747366283415,-62.807816596686095,-36.87041541308417,-44.1595847141926,-58.79240681040227,-54.60622918871634,-63.45359899658231,-62.14870847879388,-42.90095374401235,-46.820630063754415,-54.04910397099522,-60.84904390171954
Co_DAYKOD_comp_1_2211,25.22621154785156,23.66058349609375,40.24687056459112,22.76520062770143,88.87735901477213,46.74290183390056,32.697132,22.320063,36.10611534273521,12.589378631678574,66.62435605498037,58.96411879859277,44.688812,21.010363,36.14623314341637,16.877589161455727,49.86343099474168,28.01590003902262,48.864986,25.035429,29.6384651184082,13.739088863796658,56.80856293140188,55.56337525386845,22.894447,22.114468,31.729272684820813,14.472632612500872,18.878702763190283,55.47964559379638,33.8485,13.498661,37.119970703125,20.68838119952097,70.28943567460799,43.14500000854793,26.619415,29.016317,-1.5443672327171498,-13.638531406202024,-0.8491380998908422,-49.829681237368675,-20.10794237745899,-7.52419824164579,-0.5034953224853929,-10.282147977546849,6.783777636841695,-34.113920655417544,-30.001147922946473,-17.219409077578934,0.5134673366937001,-10.314677619685105,3.639653275312782,-21.342009727987925,-4.9752601830047425,-20.547156173495843,-2.612512814614236,-5.056726233042628,5.955806097808971,-26.7513739116368,-27.275738912554484,0.26317958121302754,-0.34385384893119864,-6.742026967440686,5.427539644579664,3.336255237994255,-27.20863665476986,-8.454671257212365,6.128951837363999,-11.104235716492134,0.7634814376499727,-36.831922207826096,-17.18014105909201,-2.653438677636916,-5.768333663972931
Fe_MENXIN_comp_1_2211,51.7669677734375,,41.98387230161792,,71.34130713576413,,40.68481,,40.66272222866235,,53.89918558745459,,53.602665,,40.517017857274965,,54.34458271526265,,51.372917,,31.362928009033205,,48.47218207684372,,31.857586,,36.3324332221898,,19.085029132719136,,37.487038,,42.458251953125,,53.92080334479866,,34.375095,,-61.05136251982685,-54.304156390747096,,-74.55141476018176,,-53.408218097519324,,-53.39298458629449,,-62.52191887626532,,-62.31741432810001,,-53.29249508270867,,-62.8291007119632,,-60.77960000236676,,-46.97909531391173,,-58.77901889634741,,-47.320251419824665,,-50.40646751408782,,-38.476833068696905,,-51.20277623053317,,-54.63132691581268,,-62.536828227875425,,-49.05652897467049,
Co_GASCEI_comp_0_33,25.341949462890625,24.72763061523437,,,,,,,,,,,,,,,,,,,,,,,,,,,,,,,,,,,,,-2.042517519997773,,,,,,,,,,,,,,,,,,,,,,,,,,,,,,,,,,,,
Co_SEVMUB_comp_0_42,25.73974609375,24.675750732421875,,,,,,,,,,,,,,,,,,,,,,,,,,,,,,,,,,,,,-11.896205867782328,,,,,,,,,,,,,,,,,,,,,,,,,,,,,,,,,,,,
Co_YICJAV_comp_0_411,31.167984008789062,21.71836853027344,35.60896073874357,21.57311098518886,96.09818298119518,72.31522734012766,28.079748,17.645346,34.72121301635855,11.688246479299236,83.02906946825415,65.27575518711564,31.169022,26.474281,34.87819780258905,13.887508004739498,70.25956993997104,57.3071924345758,44.299534,26.758335,33.25889892578125,13.541859859890408,83.81556908485413,79.25567765897152,35.18905,39.01687,29.744291919390413,13.003151524256142,19.085029132719136,81.65262702524032,32.016106,15.558952,37.11847839355469,19.529171694431508,77.64134862058496,59.05142510052151,29.531916,29.016317,-7.0584237100842975,-10.705852475668259,-6.949766398320173,-56.494824382919035,-47.04644573670463,-4.556812575802892,-4.064408399543175,-9.975506750662444,0.20883420533984065,-47.25675209200044,-41.26232149351006,-7.059271571755792,-10.63000921910796,-10.1043862377312,-1.354087039500475,-38.173722240603794,-34.86084652837839,-17.84514740333078,-10.845251369731043,-8.774993666227022,-1.1084496641473367,-47.83182416522171,-52.71577782079938,-10.360061938441563,-20.283138479613598,-5.894106187847029,-0.72561265599897,2.6516847185542063,-54.670874374540126,-7.754700434931438,-2.550317623752017,-11.94891885299442,-5.431495875416436,-43.27301610681558,-36.27022965021119,-5.723483498325679,-12.556239075407486
Fe_BQIFEC10_comp_0_21111,34.191436767578125,31.133041381835938,,,,,,,,,,,,,,,,,,,,,,,,,,,,,,,,,,,,,-32.395628122433784,,,,,,,,,,,,,,,,,,,,,,,,,,,,,,,,,,,,
Co_AFULAO_comp_0_411,21.82823181152344,20.937728881835938,34.17840053012924,23.961597372999968,134.69004038678693,97.82738165317996,30.33096,19.363377,35.18304137833248,17.073589947437043,106.15312357364604,89.45710284429718,33.486122,26.474281,34.60781933408795,17.781742295635222,101.54828422441568,58.57167570345956,28.431627,26.235779,31.90549545288086,20.18057405259874,97.32059649633396,90.81260660268408,32.595665,26.414328,37.14587099283715,18.306625329426357,18.976900109339525,102.18175600341526,35.522095,25.926096,32.89949340820313,23.42814574491324,107.57962959219948,91.33622023684792,34.044647,29.016317,-5.074985314940932,-13.333679926315877,-7.047140425263359,-82.6771409533545,-64.00665487677408,-10.693997320200424,-4.067703062823252,-14.026051114668965,-2.644471144028267,-63.291615918025535,-57.05108887658603,-12.858715965142464,-8.731350358173518,-13.628298995453415,-3.0846278058441188,-60.16348441479788,-32.41830469185156,-9.420768363852783,-8.56844809282664,-11.774267129475971,-4.581169974879437,-57.29155726054618,-58.17212375505617,-12.247784142808408,-8.690401101922664,-15.405958928312442,-3.410872242631085,-3.239819406878416,-67.60637170863691,-14.264412477431058,-8.35692759304292,-12.456237154127757,-6.6992251017917575,-64.26066132390417,-58.6094274308441,-13.241913240327143,-10.46761849426175
Fe_RUHLUB_comp_0_411,42.60002136230469,36.37794494628906,40.59972805852497,39.73958882584764,179.59605878225773,125.17417978711786,47.57468,31.068512,36.78952663315218,44.20955779774308,137.6654712833584,112.97954526884122,44.265213,37.58794,38.887809180607874,41.26655703775244,128.6041816052919,72.37042492094754,40.32535,27.642818,33.40064697265625,38.80542500813802,120.53245532492208,113.62422850870756,42.96457,34.92828,37.04934831900864,42.97098881615533,18.95721211501857,124.59337590958106,37.077652,36.690624,42.098794555664064,39.5121903817582,135.11474040287587,110.60435012728348,36.496395,39.64276,-31.01796191234598,-29.16044665784527,-34.38722026702445,-131.81009662121295,-113.05390140742823,-35.590915308585046,-25.869672632110913,-25.5805607169209,-38.71537290434107,-103.39597410662445,-102.23652715732656,-32.56431320599912,-32.230711219074585,-27.556291037874804,-35.871930518564824,-97.25562143306567,-65.6495010339743,-28.905651914483236,-22.578263544984708,-22.37245471359143,-33.45094632633408,-91.78584308949554,-102.80839996482648,-31.356501615042507,-29.568201539251028,-25.825207265313736,-37.51870330512373,-8.380264062078433,-112.53869343626603,-25.85185784237594,-31.3313683292757,-30.55251957167276,-34.1593081671141,-101.66747984830582,-100.12958621336097,-25.30454972099866,-34.29017272072678
Fe_KIJNEW_comp_4_6,33.71116638183594,36.17485046386719,33.02926776841,38.47671865382667,221.3543434373833,160.9320051277607,30.504112,27.11244,38.80165146484439,39.875184104406,201.6430807856105,133.02842351523526,45.9928,36.48472,38.341395659673786,36.83270535282711,167.10806831039145,181.72224077440683,38.77823,34.69119,39.55027084350586,33.984914266474334,216.8628044897386,210.911664604236,44.593857,48.063713,34.23499126469232,39.49383043440563,19.085029132719136,209.88919467983663,38.961254,31.66851,40.63004150390625,36.75795186509577,197.6355400213537,131.32857311460677,35.22441,36.630825,-38.75157122998417,-38.22999980190342,-40.49299879242473,-113.98891205041252,-114.28338979957684,-36.298454994747395,-31.633711843405873,-42.4487549692311,-41.55097409448544,-107.1764103912609,-98.53726139512939,-47.246862116582264,-38.986000262991084,-42.12050503625332,-39.249260187372805,-95.24060323660906,-126.01542207402369,-42.43205100986972,-37.62158049338115,-42.98266297888762,-37.06995613998286,-112.43657027132198,-142.48715756872494,-46.35345142426784,-47.515717866549984,-39.15228308725359,-41.26247017467572,-26.537685018192317,-141.9101727592892,-42.56258193432173,-35.26076895564571,-43.72171524731327,-39.192707239475595,-105.7913454876099,-97.57802744988442,-39.897501388311554,-39.096532476313584
Mn_GEGLIP_comp_0_3111,26.24183654785156,22.646713256835938,57.59173845571722,44.23310321359307,112.7801900693242,74.03880996988265,58.786694,53.877445,48.891836781184026,50.95559725316667,78.49214768825381,67.84168926880267,48.69898,42.413696,53.25975812815657,51.53124326932898,90.2448045579171,37.87382500706032,52.33672,42.751892,51.74977264404297,50.800883659131,69.76731213267828,66.9546637150491,54.99472,50.33655,51.92687293482523,49.41553371445747,19.085029132719136,62.644210739862174,56.144928,46.94829,49.00045166015625,53.642040377541846,95.80547195890423,65.93137941923482,46.734188,40.86393,-35.98736972486392,-60.72359005149835,-53.71184030815174,-100.44698754758578,-76.66070061865744,-61.63440846252243,-61.32960146153271,-54.01851368878094,-59.065106781276796,-76.14063093694793,-72.02288078728925,-53.869183041075324,-52.242928256624964,-57.400632377406225,-59.511244791966384,-84.54304289927994,-48.57762938120922,-56.68591609577817,-52.51597333222246,-56.231437760632005,-58.94520042714293,-69.799728164059,-71.35291393798654,-58.7440281267095,-58.58533188091033,-56.36856802366451,-57.85768539569451,-30.137230865228805,-68.08780598694148,-59.620802917169996,-55.887098712119816,-54.10261511434561,-61.147157829470814,-88.47522977441946,-70.58003140635421,-52.347827866704506,-50.991713060027635
Fe_GEQPOH_comp_0_33,31.42364501953125,33.473052978515625,,,,,,,,,,,,,,,,,,,,,,,,,,,,,,,,,,,,,-38.15506408246621,,,,,,,,,,,,,,,,,,,,,,,,,,,,,,,,,,,,
Mn_MNACAC_comp_0_2211,50.04486083984375,67.95936584472656,47.23240701089295,65.04682565574963,66.85436128547943,42.09693436650041,47.496082,75.88169,45.20639810685289,59.63750555905994,46.56964133324423,43.90289051954554,39.181465,65.41491,42.23086005526015,62.566824296886864,50.55670838388763,15.58895178435002,41.403393,38.640266,55.44925994873047,60.91575307210286,41.26597510689028,36.85378202126199,47.486595,26.40536,46.7223284752609,64.90723316495382,19.085029132719136,31.683114877685675,55.69664,73.294556,50.38252258300781,59.913959687665184,64.0577434427234,39.58406376080312,42.96806,45.025913,-85.40934753496117,-83.86544512411791,-84.24484058493083,-93.8023615811213,-74.17462974972646,-84.01032362138228,-88.63446862657604,-82.75223705514024,-82.00824331754164,-83.50128280541892,-74.99093003972001,-79.28559610689405,-84.39200820376581,-81.06731383340356,-83.22151557541503,-85.67423288552428,-60.53770276236917,-80.59771758907857,-72.58098901577324,-88.20473710392274,-82.53982564846403,-80.5197314915087,-71.73248357511164,-84.00511090739602,-66.47115654986773,-83.5851780727019,-84.18781740804295,-65.4881202448292,-69.20702944503748,-88.33193163375992,-87.58787471169381,-85.58408756243014,-82.12530045872762,-92.44198903207938,-73.02925362069368,-81.48568254447882,-75.4987680291434
Fe_PAZXAP_comp_0_6,29.07783508300781,31.847686767578125,38.90306041751695,38.93566318421396,246.7571500317829,168.12466014403245,38.552673,24.833755,38.416903888986674,38.75402139777179,211.07174657945987,130.15589761570925,30.740099,36.48472,34.436234477980314,38.791140730542566,180.60617877683336,187.16502877319704,28.467546,41.348923,37.34294815063477,39.08340987187516,196.8113018682513,228.25909502399716,45.751045,41.695625,34.8054424772896,40.0676531470768,19.085029132719136,216.4939235130598,39.93966,36.00728,37.80265808105469,38.0787385221887,220.74269702978592,117.04846352449124,36.793682,36.630825,-22.80726309006241,-29.607930150461645,-28.037356161923523,-110.47719555248389,-104.54424741219925,-29.375940598580332,-17.460761039216024,-29.286048628581778,-27.90447651425206,-97.84735693893134,-83.23996736151742,-24.019807707754463,-26.244374089019253,-26.6261886171329,-27.931631080153398,-87.06493142617265,-115.22780195894927,-22.35017416299917,-29.764886024285754,-28.574988533312887,-28.145439924947382,-92.80027612056026,-138.2856905370994,-33.92291375748056,-30.00877784647977,-26.886540729960583,-28.863560854105888,-15.008313057438178,-131.68425051054234,-30.294256943600463,-25.89510391156226,-28.879359910314022,-27.41047481814664,-101.27011615168533,-75.88538353970185,-28.211322483166633,-26.351256879060628
Mn_QETLAC_comp_0_2211,,,,,,,,,,,,,,,,,,,,,,,,,,,,,,,,,,,,,,,-89.93467924504898,,,,,,,,,,,,,,,,,,,,,,,,,,,,,,,,,,,,
Co_PODWAG_comp_0_222,26.463775634765625,26.030197143554688,40.19879386745734,26.274009610840825,49.76081477263861,44.47789694967268,28.822632,19.414375,40.23548781744924,20.49954373669402,45.69174584009185,45.65119486416283,36.470303,26.668182,30.36072336799655,16.235962752620704,41.31703796040331,42.125703799792106,36.97527,25.107445,38.56244812011719,12.025314331054688,42.51059909858027,48.71884182209168,30.33688,27.50693,45.52416016572205,19.2471309820811,19.085029132719136,43.339419194035685,35.917583,23.631264,45.09328918457031,25.239294832183667,50.95694815345959,33.29466362116351,35.85864,29.016317,-5.93760768262996,-16.475597063304956,-6.1226098067125445,-23.840634955049833,-20.342756751698406,-7.736289276289881,-1.018682696439713,-16.503909863740585,-1.8113183311545837,-20.712039260692944,-21.288338501732074,-13.600871845234877,-6.421656668508464,-8.910594052314162,1.2682806045497448,-17.338426544701374,-18.46043283302935,-13.990192939350306,-5.23757195132575,-15.213880669994275,4.250521747474599,-18.259370142225833,-23.774569724473665,-8.89231454764733,-7.057989816481226,-20.58318722403278,-0.8983455905133448,-0.36325449230727225,-19.431698954247977,-13.174733988425462,-4.138812274951065,-20.251902323530746,-5.337602495390372,-24.754853567370017,-11.49951617807551,-13.129289923267846,-8.203116816747293
Fe_XILLEK_comp_0_111111,29.36241149902344,35.27740478515625,34.68942049207841,38.85692072816552,32.84791425541,32.557027032474075,33.84759,43.652176,40.0208447262921,35.49578954404441,20.796739327758427,31.10187048180113,40.03714,35.85167,41.91723455916236,39.13903622333053,28.144417583888817,10.551274290684876,44.19781,37.965702,39.46593437194824,37.58139580987008,23.131150702642778,24.05090361998369,39.748077,43.08845,40.24548697223212,41.03226955898224,19.085029132719136,26.761576658148368,36.273952,46.33192,41.37303466796875,39.07366617540604,30.842167129729877,35.32287300814499,36.949722,36.630825,-45.56081845496578,-48.518756764275594,-47.821314675386645,-47.50364055347012,-43.7852672528769,-48.05470415221104,-50.802039279158194,-51.25528661153717,-45.69872748092697,-40.39851135181998,-42.832010461278664,-51.26350629068627,-45.923469467237545,-52.211865571008836,-47.99947336797944,-44.8483489476385,-28.738457066459322,-53.362235840022166,-47.25850133778066,-50.97188477083586,-47.01580822250594,-41.8483604043492,-38.120451946212114,-51.11604897484686,-50.453376598060586,-51.36860089014699,-49.18163574277678,-39.310435304424885,-39.942782601029464,-49.34090259332292,-52.443426096281485,-51.93735968796755,-47.95819154378845,-46.397987810345036,-45.58952899842072,-49.68619548584764,-46.41551346519643
Co_DATMCO_comp_1_111111,28.817062377929688,28.41064453125,31.90992638148191,23.684369009059147,28.13426475585339,29.406235934690145,26.562315,21.08023,33.92208078065356,15.56147686141407,21.037666219098156,29.091563293506717,32.656834,23.119982,35.75333139692034,20.30314365062361,28.46075805573633,12.046817329514692,30.308016,25.04827,32.82176513671875,20.18508860270182,24.708001361351148,22.851382681449607,33.83319,23.710327,38.281665600705054,15.4022349743616,19.085029132719136,26.51016716223151,39.731865,17.417076,41.26578979492187,25.440932831596573,32.37040140275431,30.95793933755976,32.2885,29.016317,-3.789192007533302,-6.272852538629409,-0.013945202204767693,-3.242867531246908,-4.588486880775029,-1.985177115302072,2.038536342162556,-7.892374558657789,6.292383049019505,2.3836438105338007,-4.33584725541081,-6.874015816961819,0.4308827873706007,-9.365587898617456,2.651005716848918,-3.5040892990571995,8.906948808179571,-4.9835234801883495,-1.0896289026886605,-7.006763884314051,2.7440521349686695,-0.5053568239930972,0.6425823710857954,-7.820829066569701,-0.03440428566752152,-11.398202214813587,6.414453553031032,3.9011889117408347,-2.263334853095367,-12.564067097681313,4.869931166017745,-13.790715293568175,-1.4048841161572672,-6.643474910814514,-5.844970350834389,-6.577554956915138,-4.275434645880828
Co_ILASAR_comp_0_51,18.232650756835938,13.81683349609375,32.580920805799416,24.08584066048408,103.56277509892234,80.41490749821115,35.116913,26.390558,39.13689184579945,15.124647398151478,90.21624876798184,64.824514134757,39.118896,23.34855,34.25243653191461,15.316647320026767,73.1196982118368,68.64996318161344,40.70504,27.649181,42.488458251953126,17.618466949462892,91.07853285728388,95.28977378898628,51.14196,26.8718,34.442036671661995,16.02228390966143,19.085029132719136,85.10011404385637,31.531511,14.816915,46.70975036621094,23.117845414097147,92.3767984871905,50.45177316482023,41.68607,29.016317,-1.7591065176100074,-16.87711163482518,-12.868537603713662,-93.87084367017924,-79.23945879634972,-19.801772822588454,-15.503558762014803,-24.652203286301674,-3.0862130964052397,-82.43793402864237,-61.74919369560065,-24.630489839033878,-12.055465709089786,-18.80049834693609,-3.294011979898082,-65.31334578880862,-66.15700799463839,-26.566307694076457,-16.976101114478936,-28.773812478197534,-5.7852398112792605,-83.20407144867994,-94.62706003476444,-39.52899221051287,-16.066594100463686,-19.01866822934099,-4.057712787927684,-2.5821239241280094,-84.22474427985648,-15.66957236702269,-2.766830339184431,-34.01597650585959,-11.80104852355906,-84.35757745970375,-44.58997740249942,-27.780620946727424,-18.575599662954858
Fe_EMEBEF_comp_0_111111,46.74980163574219,46.1163330078125,45.50793223343093,46.284480061926125,43.98799939260619,40.57698373886169,32.558754,33.613174,49.40498969467623,51.892899924493406,42.22378912262395,41.69383676356015,59.001553,40.659454,56.294982327658026,52.80880722719081,45.30528389410268,37.689364969106016,41.072575,34.761997,47.2763313293457,54.98922782776848,39.844125784432265,45.25224802367913,46.835094,61.481205,44.06881006160142,48.7493188353947,19.085029132719136,41.40737135985863,55.23471,42.664734,59.10517578125,48.76348517911164,39.813615258854696,47.135838776628006,35.876225,39.64276,-73.219594030125,-72.20677628149456,-73.35915337408204,-70.9365313371469,-68.48974535305105,-61.425972539846285,-62.7049936636149,-75.38507518217378,-77.9944384675979,-69.44428610892031,-69.45008855115724,-83.10726529491562,-68.56065867161558,-80.92112169962182,-78.74498008074677,-72.04150363655242,-66.08155820586958,-68.47053949244133,-63.658549672160966,-73.64901852667613,-80.53172901274134,-67.43486196905334,-72.50232747710119,-73.28916134398271,-85.92766652347885,-71.00488449053782,-75.40514459963731,-50.35795535623128,-69.20376688138178,-80.06472153905584,-70.28492942677457,-83.19096319420609,-75.41690367096281,-67.40971994166934,-74.0658415675775,-64.16513559460508,-67.69799964815438
Fe_LOJJEZ_comp_0_411,,,,,,,,,,,,,,,,,,,,,,,,,,,,,,,,,,,,,,,-27.21255028512928,,,,,,,,,,,,,,,,,,,,,,,,,,,,,,,,,,,,
Fe_HIYRUE_comp_0_111111,46.95762634277344,39.801788330078125,43.93431412486038,41.21428345428737,40.259009584201294,28.64469325543993,44.72669,41.75986,39.31756326707748,45.41212076567496,33.7732907619123,24.05488061574429,50.627346,40.03439,40.056223310626606,42.10864427910243,28.784435109230248,26.778288113022104,45.29767,36.45208,40.59926834106445,40.14013511368935,34.296305604446054,35.172812392248346,34.560665,39.215652,44.97768443268368,44.68997493365455,19.085029132719136,27.42996260739245,44.16632,42.638866,41.927609252929685,42.91464674168014,28.291333300253765,19.62369283626495,37.680954,39.64276,-33.29659011251124,-30.634819851017767,-34.61714581906416,-27.406968165463724,-22.511232368834516,-31.330727299194322,-35.12532595084397,-26.53724401997541,-38.530002238151084,-21.273676137633334,-17.968490920257825,-36.512768254169266,-33.51812787960583,-27.22887026698375,-35.45020289489493,-16.349954559058844,-20.66837901486639,-31.833187348965694,-30.09379308434303,-27.70580185113928,-33.61662471975047,-21.7854171049221,-28.870636381893537,-22.044078086964724,-32.736150003270005,-31.55116421636403,-37.85459685667002,-6.758275388110042,-21.311830160789683,-30.838579987584183,-35.94408069465682,-28.872422849187426,-36.20095811131022,-15.85028058618709,-13.53376928447713,-24.997015022688462,-33.144524302520786
Fe_SASXES_comp_2_111111,50.78498840332031,53.1402587890625,50.91856125448836,40.44266846155324,30.76028924667145,24.61471962806701,44.711063,32.4957,39.61432569697383,42.84511727075151,29.50797766391696,23.903469834404607,40.19725,31.51439,35.88435697745451,44.87903466647151,31.02523627368252,27.75757478588967,44.929886,37.81588,52.335680389404295,40.62630502508355,28.76352007623169,31.795853858126478,32.823948,34.09961,38.55008578975266,42.41167254341973,19.085029132719136,22.275260172456527,41.257748,32.19981,53.163351440429686,41.684122099830574,24.211773719564725,27.234400132154587,39.89239,39.64276,-68.77514581529567,-68.8694850016534,-59.907665126293296,-54.14645162776556,-48.91073427200208,-64.48257106968768,-54.30538487721157,-60.809861881785366,-61.5976101498536,-53.18463968605326,-48.391365598053504,-61.23861964866071,-53.614792256701165,-58.03420406732088,-63.02832058500197,-54.34827865955128,-51.04349460622639,-64.6398330523625,-58.05494469607369,-69.8703982393727,-60.03683986479078,-52.60566683551219,-53.81287121580943,-55.718471987841305,-55.434129524634756,-60.017907300642364,-61.29271384690709,-44.83921214293346,-47.202414682958235,-62.000769962396845,-54.097153583855935,-70.45498346656852,-60.78093592813308,-49.03294956316242,-50.692237938088475,-61.01678355155145,-59.344175943400344
Fe_SELFAQ_comp_1_111111,34.75028991699219,36.014251708984375,43.28875844716703,37.54184091780888,48.54101400108245,37.82173183583623,36.642864,29.360945,39.67365792253766,37.53840509112195,41.622573508642496,35.02235313215321,40.70268,36.48472,37.91575672856366,34.19361303486572,36.99049539102366,34.904191611747706,39.328407,37.22997,37.250247192382815,35.82499366407792,41.66002808821399,43.09981253733406,35.58926,41.609303,36.07871652795155,38.01472175144014,19.085029132719136,37.81027716198692,34.76271,37.43398,36.33955078125,38.75487340123526,36.68728660909618,37.99257133173234,38.808228,36.630825,-25.91811693013767,-31.900179691583944,-27.045424202347807,-35.191971664901146,-27.251975659591324,-27.306762469586612,-20.78356916926793,-29.509783864877438,-27.042888660951817,-30.809311000842555,-25.186114592367684,-30.20704710792623,-26.265299332291512,-28.23200185788125,-24.543667496744263,-27.559448535242502,-25.095248164212876,-29.258828112512223,-26.815272423936044,-27.74825674539637,-25.778440247948826,-30.833832905485153,-31.085588523492827,-26.540919521010107,-30.0151871971161,-26.89669534434262,-27.39439667339998,-12.425541302788503,-27.243522439342165,-25.927812727148094,-26.965825943461574,-27.086290366415273,-27.940607329050597,-27.339052345036663,-27.378050299957614,-28.88072075989437,-26.373120625219688
Fe_XOPSEB_comp_0_411,30.58700561523437,32.53570556640625,42.05042006998743,39.3420990297289,138.66558172106198,99.17034587280922,38.299686,35.972103,42.408816215454806,35.14286577482531,107.49870875150089,91.08441875099612,35.880592,35.85167,37.24498514502939,36.69814131407679,107.38364683512056,55.52981666165675,35.123913,37.27856,33.24963150024414,38.38662648437878,96.5794423248727,89.62907769956745,33.680775,37.505013,34.968956178867884,38.1466726693653,18.9586447723565,100.08284203496147,35.68249,39.40653,31.95015563964844,38.21143423393491,110.06626469480176,93.23240889860996,36.01651,36.630825,-33.28432060478747,-40.98750908134814,-38.19745388598718,-79.89605575565628,-74.68680838550115,-38.575048863843236,-35.77075481206295,-41.21113069977775,-35.17362971498775,-69.42567020238056,-70.23804937387936,-36.96295124820882,-35.68403226194961,-37.87219038314521,-36.29356744711089,-69.3870156146015,-49.041826961546256,-36.458696179286065,-36.71152090319596,-35.14978844706928,-37.50942804841737,-65.7573865873578,-69.42761064466272,-35.45185331058827,-36.87458735209963,-36.354370157537865,-37.33663980310759,-24.139901987261993,-75.18511980403018,-36.83093498019591,-38.24384995723166,-34.239358396055295,-37.38327393186636,-70.2882302892465,-71.42919539540863,-37.05352775483559,-36.24509366981588
Mn_LEZMEK_comp_1_111111,26.351394653320312,22.213211059570312,48.0189760071255,43.45430481637062,47.3208994261203,33.500443119639606,49.66804,44.38275,48.684458995852175,47.96099091284598,37.605682727056845,38.06403977568452,48.61876,42.413696,48.60457500760518,45.217061316771485,47.57302852771679,23.105172069521373,55.412098,42.585373,48.12607116699219,43.65867694772195,37.92781531760271,33.15293085892577,46.830048,42.595257,50.533010100651616,43.309587192698416,19.085029132719136,30.82823656603089,46.392574,45.13423,46.776544189453126,47.09153374259186,43.84779340122432,42.04734955507721,50.214226,40.86393,-32.26241928502077,-49.47334117934073,-49.43527654275205,-48.94757141599029,-41.49889133927182,-50.71536534814305,-50.16779284752486,-49.97456245364954,-52.95124252818015,-41.40762553917542,-45.164413113453094,-49.92507999507484,-48.614266386932115,-49.91439629604025,-50.82313154820189,-49.137467283703344,-33.007899348186534,-55.11194359179537,-48.74971455756389,-49.55400195265876,-49.59652022314985,-41.66304671033048,-41.21629537713978,-48.57787725180578,-48.75751274671284,-51.37499150380821,-49.32109853763443,-26.061786260571445,-39.32586072308174,-48.24838531967312,-50.75889001847765,-48.53757983089951,-52.27691715434924,-46.3023308681403,-48.32522967390564,-51.130014383158645,-47.39154598986481
Co_DETCON_comp_0_33,23.38470458984375,19.670867919921875,,,,,,,,,,,,,,,,,,,,,,,,,,,,,,,,,,,,,-4.5001256624885855,,,,,,,,,,,,,,,,,,,,,,,,,,,,,,,,,,,,
Co_BOTQEH_comp_0_222,28.27362060546875,27.487945556640625,33.900153903270486,23.987655637868247,37.60947193105856,23.83471320865538,30.830397,21.657776,39.85640181922199,16.17801111762123,32.03596558969998,26.38284694012877,40.93286,23.34855,38.28404188973563,17.002099260803433,25.781755404200837,25.06910302724443,36.01944,22.363085,37.40541076660156,19.11596196492513,37.54199182082216,38.09624391999883,37.315613,32.426346,34.83345117559605,15.599562197185692,18.94103983670504,30.94264038191542,31.022757,14.17366,40.43363037109375,24.89114147725432,40.60930255518599,21.14970028248016,32.52246,29.016317,-10.755486167726076,-15.3333096053943,-7.9596258717788135,-18.32828115328581,-7.838425438779286,-12.840014256133795,-6.1132943965974595,-20.13795328103775,-1.8325190502295734,-13.819192299421557,-9.869953119735705,-20.99642018016018,-7.453161573802607,-18.87157823561466,-2.4722689661003656,-8.720108725357095,-8.817238979248778,-17.047673118727072,-6.672222070483732,-18.16393076406371,-4.113286978933569,-18.27393282879392,-19.33139430318033,-18.09160785082584,-14.730079841611776,-16.091345444026246,-1.3834619302530662,-3.1264888485812063,-13.53052185584172,-12.996251478981236,-0.2891704587838628,-20.598896021554882,-8.67560034338947,-20.738779420151676,-5.710665791331597,-14.21432920728224,-11.98017501563687
Fe_WABHIR_comp_0_111111,30.38002014160156,36.46202087402344,43.3023077742637,38.313727847611375,32.482662211041195,30.068640616597836,47.192177,40.72958,40.90497968966833,36.34501153164895,27.35133788693689,34.7888848805495,49.777664,35.85167,38.49979100545247,35.92849324252351,31.37668056964933,15.522763161535751,36.693523,38.484364,44.89496841430664,34.90239894343359,26.580890592774185,22.473457262129315,34.525425,38.624393,35.62586869680645,39.53717260935949,19.085029132719136,22.535835296810795,36.484745,41.6371,35.723855590820314,37.727454774831656,29.327085459059862,39.88305508938062,35.552696,36.630825,-55.79912226022316,-62.19702215698514,-56.912331458657825,-56.89290305895442,-51.836193511654784,-63.94220846118495,-58.3570023274198,-61.07308590085533,-55.72878202280319,-54.18152446801771,-54.78816216893082,-65.06177951808323,-55.43219582258097,-59.914777532297634,-55.47838028532556,-56.31758702833494,-42.4831557223281,-59.03099992881147,-57.01491420268168,-62.94370720545955,-54.859152129843,-53.76849203354014,-47.01267141851374,-57.95551941284067,-57.09909659229746,-58.508614015658054,-57.64783984339857,-49.471236281816594,-47.052549661735,-58.92884824371067,-58.893021918742285,-58.55655741171181,-56.55987683687246,-55.240711560775246,-57.85577686854629,-58.4728118033457,-55.90060686444431
Fe_XIQFIN_comp_1_111111,42.26959228515625,40.44647216796875,48.17229408129781,39.04139789373978,30.57481282262589,22.01854992368861,47.898605,30.653025,39.61432569697383,42.798671994581966,29.322291614702262,22.474353575847243,41.11087,30.511452,39.79642759755232,43.64032246434155,31.545525435123416,25.323775679273805,48.74829,37.39639,51.3154525756836,30.63047050495552,28.00678402068351,31.477311950857136,37.659153,23.697126,43.916775518972536,42.01037383791,19.085029132719136,19.62249074470527,43.083084,32.155518,49.17686157226562,41.212691473323886,25.528889325783297,22.81887619592145,37.441113,39.64276,-61.551687722505896,-66.59410989644948,-60.37817490676627,-50.73721591309676,-45.987533036295176,-66.36501413206295,-53.51179456808386,-59.187438729912564,-63.532034212027206,-49.631580549354,-46.358231751503084,-60.53871322701378,-53.39768764458484,-59.366919624491445,-64.24062828535972,-51.593230085691054,-48.70843989601247,-67.07625636956735,-59.00940479431677,-69.21795221769429,-53.49361579077039,-48.469355802918734,-54.176164525933835,-57.26040697684292,-47.352695408120155,-62.99170826986857,-62.86835799261482,-40.5461782766895,-44.05042388944679,-62.26287362113152,-54.722794220622205,-67.43499896710524,-62.196781113308795,-46.280185214647204,-46.6384271646305,-57.04550524254107,-60.87855334321095
Co_DOCZOK_comp_0_2211,27.0928955078125,25.936050415039062,35.57613097931457,22.65587322800162,46.42626916498794,21.730720774385777,35.307224,8.508667,38.89176682352195,12.787934962047624,35.89331549741254,31.72325479634847,38.019234,21.010363,34.19757001073369,12.944688775365488,31.7191951892246,10.61831527586813,38.448326,21.993946,33.05642929077148,6.937163065900706,35.709692688365244,28.97561580195375,25.293163,18.764362,37.34792354245692,12.528370162721664,19.085029132719136,31.1110410564343,34.544815,3.601116,34.22030843098958,18.460253961439232,39.642684341376295,28.918884455801425,32.079987,29.016317,-5.868915885062052,-12.36327908635009,-3.4130566827040427,-20.782466151533423,-2.7248599740850157,-12.154704251802443,6.695068070503073,-14.935016716174898,3.7283946466735864,-12.60929987968163,-10.296419875925803,-14.258245924403852,-2.189004669996648,-11.29932548213033,3.618482566915067,-9.393408654987663,5.249680840263343,-14.591066564217087,-2.920666333550642,-10.421766816896088,7.761301550211212,-12.466874803494186,-8.181241075069767,-4.505453798764327,-0.5441129175797985,-13.73755111771251,3.9103953669250755,0.09770595599016252,-9.821827741212813,-11.566363406515247,9.979973580347563,-11.316811754752303,-0.32425686536270604,-15.517457891352363,-8.138082702246079,-9.670864339771212,-8.212204512371859
Fe_NAXPAD_comp_0_33,32.17796325683594,34.846038818359375,,,,,,,,,,,,,,,,,,,,,,,,,,,,,,,,,,,,,-36.51101973006234,,,,,,,,,,,,,,,,,,,,,,,,,,,,,,,,,,,,
Fe_AMAVOB_comp_0_111111,32.46376037597656,40.45913696289063,45.00814226121379,46.95095284897012,43.25883065228165,42.04592523107468,32.24876,31.958597,49.31619284234616,48.341234852934825,42.37449429415222,45.14359755397399,58.341705,36.48472,54.06073767041403,57.22690712640895,46.85660413847947,38.180488459215326,41.072575,35.32342,42.73307530787084,50.64383802374749,41.27993937520956,45.69287820402722,44.070717,57.59321,40.29915180904047,51.64894627465144,19.085029132719136,43.31519704637488,52.469948,65.29238,57.39495849609375,39.5969291377489,40.61647727251194,49.24534886133851,35.075806,36.630825,-55.13852665496529,-60.62824539075406,-58.70041463946133,-59.8957371875455,-55.95143368836603,-55.03864889049874,-49.00715137776468,-62.35103737710079,-59.58096141680773,-59.52535153017582,-57.55571099229451,-65.761287687063,-51.523424139498104,-64.17780229959413,-64.50498795558197,-61.36744639344602,-53.15389140211787,-58.98007005534554,-50.40684385296742,-59.675535635200504,-60.98079111088245,-59.066920256313765,-57.90360250271025,-60.23577868402452,-64.69600719877994,-58.65613804194914,-61.52599167524528,-48.38839342846031,-56.60166276987906,-63.5692947431975,-68.7109623975603,-65.41445676435727,-54.515787327968845,-58.789043128693095,-60.153589613233564,-56.350416674332706,-51.66390288122166
Fe_NUBTOW_comp_0_111111,29.427413940429688,34.26353454589844,31.23903684156216,37.54485201483489,34.21040448927268,28.129845560797705,26.80342,32.274258,33.61938699466313,35.67467732119953,27.6379651260358,39.2580376928408,28.247223,36.48472,31.77334942166767,35.34885474582441,38.515063069956106,7.050321092644476,29.885056,34.14424,32.34431457519531,37.21897690009632,23.11305566826054,23.17789183140369,30.291845,40.98293,34.03294281448353,33.97559872672671,19.085029132719136,22.986876283355443,34.13083,36.31129,31.172662353515623,35.453222252792955,41.70467807528992,37.7712001872007,30.076496,36.630825,-41.75109904014903,-42.83009101358377,-43.85527283748737,-44.559087446355164,-37.701490715606845,-40.110533745635635,-40.451156129156885,-44.2151828000645,-42.66261772601155,-40.63231161647458,-44.94781230063728,-41.013234428616514,-43.17920130757364,-43.14099987930394,-42.454832880415125,-46.929447540287306,-22.544169198459787,-42.037247377549726,-41.673142264321044,-43.473236354466046,-43.64745448628285,-37.71059765000102,-34.324563944472125,-42.27893359741111,-46.03658692539264,-44.45582503017435,-41.5629394400391,-34.94444360074121,-34.19222678133497,-44.51278418657576,-43.06860085046812,-42.79146864615377,-42.52139053467151,-48.60454711286627,-43.99962047819923,-42.15362508734243,-43.272375958933864
Fe_EYEWOV_comp_0_33,32.30842590332031,35.59684753417969,,,,,,,,,,,,,,,,,,,,,,,,,,,,,,,,,,,,,-40.186016777492455,,,,,,,,,,,,,,,,,,,,,,,,,,,,,,,,,,,,
Fe_QAXDOJ_comp_2_222,33.12530517578125,36.27815246582031,36.92484145348121,39.362773746356055,45.02648375432479,30.513998029450267,35.690086,35.360542,39.47949156704023,37.74046075864903,42.61670113501048,35.505930203643935,43.214172,36.48472,36.6319779508076,36.73521666027228,49.98041578537268,39.43890508625624,36.83353,38.766796,39.270250701904295,38.70563160708752,41.12978234580336,45.06065448866636,36.807446,39.41716,35.673478197043025,40.4289073013124,19.085029132719136,37.38157939831079,36.440517,36.157528,38.87276916503906,37.70643401803447,46.90083754993668,22.71066790717596,38.185974,36.630825,-40.66985441754014,-43.125654306146046,-42.82438665177066,-47.96483448592425,-36.573379258248536,-42.34829498020403,-40.02890427880271,-44.73397365771889,-41.69123204004656,-46.57345994838756,-40.13045515998148,-46.918647166028734,-40.814121123364416,-42.94127757438955,-40.98908825237089,-50.66402659350639,-42.87756293745556,-43.0681677733036,-42.40810758793673,-44.602242846226616,-42.36538542863254,-45.714396536628065,-46.67662425370183,-43.051746189093784,-42.86237441035856,-42.337839281890965,-43.558330958896725,-30.560966543638067,-41.44056026979594,-42.820740381988905,-40.58558376557425,-44.35200221865877,-41.667465012141655,-48.98609213343018,-30.783002641270418,-43.91961973753687,-40.91617267309647
Fe_VOBHUP_comp_0_2211,40.90400695800781,40.63606262207031,28.841034068963467,41.50289001904415,117.3134427538256,93.88344237299088,19.250822,30.639751,39.909755650680665,43.97546732520307,103.21774110842412,82.91341861206611,34.580723,27.514124,43.21846632895744,42.41976737976074,85.11802940131685,55.925518638708006,26.080498,23.479553,31.766240692138677,34.15211181640625,117.87804199744818,90.33480218909168,26.018274,24.356115,33.85756121396926,43.5575168355306,19.085029132719136,96.79756278191616,43.906746,18.861052,47.21495666503906,36.37286241855918,99.46278903584012,84.05221427318202,44.7394,39.64276,-31.02240837740624,-20.62863899618645,-31.59684556155149,-89.08462155019855,-64.9406976258799,-11.704546173063676,-24.162001326251854,-30.20331270941543,-33.23536341298338,-78.4413427762707,-57.978005583815154,-25.728936448926497,-21.899953321436882,-32.92646933817782,-32.20443826223906,-64.77474552041048,-40.848741283962866,-18.150537807728842,-18.871882851284397,-23.234453164797504,-26.61678577130496,-89.5109349964245,-62.68836989103977,-18.094680045142724,-19.55938962282186,-25.087996201430215,-32.958397618370114,-11.541785825928145,-66.79029462065725,-33.4926984029226,-15.219950902525737,-36.09115068728504,-28.140597992804413,-75.60608116981581,-58.70080105445333,-34.177700322217774,-30.35859735353703
Fe_ACAKOF_comp_0_111111,32.89497375488281,33.2574462890625,47.02031567357656,36.298649756542,52.215716373354894,42.705775115756765,40.598454,22.93267,43.83279687670562,33.12977797224546,49.326537089111774,38.48804189358548,43.424786,33.31189,40.4480056912082,29.045986065573505,37.08854736919358,43.70134136445866,48.649986,29.328596,38.9701530456543,29.092292108466225,51.0254291094289,52.948320402400896,33.536213,30.517305,38.37936439915688,39.28489849544705,19.085029132719136,46.08641499152501,36.473927,32.60137,43.70172424316407,40.11429872789841,41.56830675797858,40.40148267190574,46.46243,36.630825,-22.27850209748283,-32.721291471798416,-24.63543525919232,-36.0053905141857,-29.446241025685644,-28.279999445638616,-13.881939490064319,-30.562283930762856,-22.178115127150384,-34.245649795552666,-26.298910787720963,-30.27437478533061,-22.321316150581982,-28.17383697182,-18.942045819654947,-25.62995804454439,-30.181594208900016,-33.79846537640478,-19.17163074735985,-27.069700829383432,-18.97966363918206,-35.299186102981885,-36.71033995149925,-22.81263702761572,-20.123836736394182,-26.617648785854616,-26.904353474079205,-9.359375399352533,-31.907964019041017,-25.15967075054237,-21.762609554300706,-30.469793725067365,-27.532103806267774,-28.964367178673786,-27.744225930404873,-32.35254211213543,-24.887818274243067
Co_CAASPC_comp_3_33,27.365951538085938,26.79107666015625,,,,,,,,,,,,,,,,,,,,,,,,,,,,,,,,,,,,,-14.24981529741899,,,,,,,,,,,,,,,,,,,,,,,,,,,,,,,,,,,,
Co_QOJFOK_comp_0_321,25.294189453125,23.7408447265625,39.34076503402699,22.060007186421597,98.53590303689673,63.35086936399667,30.260393,20.791565,36.075472083951645,14.08235114173088,76.64375013485852,67.56978369577483,38.1294,24.560555,34.48272593618168,16.49374939436298,71.09519996433394,37.43627510662932,35.646282,20.303211,28.954207611083984,17.164636654324003,69.05224618610038,63.884957052733775,38.071293,28.5636,33.74282079250123,16.13342045375279,19.04533511343388,73.16021718303827,34.487473,22.90838,36.71857299804688,20.37764832040071,74.54248912877017,61.67948193774227,27.30589,29.016317,-6.392808104839106,-17.698757805017205,-5.083321427923218,-61.027132230404256,-38.44247329377125,-10.35878229955863,-4.095121839407261,-15.054779865774826,0.9735077448649605,-46.25847161794523,-41.87240178934639,-16.717889480090015,-7.031412044030606,-13.76647387405146,-0.8290206044468363,-42.2682171635438,-17.346378234951704,-14.707255422773914,-3.714662069922964,-9.313960523503475,-1.3359616294476093,-40.765655950202905,-38.882196782098056,-16.670838992288605,-10.20290639919093,-13.169323302992066,-0.5567460608804797,-1.5035445068454698,-46.40144524994084,-13.770305056864794,-5.744259446431894,-15.575512509238003,-3.7726536206437165,-44.76723254938629,-37.06639156615083,-7.998404923813018,-10.562317899783249
Fe_MICYFE10_comp_1_111111,33.398895263671875,34.80934143066406,40.317179219322455,37.67589881116366,35.17780831169455,27.79973684647873,34.23707,36.260456,34.683039242414736,36.23573846309765,28.285017043087095,35.44543839519596,30.990976,36.48472,40.20824827846511,36.29043293075565,42.215059228083696,7.75796214237032,37.599644,30.742601,36.75946211381392,36.84330759789039,22.340373153539023,23.803512523527782,37.195324,31.489107,34.48640431947822,37.78667384495812,19.085029132719136,23.743482647573718,34.941498,40.59506,37.97887573242188,38.25662084107434,42.77642364578654,37.54517403892882,38.88801,36.630825,-23.89052575244592,-28.94308418356551,-26.02295944448802,-25.262780792768226,-18.413762787095727,-24.54192772057747,-24.97302963246608,-24.888517825176436,-24.954694961034036,-19.79988709739989,-24.36847586748353,-22.019188589720933,-25.13938143241603,-28.870711477137096,-24.995265552578882,-30.204018052578174,-1.098010785414377,-27.00529435313324,-20.74310055600383,-26.400782520674174,-25.405370143706264,-14.571100025007489,-15.189965489653956,-26.714385648579572,-21.32085002420208,-24.735700742681317,-26.10512879071044,-11.493639958326458,-15.140238579850188,-25.089382008860863,-28.174736976954755,-27.27815202033866,-26.453720310905403,-30.57698336327877,-25.92599202591298,-27.932275170433883,-25.247757407747276
Fe_KUNKEJ_comp_0_111111,28.700027465820312,25.99067687988281,41.9722747860113,40.929889112961376,52.42729203990408,33.72025062444116,39.431458,37.360218,42.13518337900712,43.36947037387263,39.40312197076302,44.93025321676279,46.554295,38.59087,42.348357037275264,42.22681883156335,47.839973750282525,26.08964514512958,47.94912,33.233253,33.34458999633789,39.71364940415081,34.94928855562965,36.99973010055534,35.173077,32.15759,43.02563438362582,38.93743467542862,19.085029132719136,27.55632582066866,42.75247,32.87328,42.029364013671874,39.94549503236394,41.7899897835724,30.343591134975288,38.756817,39.64276,-56.21117578244707,-67.00758097693792,-67.49521670620803,-75.50898748215954,-61.87233340565815,-64.97053464482285,-64.69991845900763,-67.1358504363909,-69.40157467384168,-64.946405451301,-70.62121464073427,-70.67144942950463,-65.66431487300294,-67.30369713749384,-68.50867436065576,-71.73017633123624,-56.28075836521859,-71.8200557593388,-61.500160891360714,-59.91787128933992,-66.54417728014225,-61.15779769226033,-64.41742329586393,-61.34436322964613,-60.67811950315863,-67.8369655030144,-65.9358991471932,-47.498887825610986,-57.31165178105877,-67.62188386008111,-61.225062924213695,-67.0525313643788,-66.72586234825998,-66.86405509963922,-59.29182830860985,-64.39605248606199,-66.48862503047842
Co_LUJXAP_comp_0_321,25.610504150390625,23.410415649414062,37.95604670502925,23.1071539765156,85.54222166053245,56.09497158198963,36.794624,19.66635,38.069925078265214,14.245583365806764,67.83512031057641,61.48599939564981,37.68196,24.560555,33.944160581316275,16.66486516061577,64.96059799611265,31.75293547777493,39.077816,25.752026,33.908137512207034,17.338528866238065,62.13319232492549,55.49658813918488,39.5002,28.311285,38.65939609533356,16.140594569463577,19.085029132719136,66.65855113309186,34.450855,23.368362,33.70118408203125,20.534809997443357,65.19272343565828,56.88729584030302,26.951468,29.016317,-2.749074362654937,-13.03457173522093,-2.5110346523331315,-50.06561231279687,-29.35670046193176,-12.066323835513922,0.1837461493699677,-13.129509172925829,4.32453062032194,-37.02328881857423,-33.813094522466194,-12.806072778438862,-3.6519975035588654,-9.688981532489834,2.4828565522271804,-34.7975529739422,-9.381565814751541,-13.969761618377104,-4.594600277752392,-9.658916427394596,1.9668362101283314,-32.63293090057021,-28.86734934668081,-14.321892172652385,-6.628410636853073,-13.620935827272323,2.884443111723975,2.6136669173085703,-38.17227988534909,-10.111872233520875,-2.7160906873999724,-9.486191649025868,-0.49166843938019344,-34.97696722987442,-30.004654151339814,-3.8635328945973963,-7.188690540175664
