Unnamed: 0,hfx_pbe,hfx_scan,pbe-rf-5,pbe-rf-set-5,DLPNO-CCSD(T) SSE,pbe-rf-5 SSE
mn_2_ammonia-N-0-0_ammonia-N-0-0_ammonia-N-0-0_formaldehyde-O-1-0_ammonia-N-0-0_formaldehyde-O-1-0_6,49.44496154785156,43.11683654785156,49.88750612639566,train,-87.6647946298715,-87.89866185191771
fe_2_ome2-O-0-0_ome2-O-0-0_ome2-O-0-0_ome2-O-0-0_ome2-O-0-0_formaldehyde-O-1-0_5,29.305191040039062,37.29866027832031,31.174572448771045,train,-61.19400268223103,-62.070527301150996
fe_2_acetonitrile-N-1-0_acetonitrile-N-1-0_acetonitrile-N-1-0_acetonitrile-N-1-0_water-O-0-0_water-O-0-0_5,29.054489135742188,34.882965087890625,30.721565181282493,train,-45.62051441250276,-46.560658029956095
fe_2_chloride-Cl-0-d1_chloride-Cl-0-d1_chloride-Cl-0-d1_misc-C-4-0_misc-C-4-0_misc-C-4-0_5,31.734848022460938,34.99786376953125,33.90028272224723,train,-45.62838514494729,-47.058825501897324
mn_2_imidazole-N-2-0_imidazole-N-2-0_imidazole-N-2-0_pyridine-N-3-0_pyridine-N-3-0_pyridine-N-3-0_6,,,,,-83.86555760241663,
cr_2_furan-O-0-0_furan-O-0-0_ome2-O-0-0_ome2-O-0-0_furan-O-0-0_ome2-O-0-0_5,15.510330200195312,-47.47428894042969,34.56072325591794,train,-69.12589635221366,-74.95263316869358
cr_3_amine-N-0-d1_amine-N-0-d1_amine-N-0-d1_amine-N-0-d1_pyridine-N-3-0_pyridine-N-3-0_4,,,,,-61.42347190258022,
co_2_furan-O-0-0_furan-O-0-0_furan-O-0-0_furan-O-0-0_pyridine-N-3-0_pyridine-N-3-0_4,40.23727416992188,38.66630554199219,40.09893145530201,train,-30.364009022606524,-30.30663727497148
fe_2_SH2-S-0-0_SH2-S-0-0_SH2-S-0-0_SH2-S-0-0_SH2-S-0-0_thiocyanate-S-0-d1_5,30.462722778320312,33.679962158203125,34.9680775729643,train,-52.89305116268224,-55.990969631005704
fe_3_cs-C-0-0_cs-C-0-0_cs-C-0-0_pyridine-N-3-0_pyridine-N-3-0_pyridine-N-3-0_6,45.5145263671875,47.18742370605469,41.1980556037749,train,-39.07740374260925,-35.075173957250094
mn_2_SH2-S-0-0_SH2-S-0-0_SH2-S-0-0_SH2-S-0-0_cyanide-C-0-d1_cyanide-C-0-d1_6,62.53196716308594,58.25210571289063,50.9496954808852,train,-94.0265239146538,-87.97541092683635
mn_2_misc-C-4-0_misc-C-4-0_misc-C-4-0_misc-C-4-0_misc-C-4-0_SH2-S-0-0_6,49.629669189453125,45.96290588378906,49.90056996515157,train,-75.42611118499963,-75.59912123948637
cr_3_chloride-Cl-0-d1_chloride-Cl-0-d1_chloride-Cl-0-d1_chloride-Cl-0-d1_chloride-Cl-0-d1_fluoride-F-0-d1_4,264.1407775878906,2397.402801513672,72.91966111629038,train,-52.98882146759411,-32.76252608728091
mn_3_imidazole-N-2-0_imidazole-N-2-0_imidazole-N-2-0_pyridine-N-3-0_imidazole-N-2-0_pyridine-N-3-0_5,17.754135131835938,8.536529541015625,41.210335004229385,train,-66.84403778253909,-82.17495170927845
cr_2_ome2-O-0-0_ome2-O-0-0_ome2-O-0-0_ome2-O-0-0_ome2-O-0-0_water-O-0-0_5,52.4334716796875,35.29144287109375,43.66802700501301,train,-80.41513088242368,-78.42705489713038
fe_2_furan-O-0-0_furan-O-0-0_phosphine-P-0-0_phosphine-P-0-0_furan-O-0-0_phosphine-P-0-0_5,,,,,-50.7767107776624,
fe_2_phosphine-P-0-0_phosphine-P-0-0_phosphine-P-0-0_misc-C-4-0_misc-C-4-0_misc-C-4-0_5,33.59062194824219,35.02601623535156,35.27461153801746,train,-30.231746455031043,-31.573861657622952
fe_2_formaldehyde-O-1-0_formaldehyde-O-1-0_formaldehyde-O-1-0_formaldehyde-O-1-0_cs-C-0-0_cs-C-0-0_5,33.63563537597656,37.16682434082031,34.43901036765948,val,-40.055023642261176,-40.61195618443047
fe_3_furan-O-0-0_furan-O-0-0_furan-O-0-0_thiocyanate-S-0-d1_furan-O-0-0_thiocyanate-S-0-d1_6,27.76039123535156,61.60568237304688,30.54747289637857,train,-52.46881723750562,-54.2363932451355
mn_3_carbonyl-C-0-0_carbonyl-C-0-0_carbonyl-C-0-0_chloride-Cl-0-d1_carbonyl-C-0-0_chloride-Cl-0-d1_5,29.248046875,21.0931396484375,37.260430790368936,train,-69.70110175764717,-76.26346650858223
cr_2_chloride-Cl-0-d1_chloride-Cl-0-d1_chloride-Cl-0-d1_imidazole-N-2-0_imidazole-N-2-0_imidazole-N-2-0_5,20.01533508300781,7.118072509765625,25.27068020051612,train,-82.2568785226099,-85.13547443248355
fe_2_water-O-0-0_water-O-0-0_water-O-0-0_imidazole-N-2-0_water-O-0-0_imidazole-N-2-0_5,37.138214111328125,42.415618896484375,34.82950116779129,train,-51.05410593753618,-49.87333363337615
fe_2_carbonyl-C-0-0_carbonyl-C-0-0_carbonyl-C-0-0_chloride-Cl-0-d1_carbonyl-C-0-0_chloride-Cl-0-d1_5,31.303787231445312,34.59449768066406,33.10624324646148,train,-52.85982315502565,-53.95883218350265
cr_2_carbonyl-C-0-0_carbonyl-C-0-0_carbonyl-C-0-0_phosphine-P-0-0_carbonyl-C-0-0_phosphine-P-0-0_5,28.024444580078125,14.603424072265623,31.12542808592947,train,-61.37467122760427,-62.6538716974331
fe_3_acetonitrile-N-1-0_acetonitrile-N-1-0_acetonitrile-N-1-0_acetonitrile-N-1-0_acetonitrile-N-1-0_hydroxyl-O-0-d1_6,42.664947509765625,40.12351989746094,37.97960460698462,train,-56.7597406748996,-53.463939338760895
fe_2_ammonia-N-0-0_ammonia-N-0-0_ammonia-N-0-0_ammonia-N-0-0_chloride-Cl-0-d1_chloride-Cl-0-d1_5,33.42033386230469,37.63679504394531,39.97139713208083,train,-46.08574228496195,-49.821032988649456
fe_2_ammonia-N-0-0_ammonia-N-0-0_ammonia-N-0-0_water-O-0-0_water-O-0-0_water-O-0-0_5,33.49311828613281,38.51234436035156,42.60631493869761,train,-50.59626499485887,-55.29524407590514
fe_2_water-O-0-0_water-O-0-0_water-O-0-0_ome2-O-0-0_water-O-0-0_ome2-O-0-0_5,37.83607482910156,39.54124450683594,36.39523153397892,train,-57.23506565008563,-56.58386239728029
co_2_imidazole-N-2-0_imidazole-N-2-0_imidazole-N-2-0_imidazole-N-2-0_imidazole-N-2-0_imidazole-N-2-0_4,38.24531555175781,35.676116943359375,35.65755573674089,train,-32.19875188017909,-31.221834232990236
fe_2_fluoride-F-0-d1_fluoride-F-0-d1_fluoride-F-0-d1_pyridine-N-3-0_pyridine-N-3-0_pyridine-N-3-0_5,39.73976135253906,,,,-54.35649599512431,
fe_2_ammonia-N-0-0_ammonia-N-0-0_ammonia-N-0-0_cs-C-0-0_ammonia-N-0-0_cs-C-0-0_5,39.06768798828125,40.5816650390625,37.22634712807519,train,-36.83167913260718,-35.57114356406135
fe_2_ome2-O-0-0_ome2-O-0-0_phosphine-P-0-0_phosphine-P-0-0_ome2-O-0-0_phosphine-P-0-0_5,33.93089294433594,38.854522705078125,35.564180308613615,train,-54.1503208298343,-55.12421100825249
mn_2_SH2-S-0-0_SH2-S-0-0_SH2-S-0-0_SH2-S-0-0_SH2-S-0-0_cyanide-C-0-d1_6,,,,,-91.19638219990064,
cr_2_imidazole-N-2-0_imidazole-N-2-0_imidazole-N-2-0_imidazole-N-2-0_furan-O-0-0_furan-O-0-0_5,64.72480773925781,-24.00375366210937,,,-85.9871150226229,
co_2_pyridine-N-3-0_pyridine-N-3-0_pyridine-N-3-0_pyridine-N-3-0_carboxyl-O-1-d1_carboxyl-O-1-d1_4,38.85749816894531,37.63824462890625,,,-33.136914580204575,
cr_2_phosphine-P-0-0_phosphine-P-0-0_phosphine-P-0-0_phosphine-P-0-0_imidazole-N-2-0_imidazole-N-2-0_5,22.84271240234375,7.5998687744140625,27.0880304341359,train,-66.04037406040788,-67.76502339902602
mn_3_hydroxyl-O-0-d1_hydroxyl-O-0-d1_hydroxyl-O-0-d1_hydroxyl-O-0-d1_pyridine-N-3-0_pyridine-N-3-0_5,27.576446533203125,15.36773681640625,38.95870432895406,train,-84.63988005244914,-90.2289074383425
mn_2_water-O-0-0_water-O-0-0_water-O-0-0_water-O-0-0_misc-C-4-0_misc-C-4-0_6,45.10704040527344,43.20106506347656,,,-86.33942866248901,
cr_2_thiocyanate-S-0-d1_thiocyanate-S-0-d1_thiocyanate-S-0-d1_thiocyanate-S-0-d1_cs-C-0-0_cs-C-0-0_5,29.612579345703125,18.37875366210937,31.25415595577776,train,-64.68169599997395,-65.67349835394758
co_2_phosphine-P-0-0_phosphine-P-0-0_phosphine-P-0-0_phosphine-P-0-0_phosphine-P-0-0_thiocyanate-S-0-d1_4,8.357009887695312,27.594146728515625,,,-23.498534032863745,
mn_2_ammonia-N-0-0_ammonia-N-0-0_ammonia-N-0-0_ammonia-N-0-0_ammonia-N-0-0_carbonyl-C-0-0_6,54.696197509765625,50.43647766113281,55.51409042924939,train,-90.33073716500326,-90.75572071274158
co_3_carbonyl-C-0-0_carbonyl-C-0-0_chloride-Cl-0-d1_chloride-Cl-0-d1_carbonyl-C-0-0_chloride-Cl-0-d1_5,13.110122680664062,10.745010375976562,30.119909316396495,train,-20.9939914000654,-31.192529498708375
co_2_furan-O-0-0_furan-O-0-0_furan-O-0-0_acetonitrile-N-1-0_furan-O-0-0_acetonitrile-N-1-0_4,36.32339477539063,35.50819396972656,33.478781073417075,train,-37.46263289245008,-36.59579212804827
co_2_formaldehyde-O-1-0_formaldehyde-O-1-0_formaldehyde-O-1-0_acetonitrile-N-1-0_formaldehyde-O-1-0_acetonitrile-N-1-0_4,30.405731201171875,28.65272521972656,42.06063427335005,train,-32.761155657381096,-37.77367407798183
mn_3_formaldehyde-O-1-0_formaldehyde-O-1-0_formaldehyde-O-1-0_pyridine-N-3-0_formaldehyde-O-1-0_pyridine-N-3-0_5,26.735992431640625,,43.52070501218905,val,-77.40769469006977,-87.25157817244784
fe_2_acetonitrile-N-1-0_acetonitrile-N-1-0_acetonitrile-N-1-0_imidazole-N-2-0_imidazole-N-2-0_imidazole-N-2-0_5,33.11454772949219,37.9510498046875,29.85317936553742,val,-41.08716639008321,-38.92954354567688
fe_2_acetonitrile-N-1-0_acetonitrile-N-1-0_acetonitrile-N-1-0_acetonitrile-N-1-0_acetonitrile-N-1-0_ome2-O-0-0_5,30.550537109375,36.03309631347656,29.72151661640903,train,-44.550747392717085,-44.06165220579443
fe_2_carbonyl-C-0-0_carbonyl-C-0-0_carbonyl-C-0-0_carbonyl-C-0-0_carbonyl-C-0-0_furan-O-0-0_5,33.62327575683594,37.30201721191406,33.64936305195711,train,-45.59220161272833,-45.608715419877214
mn_2_phosphine-P-0-0_phosphine-P-0-0_phosphine-P-0-0_thiocyanate-S-0-d1_phosphine-P-0-0_thiocyanate-S-0-d1_6,52.19047546386719,45.0689697265625,51.02644650663106,train,-87.48279201990954,-86.74573775555527
fe_2_SH2-S-0-0_SH2-S-0-0_SH2-S-0-0_SH2-S-0-0_carbonyl-C-0-0_carbonyl-C-0-0_5,41.31843566894531,43.1585693359375,39.30144549823731,train,-44.3715886123573,-42.94327534183013
fe_2_ammonia-N-0-0_ammonia-N-0-0_ammonia-N-0-0_ammonia-N-0-0_ammonia-N-0-0_misc-C-4-0_5,36.72416687011719,39.96864318847656,37.01787430069096,train,-40.63149534242939,-40.81125123925251
mn_2_phosphine-P-0-0_phosphine-P-0-0_phosphine-P-0-0_phosphine-P-0-0_misc-C-4-0_misc-C-4-0_6,51.698760986328125,47.20848083496094,49.01500878992841,train,-80.93726296505224,-79.26795688475701
fe_2_ammonia-N-0-0_ammonia-N-0-0_ammonia-N-0-0_ammonia-N-0-0_furan-O-0-0_furan-O-0-0_5,31.60682678222656,36.595001220703125,32.37337787775814,train,-45.4383430049711,-45.88943468312912
cr_2_SH2-S-0-0_SH2-S-0-0_SH2-S-0-0_phosphine-P-0-0_SH2-S-0-0_phosphine-P-0-0_5,24.139938354492188,9.753341674804688,33.243702850603256,train,-67.10909942993794,-70.33179511505702
mn_2_ammonia-N-0-0_ammonia-N-0-0_ammonia-N-0-0_ammonia-N-0-0_phosphine-P-0-0_phosphine-P-0-0_6,,42.32673645019531,,,-85.61746355748596,
co_2_ome2-O-0-0_ome2-O-0-0_ome2-O-0-0_ome2-O-0-0_hydroxyl-O-0-d1_hydroxyl-O-0-d1_4,41.81602478027344,19.79400634765625,44.30629773074004,train,-32.60819751230315,-33.39079969476045
fe_2_formaldehyde-O-1-0_formaldehyde-O-1-0_formaldehyde-O-1-0_formaldehyde-O-1-0_formaldehyde-O-1-0_thiocyanate-S-0-d1_5,31.72431945800781,36.873779296875,31.612143095855718,train,-59.865949759871455,-59.80185488933966
mn_2_cs-C-0-0_cs-C-0-0_cs-C-0-0_cs-C-0-0_misc-C-4-0_misc-C-4-0_6,70.17112731933594,,53.449321512658855,val,-72.70200065507993,-64.99900411932857
cr_2_phosphine-P-0-0_phosphine-P-0-0_phosphine-P-0-0_phosphine-P-0-0_phosphine-P-0-0_thiocyanate-S-0-d1_5,27.674713134765625,7.499237060546875,,,-63.922587287489705,
cr_3_chloride-Cl-0-d1_chloride-Cl-0-d1_chloride-Cl-0-d1_chloride-Cl-0-d1_SH2-S-0-0_SH2-S-0-0_4,236.27975463867188,581.4971160888672,71.58387851972533,train,-51.7161736573496,-32.47173527184539
fe_2_furan-O-0-0_furan-O-0-0_furan-O-0-0_misc-C-4-0_furan-O-0-0_misc-C-4-0_5,29.62753295898437,36.58058166503906,31.52788223249778,train,-45.99230314243755,-47.13925960860001
mn_2_phosphine-P-0-0_phosphine-P-0-0_phosphine-P-0-0_phosphine-P-0-0_phosphine-P-0-0_SH2-S-0-0_6,50.001220703125,45.62095642089844,49.349603279221945,train,-88.3534137574668,-87.93301836764114
mn_3_cs-C-0-0_cs-C-0-0_misc-C-4-0_misc-C-4-0_cs-C-0-0_misc-C-4-0_5,,15.584182739257812,,,-55.83323566986223,
mn_2_misc-C-4-0_misc-C-4-0_misc-C-4-0_misc-C-4-0_acetonitrile-N-1-0_acetonitrile-N-1-0_6,58.9727783203125,,47.348579501600256,val,-74.34655328238762,-66.45919121608641
fe_3_ome2-O-0-0_ome2-O-0-0_ome2-O-0-0_pyridine-N-3-0_pyridine-N-3-0_pyridine-N-3-0_6,54.799346923828125,58.16429138183594,44.07540951027416,train,-62.15480934748484,-53.12116252112563
co_2_furan-O-0-0_furan-O-0-0_furan-O-0-0_imidazole-N-2-0_furan-O-0-0_imidazole-N-2-0_4,38.82369995117188,52.44972229003906,,,-35.1162114749161,
cr_3_formaldehyde-O-1-0_formaldehyde-O-1-0_formaldehyde-O-1-0_carbonyl-C-0-0_formaldehyde-O-1-0_carbonyl-C-0-0_4,241.75567626953125,722.2331237792969,62.3086320788742,train,-54.02051555252456,-31.131273538057233
fe_2_cs-C-0-0_cs-C-0-0_cs-C-0-0_cs-C-0-0_acetonitrile-N-1-0_acetonitrile-N-1-0_5,32.72743225097656,34.49134826660156,35.307004198436786,train,-32.247558830231355,-34.18917720861899
fe_2_cs-C-0-0_cs-C-0-0_cs-C-0-0_cs-C-0-0_furan-O-0-0_furan-O-0-0_5,36.557464599609375,38.83209228515625,36.35206973294991,train,-37.14576296256496,-37.00389355326189
cr_2_SH2-S-0-0_SH2-S-0-0_SH2-S-0-0_SH2-S-0-0_formaldehyde-O-1-0_formaldehyde-O-1-0_5,26.3275146484375,12.125015258789062,30.342819010516173,train,-69.60880591973137,-71.42041329375013
co_2_SH2-S-0-0_SH2-S-0-0_SH2-S-0-0_SH2-S-0-0_SH2-S-0-0_acetonitrile-N-1-0_4,59.64614868164063,56.07353210449219,49.04873513548313,train,-36.12575983005627,-32.29884680724873
cr_2_furan-O-0-0_furan-O-0-0_furan-O-0-0_furan-O-0-0_carboxyl-O-1-d1_carboxyl-O-1-d1_5,9.893264770507812,-68.29292297363281,21.96853652635734,train,-74.30000784224603,-78.193230610219
mn_3_misc-C-4-0_misc-C-4-0_misc-C-4-0_misc-C-4-0_carbonyl-C-0-0_carbonyl-C-0-0_5,36.071319580078125,27.899246215820312,42.95302319379371,train,-76.69717142019749,-80.98733933853613
fe_2_furan-O-0-0_furan-O-0-0_furan-O-0-0_ome2-O-0-0_furan-O-0-0_ome2-O-0-0_5,27.61787414550781,35.56709289550781,28.85715415009064,train,-57.38023651990716,-58.00303235692386
co_2_cs-C-0-0_cs-C-0-0_furan-O-0-0_furan-O-0-0_cs-C-0-0_furan-O-0-0_4,37.718505859375,34.88494873046875,,,-29.98891085742912,
co_2_phosphine-P-0-0_phosphine-P-0-0_thiocyanate-S-0-d1_thiocyanate-S-0-d1_phosphine-P-0-0_thiocyanate-S-0-d1_4,39.044342041015625,36.16828918457031,40.98741642523876,train,-30.43871101496279,-31.567532009743296
mn_2_misc-C-4-0_misc-C-4-0_misc-C-4-0_misc-C-4-0_ome2-O-0-0_ome2-O-0-0_6,,,,,-80.43227920255845,
co_2_pyridine-N-3-0_pyridine-N-3-0_pyridine-N-3-0_pyridine-N-3-0_pyridine-N-3-0_amine-N-0-d1_4,40.22552490234375,39.25338745117188,42.81437542379757,train,-29.827990992370133,-30.776524637508842
fe_2_phosphine-P-0-0_phosphine-P-0-0_phosphine-P-0-0_ammonia-N-0-0_phosphine-P-0-0_ammonia-N-0-0_5,35.02723693847656,37.63725280761719,39.02198761170838,val,-44.35264250518685,-47.01502734653207
fe_2_SH2-S-0-0_SH2-S-0-0_SH2-S-0-0_SH2-S-0-0_SH2-S-0-0_carbonyl-C-0-0_5,35.66627502441406,38.32176208496094,37.1091535602641,train,-48.93600039485023,-49.93180297572725
mn_2_acetonitrile-N-1-0_acetonitrile-N-1-0_furan-O-0-0_furan-O-0-0_acetonitrile-N-1-0_furan-O-0-0_6,,,,,-89.75065671254697,
mn_2_ome2-O-0-0_ome2-O-0-0_ome2-O-0-0_cs-C-0-0_ome2-O-0-0_cs-C-0-0_6,47.93876647949219,45.35820007324219,52.88055093152701,train,-89.67365806993826,-92.45307338569228
co_2_acetonitrile-N-1-0_acetonitrile-N-1-0_acetonitrile-N-1-0_misc-C-4-0_misc-C-4-0_misc-C-4-0_4,46.35665893554688,42.923126220703125,37.34638592566836,train,-23.717336380091183,-20.018743764794515
co_3_fluoride-F-0-d1_fluoride-F-0-d1_fluoride-F-0-d1_imidazole-N-2-0_imidazole-N-2-0_imidazole-N-2-0_5,29.669418334960938,31.791915893554688,38.851496131532606,val,-30.840264580010626,-36.88108463921198
co_3_phosphine-P-0-0_phosphine-P-0-0_phosphine-P-0-0_pyridine-N-3-0_phosphine-P-0-0_pyridine-N-3-0_5,20.3814697265625,12.97576904296875,,,1.4794987921652591,
fe_3_misc-C-4-0_misc-C-4-0_misc-C-4-0_fluoride-F-0-d1_misc-C-4-0_fluoride-F-0-d1_6,45.96183776855469,44.75128173828125,40.85888674410255,train,-53.239364020017774,-49.00605026908528
fe_2_ome2-O-0-0_ome2-O-0-0_ome2-O-0-0_ome2-O-0-0_ome2-O-0-0_ome2-O-0-0_5,29.467544555664062,37.35710144042969,31.93138611784609,train,-60.41064862490316,-61.59644524799078
co_2_carbonyl-C-0-0_carbonyl-C-0-0_carbonyl-C-0-0_carbonyl-C-0-0_carbonyl-C-0-0_carbonyl-C-0-0_4,41.51382446289063,39.8541259765625,37.37672856134928,train,-28.378687499903208,-26.38229861440958
fe_2_pyridine-N-3-0_pyridine-N-3-0_pyridine-N-3-0_pyridine-N-3-0_pyridine-N-3-0_thiocyanate-S-0-d1_5,29.243698120117188,33.014068603515625,,,-45.223180784699935,
mn_3_water-O-0-0_water-O-0-0_water-O-0-0_fluoride-F-0-d1_water-O-0-0_fluoride-F-0-d1_5,28.495635986328125,18.78036499023437,60.37991145974272,train,-76.26438278739045,-92.67968242888551
co_2_cyanide-C-0-d1_cyanide-C-0-d1_cyanide-C-0-d1_cyanide-C-0-d1_ammonia-N-0-0_ammonia-N-0-0_4,40.34126281738281,37.30865478515625,41.89321882477001,train,-21.999105212519225,-22.772897505014885
fe_2_carboxyl-O-1-d1_carboxyl-O-1-d1_carboxyl-O-1-d1_carboxyl-O-1-d1_ome2-O-0-0_ome2-O-0-0_5,35.59295654296875,35.28106689453125,33.75682265657261,train,-61.57556095978976,-60.619507614265785
mn_2_thiocyanate-S-0-d1_thiocyanate-S-0-d1_thiocyanate-S-0-d1_SH2-S-0-0_SH2-S-0-0_SH2-S-0-0_6,,,,,-94.69341961977308,
mn_3_carbonyl-C-0-0_carbonyl-C-0-0_carbonyl-C-0-0_acetonitrile-N-1-0_carbonyl-C-0-0_acetonitrile-N-1-0_5,36.64680480957031,25.83358764648437,39.748700718888685,train,-72.5762722448161,-74.3192185369023
cr_2_ome2-O-0-0_ome2-O-0-0_ome2-O-0-0_formaldehyde-O-1-0_ome2-O-0-0_formaldehyde-O-1-0_5,15.949935913085938,2.5119781494140625,30.03829363286723,train,-70.3487074850949,-76.17180990577029
fe_2_ammonia-N-0-0_ammonia-N-0-0_ammonia-N-0-0_ammonia-N-0-0_ammonia-N-0-0_ome2-O-0-0_5,32.80998229980469,37.13081359863281,33.99628327292377,train,-44.45424793238374,-45.17708027757811
co_2_carbonyl-C-0-0_carbonyl-C-0-0_carbonyl-C-0-0_carbonyl-C-0-0_misc-C-4-0_misc-C-4-0_4,32.55424499511719,30.125961303710938,37.22128766928333,train,-12.964432374951684,-15.519885572854813
co_2_ome2-O-0-0_ome2-O-0-0_ome2-O-0-0_ome2-O-0-0_pyridine-N-3-0_pyridine-N-3-0_4,53.05732727050781,50.63278198242188,50.00335944408502,train,-31.146301977527173,-30.168195390270792
fe_2_carbonyl-C-0-0_carbonyl-C-0-0_carbonyl-C-0-0_pyridine-N-3-0_pyridine-N-3-0_pyridine-N-3-0_5,31.991958618164062,35.14045715332031,32.351189232812565,train,-43.38806644763167,-43.62975344073479
cr_3_imidazole-N-2-0_imidazole-N-2-0_imidazole-N-2-0_imidazole-N-2-0_hydroxyl-O-0-d1_hydroxyl-O-0-d1_4,162.35733032226562,919.9455261230468,62.95523873088867,train,-42.07493610247525,-30.392116146170828
fe_3_chloride-Cl-0-d1_chloride-Cl-0-d1_chloride-Cl-0-d1_chloride-Cl-0-d1_chloride-Cl-0-d1_pyridine-N-3-0_6,42.114105224609375,39.8651123046875,42.67754416734849,train,-70.23514630013779,-70.73028349356109
fe_2_phosphine-P-0-0_phosphine-P-0-0_phosphine-P-0-0_phosphine-P-0-0_phosphine-P-0-0_carboxyl-O-1-d1_5,32.14149475097656,29.1790771484375,35.73048858126732,train,-67.6235151453443,-70.96381338386207
cr_2_furan-O-0-0_furan-O-0-0_furan-O-0-0_furan-O-0-0_misc-C-4-0_misc-C-4-0_5,30.89950561523437,21.140899658203125,,,-77.01515202503629,
mn_2_ome2-O-0-0_ome2-O-0-0_ome2-O-0-0_carboxyl-O-1-d1_ome2-O-0-0_carboxyl-O-1-d1_6,51.87736511230469,91.14616394042967,47.39738286512929,train,-94.00330767005585,-91.74787239187802
mn_2_carbonyl-C-0-0_carbonyl-C-0-0_carbonyl-C-0-0_formaldehyde-O-1-0_carbonyl-C-0-0_formaldehyde-O-1-0_6,49.01031494140625,46.0931396484375,47.60948160872385,train,-90.48635277244216,-89.71075059541639
fe_3_cyanide-C-0-d1_cyanide-C-0-d1_cyanide-C-0-d1_chloride-Cl-0-d1_cyanide-C-0-d1_chloride-Cl-0-d1_6,39.71588134765625,37.26852416992188,38.07423505463601,train,-43.386202772366005,-41.71000821295499
fe_2_misc-C-4-0_misc-C-4-0_misc-C-4-0_misc-C-4-0_misc-C-4-0_carbonyl-C-0-0_5,32.98820495605469,34.727020263671875,35.697701370044705,train,-29.299172897609083,-31.261295379506535
cr_2_acetonitrile-N-1-0_acetonitrile-N-1-0_acetonitrile-N-1-0_pyridine-N-3-0_pyridine-N-3-0_pyridine-N-3-0_5,37.3529052734375,26.59950256347656,,,-81.4291545676042,
fe_3_ome2-O-0-0_ome2-O-0-0_ome2-O-0-0_ome2-O-0-0_ome2-O-0-0_cs-C-0-0_6,46.58660888671875,45.52993774414063,40.77072452196694,train,-71.8350836777222,-66.68836685157675
fe_2_ammonia-N-0-0_ammonia-N-0-0_ammonia-N-0-0_ammonia-N-0-0_ammonia-N-0-0_formaldehyde-O-1-0_5,33.504486083984375,37.82150268554688,36.30439048325783,val,-45.607409074914926,-47.2450899291363
co_2_SH2-S-0-0_SH2-S-0-0_SH2-S-0-0_SH2-S-0-0_acetonitrile-N-1-0_acetonitrile-N-1-0_4,40.70098876953125,7.373733520507812,40.0517319378142,train,-30.9363749903207,-30.63223217092628
fe_2_misc-C-4-0_misc-C-4-0_misc-C-4-0_water-O-0-0_misc-C-4-0_water-O-0-0_5,34.059906005859375,37.241058349609375,35.6935408630926,train,-36.36957997501895,-37.416271088506925
mn_3_chloride-Cl-0-d1_chloride-Cl-0-d1_chloride-Cl-0-d1_cs-C-0-0_cs-C-0-0_cs-C-0-0_5,34.936065673828125,26.803436279296875,34.18576816291705,train,-66.38154455512336,-65.7287190991569
co_3_misc-C-4-0_misc-C-4-0_misc-C-4-0_misc-C-4-0_thiocyanate-S-0-d1_thiocyanate-S-0-d1_5,10.438156127929688,1.043548583984375,21.585135058787976,train,11.948948497589528,0.7868569078011627
cr_2_imidazole-N-2-0_imidazole-N-2-0_imidazole-N-2-0_imidazole-N-2-0_acetonitrile-N-1-0_acetonitrile-N-1-0_5,12.987060546875,-1.3213348388671875,27.344296016615843,val,-68.81946111990942,-73.69087974971839
fe_2_ammonia-N-0-0_ammonia-N-0-0_furan-O-0-0_furan-O-0-0_ammonia-N-0-0_furan-O-0-0_5,34.42008972167969,39.09111022949219,35.37675459017486,train,-48.8330947875636,-49.38567131878637
fe_2_carboxyl-O-1-d1_carboxyl-O-1-d1_carboxyl-O-1-d1_carboxyl-O-1-d1_furan-O-0-0_furan-O-0-0_5,29.16488647460937,34.775848388671875,31.78656149728593,train,-62.07610390523428,-63.53895921618595
fe_3_acetonitrile-N-1-0_acetonitrile-N-1-0_acetonitrile-N-1-0_misc-C-4-0_acetonitrile-N-1-0_misc-C-4-0_6,40.85479736328125,38.55010986328125,38.95224841554667,train,-44.14706158239028,-42.27211976182056
fe_2_formaldehyde-O-1-0_formaldehyde-O-1-0_formaldehyde-O-1-0_SH2-S-0-0_formaldehyde-O-1-0_SH2-S-0-0_5,33.23051452636719,37.55401611328125,35.1899235488863,train,-51.27294530772815,-52.509519994009835
cr_3_thiocyanate-S-0-d1_thiocyanate-S-0-d1_thiocyanate-S-0-d1_thiocyanate-S-0-d1_formaldehyde-O-1-0_formaldehyde-O-1-0_4,,25.566635131835938,,,-57.02356928471204,
mn_2_imidazole-N-2-0_imidazole-N-2-0_imidazole-N-2-0_imidazole-N-2-0_imidazole-N-2-0_misc-C-4-0_6,65.22529602050781,69.74342346191406,56.2876518755068,train,-79.31056710487837,-75.45938212221539
cr_3_cyanide-C-0-d1_cyanide-C-0-d1_cyanide-C-0-d1_chloride-Cl-0-d1_cyanide-C-0-d1_chloride-Cl-0-d1_4,,,,,-59.58157303492385,
co_2_phosphine-P-0-0_phosphine-P-0-0_phosphine-P-0-0_phosphine-P-0-0_phosphine-P-0-0_carbonyl-C-0-0_4,38.94523620605469,36.561279296875,41.4067880513388,val,-23.33399600254552,-24.846425248207943
fe_2_acetonitrile-N-1-0_acetonitrile-N-1-0_acetonitrile-N-1-0_acetonitrile-N-1-0_ome2-O-0-0_ome2-O-0-0_5,29.04975891113281,35.206756591796875,28.605624829152408,train,-48.86566894000112,-48.61290793863517
cr_2_acetonitrile-N-1-0_acetonitrile-N-1-0_acetonitrile-N-1-0_water-O-0-0_water-O-0-0_water-O-0-0_5,21.591033935546875,5.974273681640625,30.69024280389414,train,-66.05289519496807,-69.24879762389118
fe_3_pyridine-N-3-0_pyridine-N-3-0_pyridine-N-3-0_pyridine-N-3-0_hydroxyl-O-0-d1_hydroxyl-O-0-d1_6,43.40293884277344,42.08000183105469,39.928880698351925,train,-48.13474627263304,-44.88388270004736
cr_2_imidazole-N-2-0_imidazole-N-2-0_imidazole-N-2-0_imidazole-N-2-0_ome2-O-0-0_ome2-O-0-0_5,55.74882507324219,37.06024169921875,53.562417891993874,train,-84.67225967994636,-84.2286129222365
fe_2_acetonitrile-N-1-0_acetonitrile-N-1-0_acetonitrile-N-1-0_acetonitrile-N-1-0_acetonitrile-N-1-0_cs-C-0-0_5,30.411605834960938,34.1973876953125,32.27158456074243,train,-38.10194871732051,-39.270868100322225
fe_2_carbonyl-C-0-0_carbonyl-C-0-0_carbonyl-C-0-0_carbonyl-C-0-0_SH2-S-0-0_SH2-S-0-0_5,34.934234619140625,37.1331787109375,35.91912547047837,train,-40.68795904754893,-41.37616527918228
co_2_formaldehyde-O-1-0_formaldehyde-O-1-0_formaldehyde-O-1-0_formaldehyde-O-1-0_formaldehyde-O-1-0_amine-N-0-d1_4,40.867919921875,,,,-32.48892043008425,
fe_2_pyridine-N-3-0_pyridine-N-3-0_pyridine-N-3-0_pyridine-N-3-0_furan-O-0-0_furan-O-0-0_5,27.621994018554688,27.97889709472656,32.53213903675012,train,-44.41125790759429,-47.580674993973204
co_2_cs-C-0-0_cs-C-0-0_cs-C-0-0_cs-C-0-0_cs-C-0-0_acetonitrile-N-1-0_4,47.95158386230469,43.07525634765625,41.82844309904691,train,-18.99135778003256,-16.13129815855476
fe_3_hydroxyl-O-0-d1_hydroxyl-O-0-d1_hydroxyl-O-0-d1_hydroxyl-O-0-d1_imidazole-N-2-0_imidazole-N-2-0_6,45.33302307128906,43.52104187011719,41.897861934243295,train,-59.9725551074107,-57.01809406739791
mn_2_cyanide-C-0-d1_cyanide-C-0-d1_cyanide-C-0-d1_cyanide-C-0-d1_acetonitrile-N-1-0_acetonitrile-N-1-0_6,44.25048828125,39.95033264160156,50.08168355593501,val,-81.53189263273589,-85.19691574074658
fe_2_SH2-S-0-0_SH2-S-0-0_SH2-S-0-0_SH2-S-0-0_SH2-S-0-0_SH2-S-0-0_5,35.219879150390625,38.1341552734375,38.02208361109296,train,-52.54391079000129,-54.434113316354505
mn_3_cyanide-C-0-d1_cyanide-C-0-d1_imidazole-N-2-0_imidazole-N-2-0_cyanide-C-0-d1_imidazole-N-2-0_5,32.47123718261719,21.65687561035156,38.43379898238596,train,-68.12308985768482,-71.60076270519733
fe_2_furan-O-0-0_furan-O-0-0_furan-O-0-0_ome2-O-0-0_ome2-O-0-0_ome2-O-0-0_5,33.37493896484375,36.419219970703125,31.13082213149747,val,-58.1761945424887,-57.04344015120015
mn_2_pyridine-N-3-0_pyridine-N-3-0_pyridine-N-3-0_pyridine-N-3-0_pyridine-N-3-0_acetonitrile-N-1-0_6,,,,,-86.82251393000342,
fe_2_SH2-S-0-0_SH2-S-0-0_SH2-S-0-0_SH2-S-0-0_SH2-S-0-0_cs-C-0-0_5,34.554290771484375,39.50706481933594,36.13486351803624,train,-45.54687666016321,-46.68556676141586
fe_3_water-O-0-0_water-O-0-0_water-O-0-0_water-O-0-0_thiocyanate-S-0-d1_thiocyanate-S-0-d1_6,48.00796508789063,57.47833251953125,42.315944547243625,train,-51.01723278269105,-47.21862336368005
cr_3_formaldehyde-O-1-0_formaldehyde-O-1-0_formaldehyde-O-1-0_formaldehyde-O-1-0_thiocyanate-S-0-d1_thiocyanate-S-0-d1_4,138.45970153808594,,30.707251625335733,val,-49.304449569860935,-26.292327811211265
mn_2_imidazole-N-2-0_imidazole-N-2-0_imidazole-N-2-0_cs-C-0-0_imidazole-N-2-0_cs-C-0-0_6,43.262786865234375,,,,-79.35545531778189,
fe_2_ammonia-N-0-0_ammonia-N-0-0_ammonia-N-0-0_ammonia-N-0-0_acetonitrile-N-1-0_acetonitrile-N-1-0_5,36.29402160644531,39.93980407714844,35.17653106730808,train,-40.83837267992749,-40.178601429597535
co_3_carbonyl-C-0-0_carbonyl-C-0-0_carbonyl-C-0-0_carbonyl-C-0-0_carbonyl-C-0-0_water-O-0-0_5,27.168197631835938,26.114578247070312,33.17302022994509,train,-7.354974562480265,-12.330228409778066
fe_3_chloride-Cl-0-d1_chloride-Cl-0-d1_chloride-Cl-0-d1_imidazole-N-2-0_imidazole-N-2-0_imidazole-N-2-0_6,39.62059020996094,39.472198486328125,35.50082965545589,train,-55.37235072505951,-51.78202686035946
fe_2_ome2-O-0-0_ome2-O-0-0_ome2-O-0-0_ome2-O-0-0_ammonia-N-0-0_ammonia-N-0-0_5,30.263671875,36.46644592285156,35.783433249355944,train,-51.069711234938495,-53.97124609767491
fe_3_thiocyanate-S-0-d1_thiocyanate-S-0-d1_thiocyanate-S-0-d1_cs-C-0-0_thiocyanate-S-0-d1_cs-C-0-0_6,13.200836181640623,10.850448608398438,26.5650115242699,train,-7.914548315504817,-22.78087495511994
fe_2_pyridine-N-3-0_pyridine-N-3-0_pyridine-N-3-0_pyridine-N-3-0_acetonitrile-N-1-0_acetonitrile-N-1-0_5,25.91011047363281,29.37042236328125,31.368940581598423,train,-35.88747674503452,-39.69690431956516
cr_2_ome2-O-0-0_ome2-O-0-0_ome2-O-0-0_thiocyanate-S-0-d1_thiocyanate-S-0-d1_thiocyanate-S-0-d1_5,64.232177734375,46.03057861328125,39.21510185883736,train,-86.83511789497175,-81.35034459131477
co_2_misc-C-4-0_misc-C-4-0_misc-C-4-0_misc-C-4-0_misc-C-4-0_amine-N-0-d1_4,,,,,-22.00699100523252,
mn_2_pyridine-N-3-0_pyridine-N-3-0_pyridine-N-3-0_ome2-O-0-0_pyridine-N-3-0_ome2-O-0-0_6,,41.8963623046875,,,-90.30124403751302,
fe_2_ome2-O-0-0_ome2-O-0-0_ome2-O-0-0_SH2-S-0-0_ome2-O-0-0_SH2-S-0-0_5,38.61831665039063,38.57292175292969,38.66398767137922,train,-60.18365865751548,-60.20735622143982
fe_2_water-O-0-0_water-O-0-0_water-O-0-0_water-O-0-0_carbonyl-C-0-0_carbonyl-C-0-0_5,33.97865295410156,40.29441833496094,37.86344513891117,train,-54.51543860762001,-56.3227039156094
mn_2_acetonitrile-N-1-0_acetonitrile-N-1-0_acetonitrile-N-1-0_pyridine-N-3-0_pyridine-N-3-0_pyridine-N-3-0_6,69.47685241699219,78.13163757324219,,,-85.4518437174795,
co_2_imidazole-N-2-0_imidazole-N-2-0_imidazole-N-2-0_imidazole-N-2-0_imidazole-N-2-0_acetonitrile-N-1-0_4,,,,,-29.333455732596576,
mn_2_SH2-S-0-0_SH2-S-0-0_SH2-S-0-0_SH2-S-0-0_water-O-0-0_water-O-0-0_6,,60.0,,,-93.8715251403255,
mn_2_furan-O-0-0_furan-O-0-0_water-O-0-0_water-O-0-0_furan-O-0-0_water-O-0-0_6,,,,,-94.98096145492012,
co_3_acetonitrile-N-1-0_acetonitrile-N-1-0_acetonitrile-N-1-0_acetonitrile-N-1-0_fluoride-F-0-d1_fluoride-F-0-d1_5,28.05267333984375,31.34017944335937,34.33899911249696,train,-39.74645616496332,-42.90885037309843
mn_2_imidazole-N-2-0_imidazole-N-2-0_imidazole-N-2-0_imidazole-N-2-0_ome2-O-0-0_ome2-O-0-0_6,43.97056579589844,,56.430331707521525,val,-87.19719292504806,-93.89444827206225
co_2_carboxyl-O-1-d1_carboxyl-O-1-d1_carboxyl-O-1-d1_carboxyl-O-1-d1_ammonia-N-0-0_ammonia-N-0-0_4,66.91566467285156,37.488555908203125,55.4480954050544,train,-32.181976295097456,-29.71243105475591
co_2_imidazole-N-2-0_imidazole-N-2-0_imidazole-N-2-0_imidazole-N-2-0_imidazole-N-2-0_amine-N-0-d1_4,68.67324829101562,38.06396484375,46.93202858697429,train,-28.327676142549763,-23.41425593220231
fe_2_formaldehyde-O-1-0_formaldehyde-O-1-0_formaldehyde-O-1-0_water-O-0-0_water-O-0-0_water-O-0-0_5,32.63465881347656,38.65089416503906,33.64470067801758,train,-51.94195568745613,-52.4777533330267
mn_3_carbonyl-C-0-0_carbonyl-C-0-0_carbonyl-C-0-0_carbonyl-C-0-0_ammonia-N-0-0_ammonia-N-0-0_5,22.265853881835938,11.117477416992188,36.59094676594951,train,-76.59038911767482,-85.99432413331985
fe_3_cs-C-0-0_cs-C-0-0_cs-C-0-0_ammonia-N-0-0_cs-C-0-0_ammonia-N-0-0_6,45.1910400390625,38.86100769042969,42.94434878466384,train,-36.55618969005445,-34.36023006962144
cr_2_ome2-O-0-0_ome2-O-0-0_ome2-O-0-0_ome2-O-0-0_ome2-O-0-0_chloride-Cl-0-d1_5,10.164947509765623,-13.610763549804688,23.165905675611334,train,-81.429749437591,-86.96691755579346
mn_3_formaldehyde-O-1-0_formaldehyde-O-1-0_pyridine-N-3-0_pyridine-N-3-0_formaldehyde-O-1-0_pyridine-N-3-0_5,31.329345703125,18.246612548828125,37.14362852923467,train,-75.38846118480933,-78.7791688726308
co_2_ome2-O-0-0_ome2-O-0-0_ome2-O-0-0_ome2-O-0-0_cyanide-C-0-d1_cyanide-C-0-d1_4,43.1060791015625,41.00189208984375,37.34885213629477,val,-21.80938937251653,-19.356884706875416
fe_3_pyridine-N-3-0_pyridine-N-3-0_pyridine-N-3-0_phosphine-P-0-0_pyridine-N-3-0_phosphine-P-0-0_6,47.01812744140625,49.199981689453125,43.30796070842319,train,-47.35197265265924,-44.06493832278801
mn_3_phosphine-P-0-0_phosphine-P-0-0_phosphine-P-0-0_phosphine-P-0-0_formaldehyde-O-1-0_formaldehyde-O-1-0_5,17.674407958984375,,39.65546521345761,val,-89.42581376751491,-109.97765054863879
cr_3_pyridine-N-3-0_pyridine-N-3-0_pyridine-N-3-0_pyridine-N-3-0_hydroxyl-O-0-d1_hydroxyl-O-0-d1_4,145.87875366210938,371.9970703125,66.52277044483107,train,-40.151676840038135,-29.69986490640253
co_2_carboxyl-O-1-d1_carboxyl-O-1-d1_carboxyl-O-1-d1_pyridine-N-3-0_carboxyl-O-1-d1_pyridine-N-3-0_4,107.00180053710938,113.98933410644533,55.93547115704898,train,-40.54182621998507,-31.754227312263552
fe_2_furan-O-0-0_furan-O-0-0_furan-O-0-0_furan-O-0-0_imidazole-N-2-0_imidazole-N-2-0_5,26.888656616210938,33.67607116699219,,,-50.39264312760338,
co_2_phosphine-P-0-0_phosphine-P-0-0_phosphine-P-0-0_thiocyanate-S-0-d1_phosphine-P-0-0_thiocyanate-S-0-d1_4,46.84135437011719,43.99650573730469,43.33057427623608,train,-32.50003659244953,-30.54909726450159
cr_2_phosphine-P-0-0_phosphine-P-0-0_phosphine-P-0-0_phosphine-P-0-0_phosphine-P-0-0_acetonitrile-N-1-0_5,51.05934143066406,36.46125793457031,33.299893684001354,val,-73.88884725249568,-67.89778272789316
fe_3_cs-C-0-0_cs-C-0-0_cs-C-0-0_cyanide-C-0-d1_cs-C-0-0_cyanide-C-0-d1_6,42.81532287597656,40.24688720703125,40.81342760987229,train,-23.85890665489569,-21.791587244175812
mn_2_ome2-O-0-0_ome2-O-0-0_ome2-O-0-0_misc-C-4-0_misc-C-4-0_misc-C-4-0_6,86.99195861816406,75.0,63.78067508130269,train,-85.54058853235404,-77.1428313932904
mn_2_misc-C-4-0_misc-C-4-0_misc-C-4-0_misc-C-4-0_misc-C-4-0_ome2-O-0-0_6,49.21638488769531,42.499847412109375,47.7770864169401,train,-73.80020158242871,-72.89768253676628
mn_2_ome2-O-0-0_ome2-O-0-0_ome2-O-0-0_ome2-O-0-0_ome2-O-0-0_phosphine-P-0-0_6,,24.58953857421875,,,-96.62980555485774,
co_2_furan-O-0-0_furan-O-0-0_furan-O-0-0_furan-O-0-0_chloride-Cl-0-d1_chloride-Cl-0-d1_4,78.07579040527344,,,,-36.49843647237503,
co_2_misc-C-4-0_misc-C-4-0_misc-C-4-0_misc-C-4-0_misc-C-4-0_imidazole-N-2-0_4,39.09019470214844,44.81407165527344,,,-23.855046275200493,
co_3_thiocyanate-S-0-d1_thiocyanate-S-0-d1_misc-C-4-0_misc-C-4-0_thiocyanate-S-0-d1_misc-C-4-0_5,17.811431884765625,9.181671142578123,22.0434016401922,train,-17.973399042590472,-23.83366000766598
fe_2_formaldehyde-O-1-0_formaldehyde-O-1-0_formaldehyde-O-1-0_formaldehyde-O-1-0_carbonyl-C-0-0_carbonyl-C-0-0_5,33.58154296875,37.95021057128906,36.00148285422821,train,-46.39903107240968,-47.89514920690007
fe_3_ome2-O-0-0_ome2-O-0-0_ome2-O-0-0_phosphine-P-0-0_ome2-O-0-0_phosphine-P-0-0_6,60.19630432128906,54.08470153808594,46.82776402480341,train,-61.08998891024953,-52.599641057660094
fe_2_ome2-O-0-0_ome2-O-0-0_ome2-O-0-0_acetonitrile-N-1-0_ome2-O-0-0_acetonitrile-N-1-0_5,29.303970336914062,36.25480651855469,30.868090017333245,train,-53.63104701001134,-54.4550318495382
fe_3_imidazole-N-2-0_imidazole-N-2-0_imidazole-N-2-0_formaldehyde-O-1-0_imidazole-N-2-0_formaldehyde-O-1-0_6,,34.022369384765625,,,-52.9364540828135,
mn_2_imidazole-N-2-0_imidazole-N-2-0_imidazole-N-2-0_imidazole-N-2-0_imidazole-N-2-0_chloride-Cl-0-d1_6,47.86125183105469,43.12187194824219,,,-87.13792178494145,
fe_2_ammonia-N-0-0_ammonia-N-0-0_ammonia-N-0-0_carbonyl-C-0-0_carbonyl-C-0-0_carbonyl-C-0-0_5,35.11772155761719,38.27407836914063,38.30266234151292,train,-45.29149671003324,-47.227468307773236
fe_2_furan-O-0-0_furan-O-0-0_furan-O-0-0_SH2-S-0-0_SH2-S-0-0_SH2-S-0-0_5,33.31855773925781,37.88780212402344,36.0887495130802,train,-55.20972217730787,-56.87380367400771
fe_2_ammonia-N-0-0_ammonia-N-0-0_ammonia-N-0-0_ammonia-N-0-0_pyridine-N-3-0_pyridine-N-3-0_5,33.34739685058594,36.86744689941406,31.74392945330792,train,-41.28561200993431,-40.2476559915988
mn_2_carbonyl-C-0-0_carbonyl-C-0-0_carbonyl-C-0-0_carbonyl-C-0-0_carbonyl-C-0-0_cs-C-0-0_6,54.136505126953125,50.31021118164063,52.335741740252686,train,-86.80743573244854,-85.75838051908127
fe_2_cs-C-0-0_cs-C-0-0_cs-C-0-0_cs-C-0-0_cs-C-0-0_SH2-S-0-0_5,34.65766906738281,,,,-24.57509813253409,
fe_2_formaldehyde-O-1-0_formaldehyde-O-1-0_formaldehyde-O-1-0_pyridine-N-3-0_pyridine-N-3-0_pyridine-N-3-0_5,36.35040283203125,,,,-48.81568793730935,
fe_2_phosphine-P-0-0_phosphine-P-0-0_phosphine-P-0-0_phosphine-P-0-0_water-O-0-0_water-O-0-0_5,35.819091796875,39.144287109375,38.47220054832075,train,-50.22923334262373,-51.90163558981124
fe_3_formaldehyde-O-1-0_formaldehyde-O-1-0_formaldehyde-O-1-0_phosphine-P-0-0_phosphine-P-0-0_phosphine-P-0-0_6,54.16130065917969,,41.361467464338645,val,-51.74509513239286,-44.30130592564428
cr_2_ammonia-N-0-0_ammonia-N-0-0_ammonia-N-0-0_carboxyl-O-1-d1_carboxyl-O-1-d1_carboxyl-O-1-d1_5,17.538681030273438,1.310577392578125,29.63551846272065,train,-68.75432661988839,-72.52031866815719
fe_2_water-O-0-0_water-O-0-0_water-O-0-0_water-O-0-0_water-O-0-0_carbonyl-C-0-0_5,33.009796142578125,39.82521057128906,40.86896712662709,val,-53.75801661498997,-57.342117449690775
fe_2_ammonia-N-0-0_ammonia-N-0-0_ammonia-N-0-0_formaldehyde-O-1-0_formaldehyde-O-1-0_formaldehyde-O-1-0_5,32.399444580078125,37.44041442871094,33.47145518678536,train,-52.50483448255636,-53.091825154032925
cr_2_pyridine-N-3-0_pyridine-N-3-0_pyridine-N-3-0_pyridine-N-3-0_pyridine-N-3-0_hydroxyl-O-0-d1_5,29.437179565429688,18.165740966796875,42.57494195860041,val,-73.41139317021089,-77.91183067784742
cr_2_cs-C-0-0_cs-C-0-0_cs-C-0-0_cs-C-0-0_formaldehyde-O-1-0_formaldehyde-O-1-0_5,32.79441833496094,22.083969116210938,32.5087488545693,train,-54.00156819036738,-53.84865291455924
co_2_imidazole-N-2-0_imidazole-N-2-0_imidazole-N-2-0_thiocyanate-S-0-d1_thiocyanate-S-0-d1_thiocyanate-S-0-d1_4,32.347869873046875,30.425262451171875,,,-26.32587082260329,
mn_2_cs-C-0-0_cs-C-0-0_cs-C-0-0_cs-C-0-0_cs-C-0-0_hydroxyl-O-0-d1_6,52.304534912109375,,,,-66.42314843237614,
cr_2_imidazole-N-2-0_imidazole-N-2-0_imidazole-N-2-0_imidazole-N-2-0_ammonia-N-0-0_ammonia-N-0-0_5,32.14698791503906,22.491226196289062,34.452757626402146,train,-79.53521461499804,-80.84727800051544
mn_2_phosphine-P-0-0_phosphine-P-0-0_phosphine-P-0-0_SH2-S-0-0_SH2-S-0-0_SH2-S-0-0_6,54.37583923339844,48.261566162109375,51.72689542107491,train,-91.832593782284,-90.25419361070682
mn_3_chloride-Cl-0-d1_chloride-Cl-0-d1_chloride-Cl-0-d1_cyanide-C-0-d1_chloride-Cl-0-d1_cyanide-C-0-d1_5,13.7457275390625,1.446075439453125,30.591399607093106,train,-85.84077574774483,-100.51647217314965
fe_2_formaldehyde-O-1-0_formaldehyde-O-1-0_misc-C-4-0_misc-C-4-0_formaldehyde-O-1-0_misc-C-4-0_5,34.195404052734375,37.45201110839844,34.08058400182379,train,-38.31505901260471,-38.236871755783724
fe_3_carbonyl-C-0-0_carbonyl-C-0-0_carbonyl-C-0-0_water-O-0-0_carbonyl-C-0-0_water-O-0-0_6,45.53924560546875,43.91075134277344,41.72111325763572,train,-62.40608795747164,-58.75387042954015
cr_2_cs-C-0-0_cs-C-0-0_cs-C-0-0_pyridine-N-3-0_cs-C-0-0_pyridine-N-3-0_5,48.209381103515625,40.46089172363281,36.86911968945212,train,-64.1639319448791,-59.039372985242515
co_2_pyridine-N-3-0_pyridine-N-3-0_pyridine-N-3-0_pyridine-N-3-0_cyanide-C-0-d1_cyanide-C-0-d1_4,43.39576721191406,38.52867126464844,,,-19.37077314521048,
mn_3_cs-C-0-0_cs-C-0-0_cs-C-0-0_hydroxyl-O-0-d1_cs-C-0-0_hydroxyl-O-0-d1_5,35.29296875,22.530441284179688,39.79895118224051,train,-68.82026682966398,-72.09544475022284
cr_2_misc-C-4-0_misc-C-4-0_misc-C-4-0_misc-C-4-0_misc-C-4-0_furan-O-0-0_5,25.197830200195312,11.512603759765623,22.77051428136476,train,-55.057296152452295,-53.924914452804266
co_3_carbonyl-C-0-0_carbonyl-C-0-0_carbonyl-C-0-0_carbonyl-C-0-0_cs-C-0-0_cs-C-0-0_5,25.565643310546875,21.169509887695312,31.43783783679481,train,8.431987952535565,2.4919216791987084
mn_3_ome2-O-0-0_ome2-O-0-0_ome2-O-0-0_ome2-O-0-0_ome2-O-0-0_carboxyl-O-1-d1_5,-35.541839599609375,,44.09962538959843,val,-14.86294868488585,-170.60488565946457
fe_3_carboxyl-O-1-d1_carboxyl-O-1-d1_carboxyl-O-1-d1_fluoride-F-0-d1_fluoride-F-0-d1_fluoride-F-0-d1_6,34.247283935546875,,40.87722409413704,val,-77.69506960998456,-84.31374933450458
cr_2_furan-O-0-0_furan-O-0-0_furan-O-0-0_phosphine-P-0-0_furan-O-0-0_phosphine-P-0-0_5,11.823348999023438,-1.435546875,32.53479692067484,val,-67.24512825263332,-74.6432067070876
mn_2_pyridine-N-3-0_pyridine-N-3-0_pyridine-N-3-0_pyridine-N-3-0_pyridine-N-3-0_furan-O-0-0_6,,,,,-90.3513404998398,
fe_2_acetonitrile-N-1-0_acetonitrile-N-1-0_acetonitrile-N-1-0_water-O-0-0_water-O-0-0_water-O-0-0_5,30.93086242675781,37.0001220703125,31.62063140068748,train,-48.14876148487258,-48.502264841127776
mn_3_water-O-0-0_water-O-0-0_water-O-0-0_water-O-0-0_thiocyanate-S-0-d1_thiocyanate-S-0-d1_5,29.91127014160156,20.393218994140625,38.8333191109937,val,-79.07750921274214,-86.49795685957633
cr_2_ome2-O-0-0_ome2-O-0-0_ome2-O-0-0_ome2-O-0-0_acetonitrile-N-1-0_acetonitrile-N-1-0_5,57.07939147949219,41.00883483886719,,,-78.70748313007198,
mn_2_ome2-O-0-0_ome2-O-0-0_ome2-O-0-0_ome2-O-0-0_fluoride-F-0-d1_fluoride-F-0-d1_6,88.07830810546875,64.53773498535156,,,-92.71365586500508,
co_2_SH2-S-0-0_SH2-S-0-0_SH2-S-0-0_imidazole-N-2-0_SH2-S-0-0_imidazole-N-2-0_4,38.26499938964844,35.618438720703125,35.33927837349913,train,-30.577623199912978,-29.13113442907726
cr_2_ome2-O-0-0_ome2-O-0-0_ome2-O-0-0_chloride-Cl-0-d1_ome2-O-0-0_chloride-Cl-0-d1_5,34.16572570800781,18.745574951171875,32.76124010681361,train,-79.64532329508415,-79.24768261723665
mn_3_acetonitrile-N-1-0_acetonitrile-N-1-0_acetonitrile-N-1-0_acetonitrile-N-1-0_SH2-S-0-0_SH2-S-0-0_5,19.5721435546875,7.573699951171875,35.03641301661357,val,-68.89494999750468,-81.56462039922579
mn_2_cs-C-0-0_cs-C-0-0_formaldehyde-O-1-0_formaldehyde-O-1-0_cs-C-0-0_formaldehyde-O-1-0_6,,,,,-81.3535345424691,
co_2_water-O-0-0_water-O-0-0_water-O-0-0_water-O-0-0_furan-O-0-0_furan-O-0-0_4,34.66896057128906,33.89923095703125,40.912670599236336,train,-37.89998784254863,-40.13007135778192
cr_2_ome2-O-0-0_ome2-O-0-0_ome2-O-0-0_water-O-0-0_ome2-O-0-0_water-O-0-0_5,18.38050842285156,2.806854248046875,,,-69.64411095253752,
co_3_phosphine-P-0-0_phosphine-P-0-0_phosphine-P-0-0_phosphine-P-0-0_carboxyl-O-1-d1_carboxyl-O-1-d1_5,1.3543701171875,-15.835723876953123,26.508655342332197,train,-37.10616080997397,-83.52239643531927
fe_2_ome2-O-0-0_ome2-O-0-0_ome2-O-0-0_ome2-O-0-0_ome2-O-0-0_furan-O-0-0_5,28.962326049804688,,32.95850730290578,val,-60.13791830006312,-62.05700869839962
mn_2_imidazole-N-2-0_imidazole-N-2-0_imidazole-N-2-0_imidazole-N-2-0_imidazole-N-2-0_thiocyanate-S-0-d1_6,,,,,-83.89395699784473,
cr_2_chloride-Cl-0-d1_chloride-Cl-0-d1_chloride-Cl-0-d1_furan-O-0-0_furan-O-0-0_furan-O-0-0_5,31.81243896484375,15.952224731445312,28.731775978458145,train,-82.83714032207513,-81.98614212043609
cr_2_ome2-O-0-0_ome2-O-0-0_ome2-O-0-0_ome2-O-0-0_ome2-O-0-0_furan-O-0-0_5,47.920684814453125,30.407638549804688,41.74753563507119,train,-80.18928359257927,-78.79003221715084
co_2_cs-C-0-0_cs-C-0-0_phosphine-P-0-0_phosphine-P-0-0_cs-C-0-0_phosphine-P-0-0_4,43.703460693359375,40.31044006347656,42.30564639574575,train,-20.241612625247853,-19.457662041706246
fe_3_cyanide-C-0-d1_cyanide-C-0-d1_cyanide-C-0-d1_hydroxyl-O-0-d1_cyanide-C-0-d1_hydroxyl-O-0-d1_6,56.31324768066406,61.837921142578125,46.3666070515901,train,-61.5554627625329,-55.094810814505706
cr_3_ammonia-N-0-0_ammonia-N-0-0_imidazole-N-2-0_imidazole-N-2-0_ammonia-N-0-0_imidazole-N-2-0_4,34.53956604003906,-92.66365051269533,,,-56.44560162495509,
fe_2_formaldehyde-O-1-0_formaldehyde-O-1-0_formaldehyde-O-1-0_formaldehyde-O-1-0_formaldehyde-O-1-0_acetonitrile-N-1-0_5,31.313247680664062,36.59591674804688,32.097328069613106,train,-47.819741899922974,-48.27446578214785
fe_3_carbonyl-C-0-0_carbonyl-C-0-0_carbonyl-C-0-0_carbonyl-C-0-0_carbonyl-C-0-0_thiocyanate-S-0-d1_6,,132.78953552246094,,,-49.92895388499505,
co_2_misc-C-4-0_misc-C-4-0_misc-C-4-0_misc-C-4-0_cs-C-0-0_cs-C-0-0_4,45.59486389160156,39.67521667480469,39.23499846804357,train,-19.4153488624238,-16.273835569059635
co_2_cs-C-0-0_cs-C-0-0_water-O-0-0_water-O-0-0_cs-C-0-0_water-O-0-0_4,39.029388427734375,37.21214294433594,37.67338042211156,train,-29.887977482330825,-29.284460562192635
co_2_misc-C-4-0_misc-C-4-0_misc-C-4-0_misc-C-4-0_misc-C-4-0_SH2-S-0-0_4,45.55000305175781,41.63230895996094,40.61943192109138,train,-17.143258584958403,-14.560896609240789
cr_2_thiocyanate-S-0-d1_thiocyanate-S-0-d1_thiocyanate-S-0-d1_thiocyanate-S-0-d1_carbonyl-C-0-0_carbonyl-C-0-0_5,36.78550720214844,25.74691772460937,35.353129112200456,train,-54.900108657443525,-54.14537303049614
mn_2_cs-C-0-0_cs-C-0-0_cs-C-0-0_SH2-S-0-0_SH2-S-0-0_SH2-S-0-0_6,,,,,-82.1918707773898,
co_3_imidazole-N-2-0_imidazole-N-2-0_imidazole-N-2-0_ome2-O-0-0_imidazole-N-2-0_ome2-O-0-0_5,7.042083740234375,0.3896331787109375,28.058110955844384,train,-15.833096315087689,-37.25339255936564
co_2_pyridine-N-3-0_pyridine-N-3-0_pyridine-N-3-0_pyridine-N-3-0_pyridine-N-3-0_furan-O-0-0_4,34.08439636230469,31.418609619140625,,,-27.35135077483392,
fe_2_ome2-O-0-0_ome2-O-0-0_ome2-O-0-0_ome2-O-0-0_formaldehyde-O-1-0_formaldehyde-O-1-0_5,29.99847412109375,37.376708984375,29.867168582460963,train,-57.57546871256977,-57.50779849612653
fe_2_ammonia-N-0-0_ammonia-N-0-0_ammonia-N-0-0_ammonia-N-0-0_SH2-S-0-0_SH2-S-0-0_5,34.66819763183594,38.29216003417969,37.71257439654959,train,-49.13496433021237,-50.9297056021455
cr_3_carbonyl-C-0-0_carbonyl-C-0-0_carbonyl-C-0-0_cyanide-C-0-d1_carbonyl-C-0-0_cyanide-C-0-d1_4,146.29013061523438,,,,-53.69478093014834,
mn_2_SH2-S-0-0_SH2-S-0-0_SH2-S-0-0_SH2-S-0-0_imidazole-N-2-0_imidazole-N-2-0_6,,49.05929565429688,,,-96.36092117765088,
fe_2_furan-O-0-0_furan-O-0-0_furan-O-0-0_furan-O-0-0_fluoride-F-0-d1_fluoride-F-0-d1_5,23.975830078125,35.37818908691406,34.51376892012735,train,-74.4963764373756,-78.05323932509249
mn_3_cyanide-C-0-d1_cyanide-C-0-d1_cyanide-C-0-d1_pyridine-N-3-0_pyridine-N-3-0_pyridine-N-3-0_5,46.15730285644531,36.043548583984375,41.88731690692455,train,-80.85654764015544,-78.52934177581484
fe_2_formaldehyde-O-1-0_formaldehyde-O-1-0_SH2-S-0-0_SH2-S-0-0_formaldehyde-O-1-0_SH2-S-0-0_5,35.19866943359375,37.90687561035156,35.953141696364426,train,-51.76183934252094,-52.33402163952666
fe_3_carbonyl-C-0-0_carbonyl-C-0-0_carbonyl-C-0-0_phosphine-P-0-0_phosphine-P-0-0_phosphine-P-0-0_6,47.65716552734375,39.67803955078125,44.34745886025676,train,-31.48105753995424,-29.364773500928784
mn_3_formaldehyde-O-1-0_formaldehyde-O-1-0_formaldehyde-O-1-0_formaldehyde-O-1-0_formaldehyde-O-1-0_fluoride-F-0-d1_5,31.84188842773437,2.049789428710937,35.31753186719984,train,-72.53500219745717,-74.62952052472818
co_2_ome2-O-0-0_ome2-O-0-0_ome2-O-0-0_ome2-O-0-0_ome2-O-0-0_acetonitrile-N-1-0_4,46.84700012207031,45.57151794433594,51.66745622579205,train,-37.96760159510313,-39.20318319064152
cr_3_pyridine-N-3-0_pyridine-N-3-0_pyridine-N-3-0_pyridine-N-3-0_chloride-Cl-0-d1_chloride-Cl-0-d1_4,30.48652648925781,4.815521240234375,30.353718117023607,train,-54.40783490743797,-54.36024859202869
fe_3_pyridine-N-3-0_pyridine-N-3-0_pyridine-N-3-0_pyridine-N-3-0_pyridine-N-3-0_carbonyl-C-0-0_6,41.11846923828125,38.18389892578125,40.79344557667984,train,-52.47750936746684,-52.14280640176745
fe_2_imidazole-N-2-0_imidazole-N-2-0_imidazole-N-2-0_imidazole-N-2-0_imidazole-N-2-0_misc-C-4-0_5,29.818115234375,37.97164916992188,,,-38.01419096020823,
fe_3_misc-C-4-0_misc-C-4-0_misc-C-4-0_misc-C-4-0_pyridine-N-3-0_pyridine-N-3-0_6,,,,,-30.887684755175545,
mn_2_cs-C-0-0_cs-C-0-0_cs-C-0-0_cs-C-0-0_thiocyanate-S-0-d1_thiocyanate-S-0-d1_6,62.215118408203125,66.65390014648438,53.58899406863948,train,-64.17768799993382,-59.393178330784615
co_2_ammonia-N-0-0_ammonia-N-0-0_SH2-S-0-0_SH2-S-0-0_ammonia-N-0-0_SH2-S-0-0_4,39.174346923828125,37.016143798828125,42.44277964690852,val,-34.10344467235518,-35.63329715963141
fe_2_cyanide-C-0-d1_cyanide-C-0-d1_cyanide-C-0-d1_cyanide-C-0-d1_pyridine-N-3-0_pyridine-N-3-0_5,31.028976440429688,33.62518310546875,30.2771591420443,train,-32.05719540994323,-31.488729674702462
mn_2_furan-O-0-0_furan-O-0-0_furan-O-0-0_carbonyl-C-0-0_furan-O-0-0_carbonyl-C-0-0_6,53.11836242675781,47.02430725097656,58.23116679471055,train,-94.12711530244452,-96.46476523194679
fe_2_acetonitrile-N-1-0_acetonitrile-N-1-0_acetonitrile-N-1-0_ammonia-N-0-0_ammonia-N-0-0_ammonia-N-0-0_5,34.9444580078125,38.78318786621094,35.49852470641634,train,-41.3269868499691,-41.654431361017664
cr_3_ammonia-N-0-0_ammonia-N-0-0_ammonia-N-0-0_ammonia-N-0-0_ammonia-N-0-0_amine-N-0-d1_4,36.25617980957031,7.739639282226562,42.416765628213,val,-41.08576204481096,-43.14878699232105
mn_2_phosphine-P-0-0_phosphine-P-0-0_phosphine-P-0-0_phosphine-P-0-0_phosphine-P-0-0_cyanide-C-0-d1_6,,,,,-82.34224048523288,
mn_2_SH2-S-0-0_SH2-S-0-0_SH2-S-0-0_SH2-S-0-0_SH2-S-0-0_acetonitrile-N-1-0_6,51.46087646484375,48.07777404785156,51.55462060349503,train,-94.08100785766464,-94.13453908717203
co_2_cs-C-0-0_cs-C-0-0_cs-C-0-0_cs-C-0-0_cs-C-0-0_hydroxyl-O-0-d1_4,39.59159851074219,37.54409790039063,38.96930276924608,train,-14.236978530129818,-13.954099981228765
co_2_SH2-S-0-0_SH2-S-0-0_SH2-S-0-0_water-O-0-0_water-O-0-0_water-O-0-0_4,46.165618896484375,44.09996032714844,46.36864033819819,train,-42.30527378262877,-42.37987572971732
co_3_formaldehyde-O-1-0_formaldehyde-O-1-0_formaldehyde-O-1-0_formaldehyde-O-1-0_formaldehyde-O-1-0_pyridine-N-3-0_5,11.385269165039062,,,,-15.818382695172204,
cr_2_furan-O-0-0_furan-O-0-0_furan-O-0-0_furan-O-0-0_pyridine-N-3-0_pyridine-N-3-0_5,-11.016769409179688,-26.407012939453125,,,-71.0242702200128,
fe_2_ammonia-N-0-0_ammonia-N-0-0_ammonia-N-0-0_carboxyl-O-1-d1_ammonia-N-0-0_carboxyl-O-1-d1_5,33.28544616699219,37.42523193359375,32.74412775874224,train,-43.80175147000841,-43.4701041157475
fe_2_pyridine-N-3-0_pyridine-N-3-0_pyridine-N-3-0_pyridine-N-3-0_pyridine-N-3-0_cs-C-0-0_5,32.85758972167969,,,,-39.612713324847846,
fe_2_formaldehyde-O-1-0_formaldehyde-O-1-0_formaldehyde-O-1-0_formaldehyde-O-1-0_pyridine-N-3-0_pyridine-N-3-0_5,30.98052978515625,36.16096496582031,30.465250313230413,train,-49.07023707737949,-48.773985339667576
co_2_ome2-O-0-0_ome2-O-0-0_ome2-O-0-0_cs-C-0-0_ome2-O-0-0_cs-C-0-0_4,42.606353759765625,40.68862915039063,39.91947395142281,train,-33.70708931769286,-32.589560057256236
co_2_ome2-O-0-0_ome2-O-0-0_ome2-O-0-0_ome2-O-0-0_ome2-O-0-0_amine-N-0-d1_4,100.91217041015624,107.54898071289062,,,-35.376443254814376,
fe_3_hydroxyl-O-0-d1_hydroxyl-O-0-d1_hydroxyl-O-0-d1_hydroxyl-O-0-d1_ome2-O-0-0_ome2-O-0-0_6,57.664337158203125,42.27684020996094,45.76089650816042,train,-68.3667399499484,-59.57699652240937
co_2_water-O-0-0_water-O-0-0_water-O-0-0_water-O-0-0_water-O-0-0_imidazole-N-2-0_4,60.61248779296875,57.16804504394531,56.51137575740437,train,-33.50656730004289,-32.34986397411669
co_2_furan-O-0-0_furan-O-0-0_furan-O-0-0_furan-O-0-0_furan-O-0-0_acetonitrile-N-1-0_4,37.31605529785156,36.486358642578125,42.3034365102641,val,-36.99539827495414,-38.79980157458856
mn_2_cyanide-C-0-d1_cyanide-C-0-d1_cyanide-C-0-d1_cyanide-C-0-d1_imidazole-N-2-0_imidazole-N-2-0_6,51.757659912109375,47.83248901367188,50.159926445682814,train,-79.31444881991865,-78.38659290276955
fe_2_imidazole-N-2-0_imidazole-N-2-0_imidazole-N-2-0_imidazole-N-2-0_carboxyl-O-1-d1_carboxyl-O-1-d1_5,33.83552551269531,37.95913696289063,32.817648225944254,train,-41.46884075505568,-40.81915796864694
cr_2_phosphine-P-0-0_phosphine-P-0-0_phosphine-P-0-0_phosphine-P-0-0_phosphine-P-0-0_water-O-0-0_5,23.564682006835938,9.718704223632812,30.65134382830142,train,-62.00815193033236,-64.71202963453639
cr_2_furan-O-0-0_furan-O-0-0_furan-O-0-0_furan-O-0-0_imidazole-N-2-0_imidazole-N-2-0_5,-8.989334106445312,-28.38539123535156,37.23465817619474,val,-68.99303514997655,-87.4556294821602
cr_3_phosphine-P-0-0_phosphine-P-0-0_phosphine-P-0-0_ome2-O-0-0_phosphine-P-0-0_ome2-O-0-0_4,36.99737548828125,14.06494140625,33.655279196868754,val,-52.699668212367214,-51.66240861091305
mn_2_misc-C-4-0_misc-C-4-0_misc-C-4-0_misc-C-4-0_misc-C-4-0_cs-C-0-0_6,47.21138000488281,43.05000305175781,48.536894593079,train,-70.04942449762893,-70.94102623699695
fe_3_chloride-Cl-0-d1_chloride-Cl-0-d1_cyanide-C-0-d1_cyanide-C-0-d1_chloride-Cl-0-d1_cyanide-C-0-d1_6,39.7186279296875,36.853790283203125,37.68922579710061,train,-49.41239964994679,-47.40391233107248
co_2_cs-C-0-0_cs-C-0-0_cs-C-0-0_cs-C-0-0_formaldehyde-O-1-0_formaldehyde-O-1-0_4,38.864593505859375,46.68907165527344,37.99504030923941,train,-19.53668288971926,-19.050141090149268
fe_2_acetonitrile-N-1-0_acetonitrile-N-1-0_acetonitrile-N-1-0_ome2-O-0-0_ome2-O-0-0_ome2-O-0-0_5,29.189605712890625,35.60455322265625,29.577399596556912,train,-48.74412846510609,-48.96422639351622
co_3_imidazole-N-2-0_imidazole-N-2-0_imidazole-N-2-0_imidazole-N-2-0_phosphine-P-0-0_phosphine-P-0-0_5,11.95343017578125,3.2263946533203125,,,-4.125932980080052,
fe_2_water-O-0-0_water-O-0-0_water-O-0-0_water-O-0-0_water-O-0-0_ome2-O-0-0_5,30.843734741210938,38.38310241699219,36.64930516368104,val,-56.44764162756815,-59.13396863179544
co_2_acetonitrile-N-1-0_acetonitrile-N-1-0_acetonitrile-N-1-0_acetonitrile-N-1-0_acetonitrile-N-1-0_amine-N-0-d1_4,76.9903564453125,92.79640197753906,,,-33.775838844935606,
cr_3_acetonitrile-N-1-0_acetonitrile-N-1-0_acetonitrile-N-1-0_carbonyl-C-0-0_acetonitrile-N-1-0_carbonyl-C-0-0_4,189.82162475585932,,29.294619291870607,val,-54.11203517258855,-25.16296649590588
mn_2_furan-O-0-0_furan-O-0-0_furan-O-0-0_furan-O-0-0_chloride-Cl-0-d1_chloride-Cl-0-d1_6,,,,,-102.22877596002036,
co_3_chloride-Cl-0-d1_chloride-Cl-0-d1_chloride-Cl-0-d1_chloride-Cl-0-d1_pyridine-N-3-0_pyridine-N-3-0_5,20.698776245117188,29.82093811035156,29.802087355219182,train,-9.13185125271184,-16.479453977268054
fe_2_formaldehyde-O-1-0_formaldehyde-O-1-0_formaldehyde-O-1-0_furan-O-0-0_furan-O-0-0_furan-O-0-0_5,34.32441711425781,39.8284912109375,31.660229774671585,train,-52.59263616477483,-51.05711391238128
fe_3_misc-C-4-0_misc-C-4-0_misc-C-4-0_misc-C-4-0_ammonia-N-0-0_ammonia-N-0-0_6,40.34088134765625,37.588653564453125,40.40486162004758,val,-32.96107903994141,-33.02782280667821
fe_2_cs-C-0-0_cs-C-0-0_cs-C-0-0_cs-C-0-0_cs-C-0-0_furan-O-0-0_5,36.32102966308594,37.88299560546875,37.39628089537091,train,-27.376894417429867,-28.20472202110714
fe_2_formaldehyde-O-1-0_formaldehyde-O-1-0_formaldehyde-O-1-0_formaldehyde-O-1-0_chloride-Cl-0-d1_chloride-Cl-0-d1_5,44.44236755371094,37.37724304199219,39.10135764524056,train,-59.43691671522515,-56.57362067369753
fe_2_water-O-0-0_water-O-0-0_water-O-0-0_water-O-0-0_SH2-S-0-0_SH2-S-0-0_5,43.52165222167969,47.64801025390625,44.48015828642918,train,-57.38099579486743,-57.84087585358395
co_2_SH2-S-0-0_SH2-S-0-0_SH2-S-0-0_SH2-S-0-0_fluoride-F-0-d1_fluoride-F-0-d1_4,883.5842132568359,181.23779296875,70.73578711551728,train,-31.03344045523272,-5.156357019134177
mn_2_cs-C-0-0_cs-C-0-0_cs-C-0-0_furan-O-0-0_cs-C-0-0_furan-O-0-0_6,48.3990478515625,45.4132080078125,49.16441554838155,train,-79.99173655249933,-80.50562598058845
cr_2_cs-C-0-0_cs-C-0-0_cs-C-0-0_cs-C-0-0_imidazole-N-2-0_imidazole-N-2-0_5,17.444839477539062,4.2908477783203125,27.22281845818429,train,-50.50923325513054,-57.812722508233236
co_3_cs-C-0-0_cs-C-0-0_cs-C-0-0_cs-C-0-0_hydroxyl-O-0-d1_hydroxyl-O-0-d1_5,25.08018493652344,31.41929626464844,33.75249241779801,train,-56.38954956033331,-59.804577577954916
fe_2_formaldehyde-O-1-0_formaldehyde-O-1-0_formaldehyde-O-1-0_formaldehyde-O-1-0_furan-O-0-0_furan-O-0-0_5,29.120330810546875,35.95100402832031,30.44907525737671,train,-50.86289099990722,-51.581761985707374
fe_2_carbonyl-C-0-0_carbonyl-C-0-0_carbonyl-C-0-0_carbonyl-C-0-0_carbonyl-C-0-0_acetonitrile-N-1-0_5,33.49067687988281,36.37428283691406,35.90559269569678,val,-42.30600921255586,-43.853209075931645
cr_2_cs-C-0-0_cs-C-0-0_cs-C-0-0_cs-C-0-0_ome2-O-0-0_ome2-O-0-0_5,33.18389892578125,23.361358642578125,33.78926314965378,train,-47.032085702435324,-47.401311110766706
fe_2_cs-C-0-0_cs-C-0-0_cs-C-0-0_cs-C-0-0_cs-C-0-0_cs-C-0-0_5,34.79087829589844,35.27488708496094,36.79897772181482,train,-20.69729496749688,-22.383098002726165
co_3_water-O-0-0_water-O-0-0_water-O-0-0_cs-C-0-0_water-O-0-0_cs-C-0-0_5,26.354751586914062,25.602340698242188,32.45426955030557,train,-8.552654947536666,-13.32851452087684
mn_3_thiocyanate-S-0-d1_thiocyanate-S-0-d1_thiocyanate-S-0-d1_thiocyanate-S-0-d1_phosphine-P-0-0_phosphine-P-0-0_5,,,,,-77.7037134226714,
fe_2_SH2-S-0-0_SH2-S-0-0_SH2-S-0-0_SH2-S-0-0_pyridine-N-3-0_pyridine-N-3-0_5,32.704010009765625,36.174163818359375,33.33547133254858,train,-49.77254386239679,-50.1924230642205
fe_3_imidazole-N-2-0_imidazole-N-2-0_imidazole-N-2-0_imidazole-N-2-0_imidazole-N-2-0_hydroxyl-O-0-d1_6,43.94073486328125,42.26768493652344,,,-46.63494095256056,
cr_3_water-O-0-0_water-O-0-0_water-O-0-0_water-O-0-0_cs-C-0-0_cs-C-0-0_4,,,,,-56.55336533751438,
fe_2_carbonyl-C-0-0_carbonyl-C-0-0_formaldehyde-O-1-0_formaldehyde-O-1-0_carbonyl-C-0-0_formaldehyde-O-1-0_5,32.767181396484375,37.65464782714844,35.23618612647175,val,-50.81692474241834,-52.230031063973165
cr_3_water-O-0-0_water-O-0-0_water-O-0-0_water-O-0-0_chloride-Cl-0-d1_chloride-Cl-0-d1_4,75.98793029785156,42.23228454589844,68.25884303423868,train,-64.87126751479082,-63.46542684170045
fe_2_amine-N-0-d1_amine-N-0-d1_amine-N-0-d1_amine-N-0-d1_pyridine-N-3-0_pyridine-N-3-0_5,16.938095092773438,19.712142944335938,29.08602405607377,train,-28.67989942265808,-35.3511215433536
co_3_carbonyl-C-0-0_carbonyl-C-0-0_carbonyl-C-0-0_carbonyl-C-0-0_pyridine-N-3-0_pyridine-N-3-0_5,20.970916748046875,12.206344604492188,26.389184456394503,train,-34.75270825481971,-43.00745694621335
mn_2_cs-C-0-0_cs-C-0-0_cs-C-0-0_cs-C-0-0_cs-C-0-0_acetonitrile-N-1-0_6,49.02778625488281,,50.833468839049104,val,-73.03287638523216,-74.27577792723399
mn_2_cs-C-0-0_cs-C-0-0_phosphine-P-0-0_phosphine-P-0-0_cs-C-0-0_phosphine-P-0-0_6,50.37689208984375,42.61383056640625,48.14215927150702,train,-76.03664170288425,-74.56518828424164
fe_2_formaldehyde-O-1-0_formaldehyde-O-1-0_formaldehyde-O-1-0_formaldehyde-O-1-0_ome2-O-0-0_ome2-O-0-0_5,31.70616149902344,37.66281127929688,32.574152869403875,train,-51.50766983993094,-51.98245940475568
fe_2_carbonyl-C-0-0_carbonyl-C-0-0_carbonyl-C-0-0_furan-O-0-0_carbonyl-C-0-0_furan-O-0-0_5,33.21540832519531,37.44964599609375,32.64961879783277,train,-46.65564343249002,-46.310856172640854
fe_3_pyridine-N-3-0_pyridine-N-3-0_pyridine-N-3-0_pyridine-N-3-0_cs-C-0-0_cs-C-0-0_6,37.74116516113281,35.039520263671875,38.549496032769646,train,-39.38149714513884,-40.23995374254637
cr_2_phosphine-P-0-0_phosphine-P-0-0_phosphine-P-0-0_phosphine-P-0-0_phosphine-P-0-0_cs-C-0-0_5,21.56112670898437,12.935943603515623,31.14407280735944,train,-62.53458803474473,-68.26475876923988
mn_2_pyridine-N-3-0_pyridine-N-3-0_pyridine-N-3-0_pyridine-N-3-0_carbonyl-C-0-0_carbonyl-C-0-0_6,,55.04547119140625,,,-82.51213611010712,
mn_2_pyridine-N-3-0_pyridine-N-3-0_pyridine-N-3-0_pyridine-N-3-0_furan-O-0-0_furan-O-0-0_6,71.36001586914062,74.02481079101562,60.10095562567336,train,-91.8696470300074,-87.3576044756431
mn_3_SH2-S-0-0_SH2-S-0-0_SH2-S-0-0_SH2-S-0-0_SH2-S-0-0_amine-N-0-d1_5,-51.410675048828125,-30.024642944335938,,,-23.10283378755116,
mn_2_acetonitrile-N-1-0_acetonitrile-N-1-0_acetonitrile-N-1-0_acetonitrile-N-1-0_acetonitrile-N-1-0_furan-O-0-0_6,42.44453430175781,38.91944885253906,43.73349844708985,train,-86.05518308508124,-86.79868263228407
co_2_cs-C-0-0_cs-C-0-0_cs-C-0-0_cs-C-0-0_cs-C-0-0_furan-O-0-0_4,39.72373962402344,36.44844055175781,39.30255739752815,train,-10.806335630079502,-10.535913043795748
cr_3_cs-C-0-0_cs-C-0-0_cs-C-0-0_cs-C-0-0_cs-C-0-0_thiocyanate-S-0-d1_4,89.55108642578125,,34.69819903631905,val,-36.10424975732144,-18.93902845821384
mn_2_misc-C-4-0_misc-C-4-0_misc-C-4-0_misc-C-4-0_cs-C-0-0_cs-C-0-0_6,47.8143310546875,43.88420104980469,49.0984279501347,train,-70.57243319790359,-71.4603527377103
cr_2_cs-C-0-0_cs-C-0-0_cs-C-0-0_cs-C-0-0_cs-C-0-0_misc-C-4-0_5,30.87127685546875,21.456298828125,34.74305285607292,train,-51.77368277725691,-54.424816093451916
co_2_SH2-S-0-0_SH2-S-0-0_SH2-S-0-0_SH2-S-0-0_SH2-S-0-0_imidazole-N-2-0_4,57.23991394042969,54.25537109375,50.45241729735692,train,-30.882714327163967,-28.360109163465783
fe_2_furan-O-0-0_furan-O-0-0_furan-O-0-0_water-O-0-0_water-O-0-0_water-O-0-0_5,30.374832153320312,37.235107421875,31.864606276150734,train,-53.27812971482331,-54.03810266430392
cr_2_acetonitrile-N-1-0_acetonitrile-N-1-0_acetonitrile-N-1-0_acetonitrile-N-1-0_acetonitrile-N-1-0_thiocyanate-S-0-d1_5,18.309783935546875,3.2269287109375,17.833680615096416,train,-58.00500187513421,-57.764106733468125
fe_2_formaldehyde-O-1-0_formaldehyde-O-1-0_ome2-O-0-0_ome2-O-0-0_formaldehyde-O-1-0_ome2-O-0-0_5,30.06561279296875,37.10807800292969,31.060515799126485,train,-55.38210019275312,-55.866185113182176
mn_3_phosphine-P-0-0_phosphine-P-0-0_phosphine-P-0-0_carbonyl-C-0-0_phosphine-P-0-0_carbonyl-C-0-0_5,26.322021484375,17.122344970703125,37.455063920508,train,-83.25681734250338,-92.5152722140224
co_3_furan-O-0-0_furan-O-0-0_furan-O-0-0_amine-N-0-d1_furan-O-0-0_amine-N-0-d1_5,7.395401000976562,-0.91796875,29.39792268438283,train,-43.24978992030765,-61.01173671025726
mn_3_cs-C-0-0_cs-C-0-0_cs-C-0-0_phosphine-P-0-0_cs-C-0-0_phosphine-P-0-0_5,,,,,-65.6045163248848,
mn_2_phosphine-P-0-0_phosphine-P-0-0_phosphine-P-0-0_furan-O-0-0_phosphine-P-0-0_furan-O-0-0_6,51.14143371582031,43.639068603515625,51.06242547566666,train,-89.65831318513551,-89.61412445990301
fe_2_formaldehyde-O-1-0_formaldehyde-O-1-0_formaldehyde-O-1-0_formaldehyde-O-1-0_formaldehyde-O-1-0_carbonyl-C-0-0_5,32.54631042480469,37.584228515625,32.89519342866718,train,-48.616276595041086,-48.824656977556586
cr_2_phosphine-P-0-0_phosphine-P-0-0_phosphine-P-0-0_water-O-0-0_water-O-0-0_water-O-0-0_5,64.02427673339844,47.08229064941406,43.49601055001192,train,-78.78400110762755,-73.92713880088836
fe_3_cyanide-C-0-d1_cyanide-C-0-d1_cyanide-C-0-d1_cyanide-C-0-d1_cs-C-0-0_cs-C-0-0_6,46.92779541015625,,37.51407239510968,val,-16.905828272834924,-6.626341783165287
co_2_phosphine-P-0-0_phosphine-P-0-0_phosphine-P-0-0_phosphine-P-0-0_phosphine-P-0-0_misc-C-4-0_4,39.746856689453125,41.22955322265625,,,-21.35767973241628,
fe_2_ammonia-N-0-0_ammonia-N-0-0_ammonia-N-0-0_ammonia-N-0-0_thiocyanate-S-0-d1_thiocyanate-S-0-d1_5,33.15185546875,36.53244018554688,34.53945611677303,train,-43.210062267617104,-44.11302420514999
mn_2_formaldehyde-O-1-0_formaldehyde-O-1-0_formaldehyde-O-1-0_formaldehyde-O-1-0_misc-C-4-0_misc-C-4-0_6,63.86299133300781,66.64375305175781,58.93368803393736,train,-82.72525330739029,-80.57973496052605
co_2_phosphine-P-0-0_phosphine-P-0-0_phosphine-P-0-0_phosphine-P-0-0_cyanide-C-0-d1_cyanide-C-0-d1_4,38.37547302246094,35.701141357421875,39.4596388147677,train,-9.864251682931808,-10.476323709516958
fe_2_imidazole-N-2-0_imidazole-N-2-0_imidazole-N-2-0_cyanide-C-0-d1_imidazole-N-2-0_cyanide-C-0-d1_5,,,,,-36.79534437249004,
fe_2_furan-O-0-0_furan-O-0-0_furan-O-0-0_furan-O-0-0_furan-O-0-0_SH2-S-0-0_5,26.032485961914062,32.7227783203125,,,-54.33400074782071,
mn_2_imidazole-N-2-0_imidazole-N-2-0_phosphine-P-0-0_phosphine-P-0-0_imidazole-N-2-0_phosphine-P-0-0_6,72.06398010253906,77.17147827148438,56.00382493604752,train,-86.35581394256064,-79.85485128477944
mn_2_misc-C-4-0_misc-C-4-0_misc-C-4-0_misc-C-4-0_pyridine-N-3-0_pyridine-N-3-0_6,,,,,-72.84272066781568,
co_2_ome2-O-0-0_ome2-O-0-0_ome2-O-0-0_water-O-0-0_ome2-O-0-0_water-O-0-0_4,36.88270568847656,36.13815307617188,42.276150455710905,val,-41.02062001515492,-42.78610361596084
cr_2_ome2-O-0-0_ome2-O-0-0_ome2-O-0-0_ome2-O-0-0_ome2-O-0-0_thiocyanate-S-0-d1_5,14.8797607421875,1.5370941162109375,,,-69.36202585775277,
mn_2_acetonitrile-N-1-0_acetonitrile-N-1-0_acetonitrile-N-1-0_SH2-S-0-0_SH2-S-0-0_SH2-S-0-0_6,52.75604248046875,44.00840759277344,48.1674731907159,train,-88.48502560757538,-86.00761165963846
cr_3_chloride-Cl-0-d1_chloride-Cl-0-d1_chloride-Cl-0-d1_pyridine-N-3-0_chloride-Cl-0-d1_pyridine-N-3-0_4,46.81640625,26.375808715820312,,,-59.05234392730108,
co_2_acetonitrile-N-1-0_acetonitrile-N-1-0_acetonitrile-N-1-0_acetonitrile-N-1-0_acetonitrile-N-1-0_imidazole-N-2-0_4,23.143539428710938,39.45365905761719,,,-29.71613409750944,
mn_3_pyridine-N-3-0_pyridine-N-3-0_pyridine-N-3-0_thiocyanate-S-0-d1_thiocyanate-S-0-d1_thiocyanate-S-0-d1_5,,18.486557006835938,,,-72.23916857782342,
co_2_imidazole-N-2-0_imidazole-N-2-0_imidazole-N-2-0_chloride-Cl-0-d1_imidazole-N-2-0_chloride-Cl-0-d1_4,40.348052978515625,38.53729248046875,38.62102004956928,train,-34.44301943461028,-33.669913767416986
cr_3_formaldehyde-O-1-0_formaldehyde-O-1-0_formaldehyde-O-1-0_ome2-O-0-0_ome2-O-0-0_ome2-O-0-0_4,44.32762145996094,18.943405151367188,39.87657908985968,train,-49.71784405995663,-48.46978818148352
fe_2_ammonia-N-0-0_ammonia-N-0-0_ammonia-N-0-0_pyridine-N-3-0_pyridine-N-3-0_pyridine-N-3-0_5,31.79718017578125,36.26304626464844,32.34884352276027,train,-39.76435623013799,-40.127445449918255
mn_2_imidazole-N-2-0_imidazole-N-2-0_imidazole-N-2-0_ome2-O-0-0_ome2-O-0-0_ome2-O-0-0_6,,,,,-91.48134249995452,
mn_2_carbonyl-C-0-0_carbonyl-C-0-0_carbonyl-C-0-0_water-O-0-0_water-O-0-0_water-O-0-0_6,43.563079833984375,40.53955078125,47.07938684293006,train,-89.68310194493938,-91.54837186514123
fe_2_carbonyl-C-0-0_carbonyl-C-0-0_carbonyl-C-0-0_carbonyl-C-0-0_cyanide-C-0-d1_cyanide-C-0-d1_5,,21.1871337890625,,,-26.931262114906644,
mn_2_water-O-0-0_water-O-0-0_water-O-0-0_water-O-0-0_water-O-0-0_SH2-S-0-0_6,86.86614990234375,92.7094268798828,65.15555901672856,train,-92.11377653262277,-85.26120018858508
co_2_carbonyl-C-0-0_carbonyl-C-0-0_carbonyl-C-0-0_misc-C-4-0_misc-C-4-0_misc-C-4-0_4,51.16752624511719,46.49215698242188,41.7381862686736,train,-17.140045157484565,-12.849769682394754
cr_3_chloride-Cl-0-d1_chloride-Cl-0-d1_chloride-Cl-0-d1_chloride-Cl-0-d1_chloride-Cl-0-d1_carbonyl-C-0-0_4,,,,,-58.68317438248937,
cr_2_pyridine-N-3-0_pyridine-N-3-0_pyridine-N-3-0_pyridine-N-3-0_thiocyanate-S-0-d1_thiocyanate-S-0-d1_5,6.2697601318359375,-6.9498443603515625,22.56765217569986,train,-64.10869688460707,-73.80284552304748
fe_2_formaldehyde-O-1-0_formaldehyde-O-1-0_formaldehyde-O-1-0_formaldehyde-O-1-0_formaldehyde-O-1-0_cs-C-0-0_5,33.43406677246094,37.171630859375,32.635704649923206,train,-44.83249175503829,-44.31666983868588
fe_2_carboxyl-O-1-d1_carboxyl-O-1-d1_carboxyl-O-1-d1_carboxyl-O-1-d1_carboxyl-O-1-d1_pyridine-N-3-0_5,30.689849853515625,35.36094665527344,32.0701473284154,train,-56.22432818260791,-57.094884972437626
fe_3_cyanide-C-0-d1_cyanide-C-0-d1_fluoride-F-0-d1_fluoride-F-0-d1_cyanide-C-0-d1_fluoride-F-0-d1_6,55.21553039550781,45.81764221191406,47.35022378505434,train,-71.13790858750974,-65.49291152248307
fe_2_formaldehyde-O-1-0_formaldehyde-O-1-0_formaldehyde-O-1-0_formaldehyde-O-1-0_formaldehyde-O-1-0_SH2-S-0-0_5,32.80921936035156,37.57926940917969,33.140593627877166,train,-49.8208494401149,-50.0239553071978
co_2_SH2-S-0-0_SH2-S-0-0_SH2-S-0-0_thiocyanate-S-0-d1_SH2-S-0-0_thiocyanate-S-0-d1_4,39.76615905761719,36.48109436035156,40.22523711801378,train,-33.37158954014626,-33.645709336802575
cr_2_cs-C-0-0_cs-C-0-0_cs-C-0-0_cs-C-0-0_carbonyl-C-0-0_carbonyl-C-0-0_5,52.115478515625,39.70512390136719,41.0177293275699,train,-66.49616684234502,-61.960200262791595
mn_3_SH2-S-0-0_SH2-S-0-0_SH2-S-0-0_SH2-S-0-0_fluoride-F-0-d1_fluoride-F-0-d1_5,,120.00358581542967,,,-78.91577610743752,
co_3_pyridine-N-3-0_pyridine-N-3-0_pyridine-N-3-0_pyridine-N-3-0_ammonia-N-0-0_ammonia-N-0-0_5,23.647689819335938,20.374298095703125,33.14851676567982,train,9.102346202276976,-0.045107553782657295
co_2_phosphine-P-0-0_phosphine-P-0-0_phosphine-P-0-0_phosphine-P-0-0_phosphine-P-0-0_cs-C-0-0_4,46.32850646972656,42.99171447753906,43.677011867171686,train,-20.274939777426653,-18.899668392791565
fe_2_imidazole-N-2-0_imidazole-N-2-0_imidazole-N-2-0_acetonitrile-N-1-0_imidazole-N-2-0_acetonitrile-N-1-0_5,32.370758056640625,36.380157470703125,32.975216587547386,train,-40.61050232993352,-40.994375217429585
mn_2_formaldehyde-O-1-0_formaldehyde-O-1-0_formaldehyde-O-1-0_water-O-0-0_formaldehyde-O-1-0_water-O-0-0_6,45.9771728515625,,44.376426018917,val,-91.5111688301306,-90.63115839808842
fe_3_acetonitrile-N-1-0_acetonitrile-N-1-0_acetonitrile-N-1-0_carbonyl-C-0-0_acetonitrile-N-1-0_carbonyl-C-0-0_6,51.386260986328125,49.85404968261719,42.83119798686796,train,-58.56429388007143,-52.59773482879252
fe_2_acetonitrile-N-1-0_acetonitrile-N-1-0_acetonitrile-N-1-0_cs-C-0-0_cs-C-0-0_cs-C-0-0_5,32.23014831542969,34.2706298828125,35.213876551233284,val,-31.38940300739023,-33.556923709292754
fe_2_water-O-0-0_water-O-0-0_water-O-0-0_acetonitrile-N-1-0_water-O-0-0_acetonitrile-N-1-0_5,30.778732299804688,36.98753356933594,33.459656926766,train,-49.30473759259655,-50.7235570674415
cr_2_cyanide-C-0-d1_cyanide-C-0-d1_cyanide-C-0-d1_hydroxyl-O-0-d1_cyanide-C-0-d1_hydroxyl-O-0-d1_5,6.489181518554688,-7.9843902587890625,26.987908052167555,train,-42.59133597244386,-51.86936104879616
fe_2_acetonitrile-N-1-0_acetonitrile-N-1-0_acetonitrile-N-1-0_acetonitrile-N-1-0_cs-C-0-0_cs-C-0-0_5,31.53038024902344,34.59419250488281,33.580128572743526,train,-35.464344710189835,-36.845732575135465
cr_2_cs-C-0-0_cs-C-0-0_water-O-0-0_water-O-0-0_cs-C-0-0_water-O-0-0_5,30.36727905273437,-0.0624847412109375,31.644550002554634,train,-56.14245323741898,-56.749320955075675
co_2_pyridine-N-3-0_pyridine-N-3-0_pyridine-N-3-0_pyridine-N-3-0_pyridine-N-3-0_misc-C-4-0_4,50.46195983886719,47.54852294921875,,,-31.47118570962789,
fe_2_furan-O-0-0_furan-O-0-0_furan-O-0-0_furan-O-0-0_furan-O-0-0_water-O-0-0_5,28.47030639648437,36.013946533203125,,,-55.11582307758204,
mn_3_imidazole-N-2-0_imidazole-N-2-0_imidazole-N-2-0_imidazole-N-2-0_thiocyanate-S-0-d1_thiocyanate-S-0-d1_5,24.332504272460938,13.27117919921875,33.01643713638778,train,-71.59170529208268,-78.06700551087336
fe_2_water-O-0-0_water-O-0-0_water-O-0-0_pyridine-N-3-0_water-O-0-0_pyridine-N-3-0_5,31.37413024902344,36.8316650390625,31.64300257739436,train,-50.08022530993344,-50.23287475462163
cr_2_formaldehyde-O-1-0_formaldehyde-O-1-0_formaldehyde-O-1-0_formaldehyde-O-1-0_formaldehyde-O-1-0_SH2-S-0-0_5,27.54219055175781,17.735824584960938,28.2202143106885,train,-72.74277936999852,-73.18770578486992
fe_2_carbonyl-C-0-0_carbonyl-C-0-0_carbonyl-C-0-0_cs-C-0-0_cs-C-0-0_cs-C-0-0_5,35.41221618652344,36.98501586914063,36.05161919655342,train,-32.81911908733491,-33.29109245364058
fe_3_cyanide-C-0-d1_cyanide-C-0-d1_cyanide-C-0-d1_fluoride-F-0-d1_cyanide-C-0-d1_fluoride-F-0-d1_6,45.33653259277344,53.1781005859375,45.79738421288589,train,-57.0673568625557,-57.484474861858146
cr_2_amine-N-0-d1_amine-N-0-d1_amine-N-0-d1_carbonyl-C-0-0_amine-N-0-d1_carbonyl-C-0-0_5,24.475021362304688,5.731735229492188,30.62403069854219,train,-58.8447706926712,-62.87789978572446
co_2_cs-C-0-0_cs-C-0-0_cs-C-0-0_SH2-S-0-0_cs-C-0-0_SH2-S-0-0_4,37.81013488769531,35.39276123046875,38.991790426626665,train,-16.523606099877952,-17.25329697729208
co_2_misc-C-4-0_misc-C-4-0_SH2-S-0-0_SH2-S-0-0_misc-C-4-0_SH2-S-0-0_4,40.82908630371094,38.44642639160156,41.012312268341,train,-25.723113147199683,-25.802602279195924
mn_3_cyanide-C-0-d1_cyanide-C-0-d1_cyanide-C-0-d1_formaldehyde-O-1-0_formaldehyde-O-1-0_formaldehyde-O-1-0_5,62.277374267578125,53.494873046875,45.704563193129104,train,-96.85582603501076,-89.15056262013344
fe_2_cs-C-0-0_cs-C-0-0_ome2-O-0-0_ome2-O-0-0_cs-C-0-0_ome2-O-0-0_5,32.525482177734375,39.49592590332031,34.446601880442806,train,-43.892164807857625,-45.116973536412594
mn_2_misc-C-4-0_misc-C-4-0_misc-C-4-0_misc-C-4-0_misc-C-4-0_amine-N-0-d1_6,53.31672668457031,52.96638488769531,50.34036640888553,train,-72.14048792758604,-70.44433093806417
cr_3_acetonitrile-N-1-0_acetonitrile-N-1-0_acetonitrile-N-1-0_ammonia-N-0-0_acetonitrile-N-1-0_ammonia-N-0-0_4,,,,,-61.199574255020366,
mn_2_imidazole-N-2-0_imidazole-N-2-0_imidazole-N-2-0_imidazole-N-2-0_imidazole-N-2-0_amine-N-0-d1_6,32.98583984375,28.776626586914062,50.18854932290625,train,-81.30125751758897,-91.48086260656187
cr_2_formaldehyde-O-1-0_formaldehyde-O-1-0_formaldehyde-O-1-0_formaldehyde-O-1-0_phosphine-P-0-0_phosphine-P-0-0_5,29.07432556152344,-744.9131774902344,30.50952643111723,train,-70.21738554020203,-71.18107831710346
fe_2_acetonitrile-N-1-0_acetonitrile-N-1-0_acetonitrile-N-1-0_acetonitrile-N-1-0_acetonitrile-N-1-0_SH2-S-0-0_5,30.428543090820312,33.02177429199219,,,-42.45560646779268,
fe_2_carbonyl-C-0-0_carbonyl-C-0-0_carbonyl-C-0-0_carbonyl-C-0-0_fluoride-F-0-d1_fluoride-F-0-d1_5,31.558609008789062,38.59298706054688,36.991162637565,train,-65.81157187249573,-67.86925336751744
fe_3_phosphine-P-0-0_phosphine-P-0-0_phosphine-P-0-0_phosphine-P-0-0_cs-C-0-0_cs-C-0-0_6,42.69477844238281,36.41647338867188,39.911689903599125,train,-27.992398499936822,-25.696510020269173
cr_3_cs-C-0-0_cs-C-0-0_cs-C-0-0_fluoride-F-0-d1_fluoride-F-0-d1_fluoride-F-0-d1_4,48.98521423339844,36.21833801269531,44.869068157132745,train,-31.0651135174976,-28.600241734482392
cr_2_phosphine-P-0-0_phosphine-P-0-0_phosphine-P-0-0_phosphine-P-0-0_ammonia-N-0-0_ammonia-N-0-0_5,44.62471008300781,27.6605224609375,38.3052575798296,train,-74.82060631511331,-72.94933155075948
co_3_pyridine-N-3-0_pyridine-N-3-0_pyridine-N-3-0_pyridine-N-3-0_fluoride-F-0-d1_fluoride-F-0-d1_5,28.27484130859375,28.961715698242188,,,-8.47965912761424,
fe_2_ome2-O-0-0_ome2-O-0-0_ome2-O-0-0_ome2-O-0-0_ome2-O-0-0_hydroxyl-O-0-d1_5,22.787857055664062,36.614532470703125,,,-64.08799377746959,
mn_2_ammonia-N-0-0_ammonia-N-0-0_ammonia-N-0-0_ammonia-N-0-0_ammonia-N-0-0_hydroxyl-O-0-d1_6,57.2442626953125,58.42002868652344,55.06938338122564,train,-78.99696393983106,-77.94458576962656
mn_3_ome2-O-0-0_ome2-O-0-0_ome2-O-0-0_ome2-O-0-0_pyridine-N-3-0_pyridine-N-3-0_5,59.67765808105469,47.57881164550781,50.06954676262055,train,-95.0830475475982,-91.5415064505076
mn_2_misc-C-4-0_misc-C-4-0_misc-C-4-0_SH2-S-0-0_misc-C-4-0_SH2-S-0-0_6,50.6866455078125,47.175140380859375,48.01210075539323,val,-79.86514030992453,-78.10416846988757
fe_3_imidazole-N-2-0_imidazole-N-2-0_imidazole-N-2-0_pyridine-N-3-0_imidazole-N-2-0_pyridine-N-3-0_6,,,,,-48.6111699999708,
mn_2_pyridine-N-3-0_pyridine-N-3-0_pyridine-N-3-0_pyridine-N-3-0_cs-C-0-0_cs-C-0-0_6,49.85939025878906,35.09346008300781,,,-77.97170800487152,
cr_2_misc-C-4-0_misc-C-4-0_misc-C-4-0_misc-C-4-0_formaldehyde-O-1-0_formaldehyde-O-1-0_5,52.95631408691406,11.724014282226562,25.0706908486826,val,-70.37209754749483,-60.73337083725511
cr_2_misc-C-4-0_misc-C-4-0_misc-C-4-0_acetonitrile-N-1-0_misc-C-4-0_acetonitrile-N-1-0_5,10.92681884765625,4.200439453125,17.709085657327442,train,-53.7010427524865,-57.51844690817922
fe_2_cs-C-0-0_cs-C-0-0_cs-C-0-0_thiocyanate-S-0-d1_thiocyanate-S-0-d1_thiocyanate-S-0-d1_5,29.22607421875,27.60337829589844,31.59872270520537,train,-16.39146589493521,-18.615189046941506
fe_3_carboxyl-O-1-d1_carboxyl-O-1-d1_carboxyl-O-1-d1_fluoride-F-0-d1_carboxyl-O-1-d1_fluoride-F-0-d1_6,43.63090515136719,,48.9475750335757,val,-70.07644652999943,-75.6990572515675
co_2_pyridine-N-3-0_pyridine-N-3-0_pyridine-N-3-0_pyridine-N-3-0_pyridine-N-3-0_carboxyl-O-1-d1_4,,,,,-30.557016727324253,
fe_2_misc-C-4-0_misc-C-4-0_misc-C-4-0_chloride-Cl-0-d1_misc-C-4-0_chloride-Cl-0-d1_5,32.103118896484375,34.784698486328125,34.505017356562405,train,-42.167606557353565,-43.74483493005921
mn_2_thiocyanate-S-0-d1_thiocyanate-S-0-d1_thiocyanate-S-0-d1_thiocyanate-S-0-d1_imidazole-N-2-0_imidazole-N-2-0_6,56.72866821289063,50.76087951660156,49.92222143416149,train,-94.51233692478468,-90.9656358887897
fe_2_furan-O-0-0_furan-O-0-0_furan-O-0-0_furan-O-0-0_furan-O-0-0_cs-C-0-0_5,29.122543334960938,35.117340087890625,,,-50.4185187176131,
co_2_pyridine-N-3-0_pyridine-N-3-0_water-O-0-0_water-O-0-0_pyridine-N-3-0_water-O-0-0_4,53.58673095703125,50.16212463378906,44.129996840473495,train,-36.359796622398335,-33.19356732793393
mn_3_chloride-Cl-0-d1_chloride-Cl-0-d1_chloride-Cl-0-d1_chloride-Cl-0-d1_water-O-0-0_water-O-0-0_5,,,,,-85.69150793023368,
cr_2_acetonitrile-N-1-0_acetonitrile-N-1-0_acetonitrile-N-1-0_acetonitrile-N-1-0_acetonitrile-N-1-0_misc-C-4-0_5,7.37579345703125,-7.1695709228515625,15.473424636703948,train,-58.589359995081054,-63.86873182146921
cr_2_acetonitrile-N-1-0_acetonitrile-N-1-0_acetonitrile-N-1-0_acetonitrile-N-1-0_acetonitrile-N-1-0_water-O-0-0_5,22.676315307617188,7.25250244140625,30.973480191261483,train,-61.51446254003133,-64.74564829116372
mn_2_chloride-Cl-0-d1_chloride-Cl-0-d1_chloride-Cl-0-d1_pyridine-N-3-0_pyridine-N-3-0_pyridine-N-3-0_6,,,,,-97.25825056997904,
fe_2_ome2-O-0-0_ome2-O-0-0_ome2-O-0-0_ome2-O-0-0_chloride-Cl-0-d1_chloride-Cl-0-d1_5,31.020431518554688,37.35122680664063,34.05919641455328,train,-60.82215559498536,-62.3685229819425
mn_3_cs-C-0-0_cs-C-0-0_cs-C-0-0_imidazole-N-2-0_imidazole-N-2-0_imidazole-N-2-0_5,,,,,-66.04590798259665,
mn_2_acetonitrile-N-1-0_acetonitrile-N-1-0_acetonitrile-N-1-0_phosphine-P-0-0_phosphine-P-0-0_phosphine-P-0-0_6,44.94987487792969,42.6422119140625,46.94320808309021,train,-84.35229931242816,-85.54322713389614
fe_3_water-O-0-0_water-O-0-0_water-O-0-0_water-O-0-0_water-O-0-0_cs-C-0-0_6,47.23838806152344,43.11004638671875,43.261271146236425,train,-64.97269285010816,-61.409435904866854
fe_2_ammonia-N-0-0_ammonia-N-0-0_ome2-O-0-0_ome2-O-0-0_ammonia-N-0-0_ome2-O-0-0_5,31.985626220703125,37.649688720703125,33.19188571370102,train,-50.49673847500628,-51.16808785461099
mn_3_ammonia-N-0-0_ammonia-N-0-0_ammonia-N-0-0_carbonyl-C-0-0_ammonia-N-0-0_carbonyl-C-0-0_5,27.605056762695312,13.42132568359375,42.62209317528775,val,-76.85090013497359,-84.25571872146965
fe_2_ome2-O-0-0_ome2-O-0-0_ome2-O-0-0_misc-C-4-0_misc-C-4-0_misc-C-4-0_5,32.04193115234375,36.58958435058594,33.914946634902115,train,-43.72432675512528,-44.852086335558
mn_3_cs-C-0-0_cs-C-0-0_ome2-O-0-0_ome2-O-0-0_cs-C-0-0_ome2-O-0-0_5,,,,,-67.11394749503143,
co_2_phosphine-P-0-0_phosphine-P-0-0_phosphine-P-0-0_phosphine-P-0-0_phosphine-P-0-0_hydroxyl-O-0-d1_4,38.983154296875,38.282623291015625,40.56994662756714,train,-23.22563114506579,-23.951962682909183
fe_2_water-O-0-0_water-O-0-0_water-O-0-0_water-O-0-0_formaldehyde-O-1-0_formaldehyde-O-1-0_5,32.427825927734375,39.24171447753906,34.45232274078523,train,-54.37270243758974,-55.36131776846276
fe_2_ome2-O-0-0_ome2-O-0-0_ome2-O-0-0_ome2-O-0-0_furan-O-0-0_furan-O-0-0_5,28.574447631835938,36.57493591308594,32.99100838822734,train,-59.74359980997633,-61.867382850341194
mn_2_furan-O-0-0_furan-O-0-0_furan-O-0-0_furan-O-0-0_ammonia-N-0-0_ammonia-N-0-0_6,91.47789001464844,97.24357604980467,64.51325332575864,train,-92.70935560746808,-83.71342013063682
co_2_acetonitrile-N-1-0_acetonitrile-N-1-0_acetonitrile-N-1-0_pyridine-N-3-0_acetonitrile-N-1-0_pyridine-N-3-0_4,25.098953247070312,23.486862182617188,24.83525459555812,val,-29.832391022636106,-29.701130640705202
cr_2_formaldehyde-O-1-0_formaldehyde-O-1-0_formaldehyde-O-1-0_formaldehyde-O-1-0_formaldehyde-O-1-0_water-O-0-0_5,27.0428466796875,14.289398193359377,33.25384654209608,train,-69.27353894493365,-71.8637987986802
fe_3_cs-C-0-0_cs-C-0-0_cs-C-0-0_pyridine-N-3-0_cs-C-0-0_pyridine-N-3-0_6,44.05784606933594,,39.15098831032154,val,-36.45501221718405,-31.76748309584657
co_3_chloride-Cl-0-d1_chloride-Cl-0-d1_chloride-Cl-0-d1_chloride-Cl-0-d1_misc-C-4-0_misc-C-4-0_5,20.777130126953125,28.365936279296875,38.647698163508245,val,0.0682054850744862,-13.590364477420614
cr_3_ammonia-N-0-0_ammonia-N-0-0_ome2-O-0-0_ome2-O-0-0_ammonia-N-0-0_ome2-O-0-0_4,41.39961242675781,0.74554443359375,43.161693187367554,train,-55.6338155425442,-55.91051981354444
fe_2_carbonyl-C-0-0_carbonyl-C-0-0_carbonyl-C-0-0_carbonyl-C-0-0_carbonyl-C-0-0_amine-N-0-d1_5,21.767501831054688,26.4599609375,35.643600973045,val,-42.70423953750708,-49.60741992290721
fe_3_cyanide-C-0-d1_cyanide-C-0-d1_cyanide-C-0-d1_cyanide-C-0-d1_cyanide-C-0-d1_water-O-0-0_6,47.48283386230469,50.602874755859375,41.513381797172535,val,-34.43680718496125,-29.33354778809713
cr_3_ammonia-N-0-0_ammonia-N-0-0_ammonia-N-0-0_thiocyanate-S-0-d1_thiocyanate-S-0-d1_thiocyanate-S-0-d1_4,,,,,-52.76564732730208,
co_2_pyridine-N-3-0_pyridine-N-3-0_pyridine-N-3-0_pyridine-N-3-0_ome2-O-0-0_ome2-O-0-0_4,52.00714111328125,36.61674499511719,,,-27.98635630270155,
fe_2_phosphine-P-0-0_phosphine-P-0-0_phosphine-P-0-0_chloride-Cl-0-d1_phosphine-P-0-0_chloride-Cl-0-d1_5,-292.0555114746094,38.916778564453125,,,-56.59464542505248,
co_2_acetonitrile-N-1-0_acetonitrile-N-1-0_acetonitrile-N-1-0_acetonitrile-N-1-0_imidazole-N-2-0_imidazole-N-2-0_4,6.541061401367188,38.08860778808594,22.118296134542295,train,-27.4983702599377,-34.785154424367825
co_3_imidazole-N-2-0_imidazole-N-2-0_imidazole-N-2-0_imidazole-N-2-0_hydroxyl-O-0-d1_hydroxyl-O-0-d1_5,25.4034423828125,26.03111267089844,,,-17.549243554940404,
fe_2_formaldehyde-O-1-0_formaldehyde-O-1-0_formaldehyde-O-1-0_formaldehyde-O-1-0_formaldehyde-O-1-0_ome2-O-0-0_5,31.424560546875,41.2872314453125,,,-50.398104259991214,
mn_3_ammonia-N-0-0_ammonia-N-0-0_ammonia-N-0-0_fluoride-F-0-d1_fluoride-F-0-d1_fluoride-F-0-d1_5,30.892562866210938,20.143585205078125,53.07910156986136,train,-73.49255590244184,-85.10847106648737
fe_2_water-O-0-0_water-O-0-0_water-O-0-0_water-O-0-0_water-O-0-0_misc-C-4-0_5,40.5535888671875,43.98727416992188,39.99681336130045,train,-50.35288284482988,-50.08753762858922
co_2_phosphine-P-0-0_phosphine-P-0-0_phosphine-P-0-0_phosphine-P-0-0_formaldehyde-O-1-0_formaldehyde-O-1-0_4,39.54017639160156,36.515045166015625,36.44476201183564,train,-27.675121322578207,-25.77522796339541
co_3_phosphine-P-0-0_phosphine-P-0-0_phosphine-P-0-0_phosphine-P-0-0_phosphine-P-0-0_formaldehyde-O-1-0_5,12.606048583984377,5.11566162109375,,,4.14433504479689,
mn_3_furan-O-0-0_furan-O-0-0_furan-O-0-0_furan-O-0-0_hydroxyl-O-0-d1_hydroxyl-O-0-d1_5,15.810089111328123,10.481491088867188,29.95889871736652,train,-75.86948950753253,-84.4497761500877
co_2_phosphine-P-0-0_phosphine-P-0-0_phosphine-P-0-0_phosphine-P-0-0_phosphine-P-0-0_imidazole-N-2-0_4,49.96063232421875,48.18275451660156,46.74699694746311,train,-31.344863057584007,-29.802239681371187
co_2_pyridine-N-3-0_pyridine-N-3-0_pyridine-N-3-0_pyridine-N-3-0_formaldehyde-O-1-0_formaldehyde-O-1-0_4,40.438995361328125,37.32589721679688,,,-23.2118970522788,
