,ox_state,tot_lig_charge,misc-dent-ax,misc-dent-eq,f-chi-0-all,f-chi-1-all,f-chi-2-all,f-chi-3-all,f-Z-0-all,f-Z-1-all,f-Z-2-all,f-Z-3-all,f-I-0-all,f-I-1-all,f-I-2-all,f-I-3-all,f-T-0-all,f-T-1-all,f-T-2-all,f-T-3-all,f-S-0-all,f-S-1-all,f-S-2-all,f-S-3-all,f-chi-0-ax,f-chi-1-ax,f-chi-2-ax,f-chi-3-ax,f-Z-0-ax,f-Z-1-ax,f-Z-2-ax,f-Z-3-ax,f-I-0-ax,f-I-1-ax,f-I-2-ax,f-I-3-ax,f-T-0-ax,f-T-1-ax,f-T-2-ax,f-T-3-ax,f-S-0-ax,f-S-1-ax,f-S-2-ax,f-S-3-ax,f-chi-0-eq,f-chi-1-eq,f-chi-2-eq,f-chi-3-eq,f-Z-0-eq,f-Z-1-eq,f-Z-2-eq,f-Z-3-eq,f-I-0-eq,f-I-1-eq,f-I-2-eq,f-I-3-eq,f-T-0-eq,f-T-1-eq,f-T-2-eq,f-T-3-eq,f-S-0-eq,f-S-1-eq,f-S-2-eq,f-S-3-eq,lc-chi-0-ax,lc-chi-1-ax,lc-chi-2-ax,lc-chi-3-ax,lc-Z-0-ax,lc-Z-1-ax,lc-Z-2-ax,lc-Z-3-ax,lc-I-1-ax,lc-I-2-ax,lc-I-3-ax,lc-T-0-ax,lc-T-1-ax,lc-T-2-ax,lc-T-3-ax,lc-S-0-ax,lc-S-1-ax,lc-S-2-ax,lc-S-3-ax,lc-chi-0-eq,lc-chi-1-eq,lc-chi-2-eq,lc-chi-3-eq,lc-Z-0-eq,lc-Z-1-eq,lc-Z-2-eq,lc-Z-3-eq,lc-I-1-eq,lc-I-2-eq,lc-I-3-eq,lc-T-0-eq,lc-T-1-eq,lc-T-2-eq,lc-T-3-eq,lc-S-0-eq,lc-S-1-eq,lc-S-2-eq,lc-S-3-eq,D_lc-chi-1-ax,D_lc-chi-2-ax,D_lc-chi-3-ax,D_lc-Z-1-ax,D_lc-Z-2-ax,D_lc-Z-3-ax,D_lc-T-1-ax,D_lc-T-2-ax,D_lc-T-3-ax,D_lc-S-1-ax,D_lc-S-2-ax,D_lc-S-3-ax,D_lc-chi-1-eq,D_lc-chi-2-eq,D_lc-chi-3-eq,D_lc-Z-1-eq,D_lc-Z-2-eq,D_lc-Z-3-eq,D_lc-T-1-eq,D_lc-T-2-eq,D_lc-T-3-eq,D_lc-S-1-eq,D_lc-S-2-eq,D_lc-S-3-eq,mc-chi-0-all,mc-chi-1-all,mc-chi-2-all,mc-chi-3-all,mc-Z-0-all,mc-Z-1-all,mc-Z-2-all,mc-Z-3-all,mc-I-2-all,mc-I-3-all,mc-T-1-all,mc-T-2-all,mc-T-3-all,mc-S-0-all,mc-S-1-all,mc-S-2-all,mc-S-3-all,D_mc-chi-1-all,D_mc-chi-2-all,D_mc-chi-3-all,D_mc-Z-1-all,D_mc-Z-2-all,D_mc-Z-3-all,D_mc-T-1-all,D_mc-T-2-all,D_mc-T-3-all,D_mc-S-1-all,D_mc-S-2-all,D_mc-S-3-all
Co_VARVOA_comp_0_51,3,-1,3.0,5.0,253.58760000000007,586.3914000000002,1282.7933999999998,2035.7340000000008,2134.0,5840.0,9628.0,9290.0,44.0,96.0,210.0,338.0,306.0,896.0,1668.0,2156.0,16.873300000000015,49.06680000000001,99.3484,141.06839999999997,125.02660000000003,260.40850000000006,459.9355,629.2134,702.5,1030.0,1434.0,2024.0,21.5,42.0,78.0,107.0,120.0,305.0,445.0,534.0,7.6428500000000055,17.8806,28.482800000000005,38.19600000000001,240.06760000000006,520.8170000000001,919.871,1258.4268,1116.0,2060.0,2868.0,4048.0,42.0,84.0,156.0,214.0,240.0,610.0,890.0,1068.0,14.30560000000001,35.7612,56.96560000000001,76.39200000000002,9.613600000000002,7.752,17.784000000000002,23.256,169.0,42.0,52.5,126.0,1.0,2.5,3.0,2.0,7.0,11.0,24.0,0.7713,0.5775,0.9937499999999999,1.7325000000000002,7.949,17.143,28.495,30.500700000000002,152.5,124.0,156.0,351.0,2.5,4.5,4.5,6.5,17.0,21.0,32.75,0.80145,1.3516499999999998,2.10645,2.9419500000000003,0.4900000000000002,1.75,1.4700000000000006,1.0,10.0,3.0,-1.5,-0.5,-6.0,-0.020000000000000018,0.55,-0.06000000000000005,1.1150000000000002,1.875,1.1600000000000006,16.5,46.5,31.5,-0.5,1.5,-3.0,0.62,1.9200000000000002,0.9949999999999998,3.5343999999999998,32.7872,54.89599999999999,71.62800000000001,729.0,1890.0,1404.0,729.0,12.0,17.0,108.0,210.0,138.0,1.5876000000000001,6.652800000000001,9.6264,8.9334,-6.160000000000001,-6.640000000000001,-6.140000000000004,92.0,272.0,432.0,18.0,37.0,79.0,2.2800000000000002,7.48,14.330000000000002
Fe_EMEBEF_comp_0_111111,3,0,1.0,1.0,132.43050000000002,257.17440000000005,509.71199999999993,908.1600000000001,1072.0,2688.0,2556.0,960.0,19.0,36.0,66.0,120.0,102.0,288.0,426.0,360.0,6.402699999999996,17.432399999999994,28.729799999999994,32.412000000000006,21.5136,30.272000000000002,9.680000000000001,0.0,66.0,32.0,2.0,0.0,3.0,4.0,2.0,0.0,6.0,8.0,2.0,0.0,0.8067,1.0804,0.2738,0.0,21.5136,30.272000000000002,9.680000000000001,0.0,66.0,32.0,2.0,0.0,3.0,4.0,2.0,0.0,6.0,8.0,2.0,0.0,0.8067,1.0804,0.2738,0.0,11.833599999999999,15.136000000000001,0.0,0.0,64.0,16.0,0.0,0.0,2.0,0.0,0.0,4.0,4.0,0.0,0.0,0.5328999999999999,0.5402,0.0,0.0,11.833599999999999,15.136000000000001,0.0,0.0,64.0,16.0,0.0,0.0,2.0,0.0,0.0,4.0,4.0,0.0,0.0,0.5328999999999999,0.5402,0.0,0.0,2.4799999999999995,0.0,0.0,14.0,0.0,0.0,2.0,0.0,0.0,0.72,0.0,0.0,2.4799999999999995,0.0,0.0,14.0,0.0,0.0,2.0,0.0,0.0,0.72,0.0,0.0,3.3489000000000004,37.7712,48.31200000000002,0.0,676.0,1248.0,312.0,0.0,12.0,0.0,108.0,72.0,0.0,1.5625,5.475,5.550000000000001,0.0,-9.659999999999998,-4.440000000000001,0.0,108.0,300.0,0.0,18.0,60.0,0.0,3.12,10.560000000000002,0.0
Fe_CACDOC_comp_1_111111,2,0,1.0,1.0,145.91850000000005,307.52639999999985,596.4240000000003,1203.840000000001,988.0,2436.0,2442.0,1260.0,25.0,48.0,102.0,180.0,150.0,432.0,732.0,720.0,7.401699999999996,21.239999999999995,38.4534,49.95000000000002,23.7616,40.12800000000001,29.040000000000006,0.0,52.0,42.0,6.0,0.0,4.0,6.0,6.0,0.0,12.0,18.0,6.0,0.0,0.9732000000000001,1.6649999999999996,0.8213999999999999,0.0,23.7616,40.12800000000001,29.040000000000006,0.0,52.0,42.0,6.0,0.0,4.0,6.0,6.0,0.0,12.0,18.0,6.0,0.0,0.9732000000000001,1.6649999999999996,0.8213999999999999,0.0,9.2416,20.064,0.0,0.0,49.0,21.0,0.0,0.0,3.0,0.0,0.0,9.0,9.0,0.0,0.0,0.5625,0.8324999999999999,0.0,0.0,9.2416,20.064,0.0,0.0,49.0,21.0,0.0,0.0,3.0,0.0,0.0,9.0,9.0,0.0,0.0,0.5625,0.8324999999999999,0.0,0.0,2.5199999999999996,0.0,0.0,18.0,0.0,0.0,6.0,0.0,0.0,1.1400000000000001,0.0,0.0,2.5199999999999996,0.0,0.0,18.0,0.0,0.0,6.0,0.0,0.0,1.1400000000000001,0.0,0.0,3.3489000000000004,33.379200000000004,72.46800000000002,0.0,676.0,1092.0,468.0,0.0,18.0,0.0,144.0,108.0,0.0,1.5625,5.625,8.325000000000003,0.0,-7.26,-6.660000000000002,0.0,114.0,450.0,0.0,12.0,90.0,0.0,3.0,15.840000000000007,0.0
Fe_CACDIW_comp_0_111111,2,0,1.0,1.0,145.91850000000005,307.52639999999985,596.4240000000002,1203.840000000001,988.0,2436.0,2442.0,1260.0,25.0,48.0,102.0,180.0,150.0,432.0,732.0,720.0,7.401699999999996,21.239999999999995,38.4534,49.950000000000024,23.7616,40.12800000000001,29.040000000000006,0.0,52.0,42.0,6.0,0.0,4.0,6.0,6.0,0.0,12.0,18.0,6.0,0.0,0.9732000000000001,1.6649999999999996,0.8213999999999999,0.0,23.7616,40.12800000000001,29.040000000000006,0.0,52.0,42.0,6.0,0.0,4.0,6.0,6.0,0.0,12.0,18.0,6.0,0.0,0.9732000000000001,1.6649999999999996,0.8213999999999999,0.0,9.2416,20.064,0.0,0.0,49.0,21.0,0.0,0.0,3.0,0.0,0.0,9.0,9.0,0.0,0.0,0.5625,0.8324999999999999,0.0,0.0,9.2416,20.064,0.0,0.0,49.0,21.0,0.0,0.0,3.0,0.0,0.0,9.0,9.0,0.0,0.0,0.5625,0.8324999999999999,0.0,0.0,2.5199999999999996,0.0,0.0,18.0,0.0,0.0,6.0,0.0,0.0,1.1400000000000001,0.0,0.0,2.5199999999999996,0.0,0.0,18.0,0.0,0.0,6.0,0.0,0.0,1.1400000000000001,0.0,0.0,3.3489000000000004,33.379200000000004,72.46800000000002,0.0,676.0,1092.0,468.0,0.0,18.0,0.0,144.0,108.0,0.0,1.5625,5.625,8.325000000000003,0.0,-7.26,-6.660000000000002,0.0,114.0,450.0,0.0,12.0,90.0,0.0,3.0,15.840000000000007,0.0
Fe_LOJJEZ_comp_0_411,3,-2,1.0,4.0,252.56110000000007,568.0788000000002,1272.2763999999995,2149.8676000000005,1658.0,4216.0,7022.0,7784.0,42.0,90.0,200.0,350.0,290.0,872.0,1588.0,1994.0,15.102600000000013,42.91580000000002,85.80639999999995,128.37459999999993,15.5304,10.4576,0.0,0.0,201.0,56.0,0.0,0.0,1.5,1.0,0.0,0.0,1.0,1.0,0.0,0.0,1.03775,0.5475,0.0,0.0,218.15140000000005,479.9660000000002,871.9180000000003,1163.2784,580.0,1400.0,1732.0,1796.0,38.0,76.0,144.0,204.0,220.0,568.0,756.0,820.0,11.464600000000004,29.97080000000001,46.20640000000002,54.42200000000002,9.613600000000002,5.2288,0.0,0.0,169.0,28.0,0.0,0.0,0.5,0.0,0.0,0.5,0.5,0.0,0.0,0.7713,0.27375,0.0,0.0,9.2416,22.192,42.256,43.74560000000001,49.0,91.0,112.0,119.0,3.0,6.0,6.0,9.0,27.0,36.0,33.0,0.5625,1.4325,2.2649999999999997,2.25,-0.19999999999999996,0.0,0.0,-0.5,0.0,0.0,0.0,0.0,0.0,0.010000000000000009,0.0,0.0,1.8200000000000003,4.34,3.8499999999999996,8.0,26.0,25.0,0.0,6.0,7.0,0.33999999999999997,1.48,1.5,3.3489000000000004,33.598800000000004,59.731199999999994,73.74900000000002,676.0,1352.0,1560.0,728.0,13.0,18.0,114.0,222.0,144.0,1.5625,5.925,10.462500000000002,9.325000000000003,-7.38,-8.849999999999998,-7.360000000000001,104.0,278.0,440.0,17.0,41.0,84.0,2.76,7.880000000000003,15.040000000000006
Mn_GEGLIP_comp_0_3111,1,0,1.0,3.0,202.0821,404.57100000000014,805.4205999999998,1222.4357999999997,1437.0,3410.0,5300.0,5624.0,30.0,64.0,122.0,176.0,186.0,506.0,806.0,938.0,13.779800000000005,36.22120000000002,62.0278,79.93520000000001,18.3361,17.543999999999997,0.0,0.0,100.0,96.0,0.0,0.0,2.0,2.0,0.0,0.0,2.0,2.0,0.0,0.0,1.1258,1.1242,0.0,0.0,144.67130000000003,297.47200000000004,478.70000000000005,601.7102,512.0,1072.0,1454.0,1454.0,23.0,46.0,76.0,94.0,122.0,298.0,386.0,390.0,8.470300000000002,20.283,29.32520000000001,32.4238,6.5025,8.771999999999998,0.0,0.0,36.0,48.0,0.0,0.0,1.0,0.0,0.0,1.0,1.0,0.0,0.0,0.5929,0.5621,0.0,0.0,10.9696,13.538666666666666,24.2,45.2584,59.0,62.666666666666664,111.0,139.0,1.6666666666666667,3.0,5.666666666666667,3.0,8.333333333333334,15.333333333333334,17.666666666666668,0.5427666666666666,0.8497666666666667,1.5095,2.2198333333333333,-0.8900000000000001,0.0,0.0,-2.0,0.0,0.0,0.0,0.0,0.0,0.040000000000000036,0.0,0.0,1.3333333333333333,2.37,4.95,4.333333333333333,8.0,25.0,-1.6666666666666667,-3.6666666666666665,-1.0,0.07999999999999996,0.17333333333333326,1.1666666666666667,2.4025000000000003,27.233500000000003,35.216,22.630000000000003,625.0,1025.0,1225.0,650.0,8.0,6.0,84.0,102.0,96.0,1.9320999999999997,6.2828,7.839599999999999,5.309799999999999,-8.27,-10.32,-5.3,109.0,151.0,124.0,22.0,31.0,20.0,3.8199999999999994,5.48,4.52
Co_BOTQEH_comp_0_222,3,-1,2.0,2.0,211.37820000000005,464.2773999999999,996.4144000000005,1589.4544,1400.0,3536.0,5282.0,4610.0,33.0,70.0,148.0,242.0,218.0,638.0,1102.0,1194.0,12.020400000000004,34.05260000000001,64.1464,81.67100000000006,67.4274,107.893,144.83839999999998,141.87679999999997,315.0,472.0,638.0,536.0,8.0,14.0,18.0,16.0,32.0,66.0,58.0,32.0,3.620799999999999,6.8234,8.1018,6.541599999999999,70.20820000000002,142.39700000000005,212.99200000000005,233.02720000000002,178.0,344.0,328.0,226.0,12.0,22.0,36.0,42.0,58.0,136.0,144.0,98.0,3.4059999999999997,7.995,10.183600000000002,8.9098,11.833599999999999,8.771999999999998,19.917599999999997,30.547199999999997,64.0,48.0,108.0,132.0,1.0,2.0,3.0,1.0,3.0,5.0,4.0,0.5328999999999999,0.5621,1.1023,1.3432,9.2416,21.128,21.128,22.617600000000003,49.0,56.0,56.0,63.0,3.0,3.0,3.0,9.0,18.0,18.0,15.0,0.5625,1.1324999999999998,1.1324999999999998,1.1175,0.8900000000000001,1.09,1.4399999999999997,2.0,2.5,7.5,-2.0,-3.0,-1.0,-0.040000000000000036,-0.050000000000000044,0.35,2.17,2.17,1.6799999999999997,13.0,13.0,12.0,3.0,3.0,4.0,0.74,0.74,0.76,3.5343999999999998,35.795199999999994,61.85199999999998,45.2704,729.0,1188.0,1188.0,621.0,14.0,10.0,120.0,180.0,72.0,1.5876000000000001,5.619600000000001,9.5508,5.594399999999999,-7.760000000000001,-6.580000000000002,-5.280000000000003,118.0,334.0,247.0,16.0,54.0,48.0,3.0999999999999996,10.06,8.159999999999998
Fe_AQIYII_comp_0_21111,2,-3,,,,,,,,,,,,,,,,,,,,,,,,,,,,,,,,,,,,,,,,,,,,,,,,,,,,,,,,,,,,,,,,,,,,,,,,,,,,,,,,,,,,,,,,,,,,,,,,,,,,,,,,,,,,,,,,,,,,,,,,,,,,,,,,,,,,,,,,,,,,,,,,,,,,,,,,,
Fe_LELJAQ_comp_0_111111,3,-2,1.0,1.0,265.4601,519.0384000000003,1070.812,1050.6576,2846.0,6280.0,8722.0,10592.0,43.0,84.0,158.0,152.0,242.0,552.0,674.0,864.0,17.844700000000017,44.44839999999999,68.54140000000008,76.06720000000007,9.985600000000002,0.0,0.0,0.0,289.0,0.0,0.0,0.0,1.0,0.0,0.0,0.0,0.0,0.0,0.0,0.0,0.9801,0.0,0.0,0.0,60.53500000000001,111.3864,174.28499999999997,158.136,398.0,712.0,468.0,168.0,10.0,18.0,30.0,24.0,48.0,102.0,96.0,60.0,3.580499999999999,8.049600000000002,9.6058,6.659999999999998,9.985600000000002,0.0,0.0,0.0,289.0,0.0,0.0,0.0,0.0,0.0,0.0,0.0,0.0,0.0,0.0,0.9801,0.0,0.0,0.0,11.833599999999999,8.8752,17.543999999999997,45.408,64.0,128.0,96.0,48.0,1.0,2.0,6.0,1.0,3.0,8.0,6.0,0.5328999999999999,0.7446,1.1242,1.6206,0.0,0.0,0.0,0.0,0.0,0.0,0.0,0.0,0.0,0.0,0.0,0.0,0.8599999999999999,1.7800000000000002,7.4399999999999995,-8.0,4.0,42.0,-2.0,-6.0,0.0,-0.29000000000000004,-0.08000000000000007,2.1599999999999997,3.3489000000000004,36.7464,18.8856,37.332,676.0,1716.0,1664.0,1248.0,4.0,8.0,60.0,72.0,192.0,1.5625,6.124999999999999,5.1,7.700000000000001,-9.099999999999998,-3.0,-5.759999999999998,90.0,40.0,160.0,26.0,12.0,16.0,2.6,0.9199999999999999,3.84
Fe_NOZZOU_comp_1_111111,2,0,1.0,1.0,223.94850000000005,439.77240000000023,802.4699999999996,761.8859999999999,1420.0,3336.0,4098.0,4644.0,37.0,72.0,126.0,108.0,198.0,432.0,468.0,600.0,14.516500000000006,35.551200000000016,50.539800000000035,56.190000000000026,36.7666,62.169000000000004,78.20400000000001,40.12800000000001,124.0,192.0,126.0,42.0,6.0,10.0,14.0,6.0,24.0,44.0,26.0,6.0,2.159,4.0502,3.6858000000000004,1.6649999999999996,36.7666,62.169000000000004,78.20400000000001,40.12800000000001,124.0,192.0,126.0,42.0,6.0,10.0,14.0,6.0,24.0,44.0,26.0,6.0,2.159,4.0502,3.6858000000000004,1.6649999999999996,9.2416,7.752,7.752,20.064,49.0,42.0,42.0,21.0,1.0,1.0,3.0,1.0,2.0,4.0,3.0,0.5625,0.5775,0.5775,0.8324999999999999,9.2416,7.752,7.752,20.064,49.0,42.0,42.0,21.0,1.0,1.0,3.0,1.0,2.0,4.0,3.0,0.5625,0.5775,0.5775,0.8324999999999999,0.4900000000000002,0.4900000000000002,2.5199999999999996,1.0,1.0,18.0,-1.0,-3.0,0.0,-0.020000000000000018,-0.020000000000000018,1.1400000000000001,0.4900000000000002,0.4900000000000002,2.5199999999999996,1.0,1.0,18.0,-1.0,-3.0,0.0,-0.020000000000000018,-0.020000000000000018,1.1400000000000001,3.3489000000000004,33.379200000000004,27.999,27.999,676.0,1092.0,936.0,936.0,6.0,6.0,72.0,72.0,144.0,1.5625,5.625,5.775,5.775,-7.26,-4.3199999999999985,-4.3199999999999985,114.0,120.0,120.0,24.0,24.0,12.0,3.0,2.88,2.88
Fe_XOPSEB_comp_0_411,2,-1,1.0,4.0,232.89550000000006,514.0446000000001,1092.4789999999998,1915.7556000000016,1367.0,3400.0,5612.0,5688.0,39.0,82.0,178.0,316.0,260.0,776.0,1372.0,1696.0,13.84870000000001,38.93500000000002,75.00139999999999,110.58159999999997,17.0401,16.523999999999997,0.0,0.0,92.5,90.0,0.0,0.0,2.0,2.0,0.0,0.0,2.0,2.0,0.0,0.0,1.1406,1.1396000000000002,0.0,0.0,195.46640000000005,417.82500000000016,716.516,910.7912,506.0,1140.0,1316.0,1250.0,34.0,66.0,120.0,162.0,186.0,468.0,588.0,578.0,10.005000000000003,25.305800000000005,37.02560000000001,40.680200000000006,6.5024999999999995,8.261999999999999,0.0,0.0,36.0,45.0,0.0,0.0,1.0,0.0,0.0,1.0,1.0,0.0,0.0,0.5929,0.5698000000000001,0.0,0.0,9.2416,21.66,31.692000000000004,32.436800000000005,49.0,73.5,84.0,87.5,3.0,4.5,4.5,9.0,22.5,27.0,25.5,0.5625,1.2825,1.69875,1.6912499999999997,-0.6900000000000002,0.0,0.0,-1.5,0.0,0.0,0.0,0.0,0.0,0.030000000000000027,0.0,0.0,1.995,3.255,3.01,10.5,19.5,19.0,1.5,4.5,5.0,0.54,1.1099999999999999,1.12,3.3489000000000004,31.5858,64.0134,57.645000000000024,676.0,1040.0,1482.0,624.0,14.0,14.0,120.0,192.0,120.0,1.5625,5.675000000000001,10.400000000000002,7.475000000000002,-6.279999999999999,-9.36,-5.880000000000001,116.0,307.0,340.0,16.0,52.0,64.0,2.96,9.180000000000001,11.520000000000001
Co_CULQIJ_comp_0_411,3,-1,1.0,4.0,200.38300000000004,456.09659999999997,1023.5430000000005,1754.5259999999994,1500.0,3798.0,5728.0,5058.0,34.0,72.0,162.0,282.0,234.0,708.0,1308.0,1554.0,11.812500000000005,34.26480000000001,69.39839999999998,98.30220000000004,16.873600000000003,20.064000000000004,14.520000000000003,0.0,170.5,21.0,3.0,0.0,2.5,3.0,3.0,0.0,6.0,9.0,3.0,0.0,0.97665,0.8324999999999998,0.41069999999999995,0.0,163.10140000000004,346.9350000000001,581.6309999999999,728.2716,430.0,948.0,1122.0,1158.0,28.0,54.0,96.0,126.0,150.0,372.0,474.0,510.0,8.2716,20.655000000000005,29.868000000000006,33.97739999999998,9.613600000000002,10.032,0.0,0.0,169.0,10.5,0.0,0.0,1.5,0.0,0.0,4.5,4.5,0.0,0.0,0.7713,0.41624999999999995,0.0,0.0,9.2416,21.66,31.692000000000004,33.92640000000001,49.0,73.5,84.0,94.5,3.0,4.5,4.5,9.0,22.5,27.0,22.5,0.5625,1.2824999999999998,1.69875,1.6762499999999996,1.2599999999999998,0.0,0.0,9.0,0.0,0.0,3.0,0.0,0.0,0.5700000000000001,0.0,0.0,1.995,3.255,2.5199999999999996,10.5,19.5,18.0,1.5,4.5,6.0,0.54,1.11,1.14,3.5343999999999998,34.516799999999996,65.98799999999999,49.63200000000001,729.0,1404.0,1215.0,324.0,15.0,12.0,126.0,198.0,72.0,1.5876000000000001,5.9724,10.017000000000001,5.594399999999999,-7.080000000000001,-6.900000000000002,-3.8400000000000034,110.0,360.0,312.0,15.0,57.0,60.0,2.82,10.950000000000001,10.680000000000001
Co_SEVMUB_comp_0_42,3,-1,,,,,,,,,,,,,,,,,,,,,,,,,,,,,,,,,,,,,,,,,,,,,,,,,,,,,,,,,,,,,,,,,,,,,,,,,,,,,,,,,,,,,,,,,,,,,,,,,,,,,,,,,,,,,,,,,,,,,,,,,,,,,,,,,,,,,,,,,,,,,,,,,,,,,,,,,
Fe_GEQPOH_comp_0_33,2,0,,,,,,,,,,,,,,,,,,,,,,,,,,,,,,,,,,,,,,,,,,,,,,,,,,,,,,,,,,,,,,,,,,,,,,,,,,,,,,,,,,,,,,,,,,,,,,,,,,,,,,,,,,,,,,,,,,,,,,,,,,,,,,,,,,,,,,,,,,,,,,,,,,,,,,,,,
Co_QOJFOK_comp_0_321,3,0,1.0,2.5,258.17210000000006,598.0946,1323.839999999999,2228.0002000000004,1663.0,4268.0,6644.0,6670.0,44.0,94.0,210.0,366.0,304.0,916.0,1656.0,2010.0,14.97510000000002,43.50540000000005,86.96439999999994,123.92640000000003,9.985600000000002,0.0,0.0,0.0,289.0,0.0,0.0,0.0,1.0,0.0,0.0,0.0,0.0,0.0,0.0,0.0,0.9801,0.0,0.0,0.0,122.32605000000004,264.5305000000001,454.826,581.7869000000001,322.5,730.0,887.0,809.0,21.0,41.0,75.0,102.0,116.0,296.0,387.0,367.0,6.203700000000001,15.780300000000004,23.623700000000003,25.798200000000005,9.985600000000002,0.0,0.0,0.0,289.0,0.0,0.0,0.0,0.0,0.0,0.0,0.0,0.0,0.0,0.0,0.9801,0.0,0.0,0.0,9.2416,21.482666666666667,28.348000000000003,32.56346666666667,49.0,67.66666666666666,80.5,92.16666666666666,3.0,4.0,4.333333333333334,9.0,21.0,25.5,23.0,0.5625,1.2325,1.5599999999999996,1.6324999999999998,0.0,0.0,0.0,0.0,0.0,0.0,0.0,0.0,0.0,0.0,0.0,0.0,2.0533333333333332,2.835,2.461666666666666,11.333333333333332,16.5,17.166666666666664,2.0,3.5,5.333333333333334,0.6066666666666667,0.9199999999999999,1.0733333333333333,3.5343999999999998,34.516799999999996,66.646,63.35600000000002,729.0,1404.0,1350.0,675.0,15.0,15.0,126.0,216.0,126.0,1.5876000000000001,5.972400000000001,10.521000000000003,8.000999999999998,-7.080000000000001,-7.250000000000002,-5.5000000000000036,110.0,355.0,380.0,15.0,54.0,69.0,2.8200000000000003,10.55,12.550000000000002
Fe_RUHLUB_comp_0_411,3,-2,1.0,4.0,241.47150000000005,547.6028000000002,1263.3627999999997,2051.4740000000006,1834.0,4624.0,7506.0,8104.0,41.0,88.0,198.0,340.0,286.0,856.0,1542.0,1888.0,14.987300000000012,42.42080000000002,85.89659999999995,126.21639999999988,9.985600000000002,0.0,0.0,0.0,289.0,0.0,0.0,0.0,1.0,0.0,0.0,0.0,0.0,0.0,0.0,0.0,0.9801,0.0,0.0,0.0,218.15140000000005,479.9660000000002,871.9180000000003,1163.2784000000001,580.0,1400.0,1732.0,1796.0,38.0,76.0,144.0,204.0,220.0,568.0,756.0,820.0,11.464600000000004,29.97080000000001,46.20640000000001,54.42200000000001,9.985600000000002,0.0,0.0,0.0,289.0,0.0,0.0,0.0,0.0,0.0,0.0,0.0,0.0,0.0,0.0,0.9801,0.0,0.0,0.0,9.2416,22.192,42.256,43.74560000000001,49.0,91.0,112.0,119.0,3.0,6.0,6.0,9.0,27.0,36.0,33.0,0.5625,1.4325,2.2649999999999997,2.25,0.0,0.0,0.0,0.0,0.0,0.0,0.0,0.0,0.0,0.0,0.0,0.0,1.8200000000000003,4.34,3.8499999999999996,8.0,26.0,25.0,0.0,6.0,7.0,0.33999999999999997,1.48,1.5,3.3489000000000004,33.818400000000004,53.436,73.74900000000001,676.0,1612.0,1352.0,728.0,12.0,18.0,108.0,216.0,144.0,1.5625,6.225,9.55,9.325000000000003,-7.5,-7.239999999999998,-7.360000000000001,94.0,260.0,440.0,18.0,36.0,84.0,2.52,7.360000000000001,15.040000000000006
Mn_PUKJIR_comp_0_111111,2,0,1.0,1.0,131.4841,245.61600000000013,494.928,908.1600000000003,1021.0,2592.0,2532.0,960.0,19.0,36.0,66.0,120.0,102.0,288.0,426.0,360.0,6.772299999999996,18.658799999999992,29.972999999999995,32.412000000000006,21.5136,30.272000000000002,9.680000000000001,0.0,66.0,32.0,2.0,0.0,3.0,4.0,2.0,0.0,6.0,8.0,2.0,0.0,0.8067,1.0804,0.2738,0.0,21.5136,30.272000000000002,9.680000000000001,0.0,66.0,32.0,2.0,0.0,3.0,4.0,2.0,0.0,6.0,8.0,2.0,0.0,0.8067,1.0804,0.2738,0.0,11.833599999999999,15.136000000000001,0.0,0.0,64.0,16.0,0.0,0.0,2.0,0.0,0.0,4.0,4.0,0.0,0.0,0.5328999999999999,0.5402,0.0,0.0,11.833599999999999,15.136000000000001,0.0,0.0,64.0,16.0,0.0,0.0,2.0,0.0,0.0,4.0,4.0,0.0,0.0,0.5328999999999999,0.5402,0.0,0.0,2.4799999999999995,0.0,0.0,14.0,0.0,0.0,2.0,0.0,0.0,0.72,0.0,0.0,2.4799999999999995,0.0,0.0,14.0,0.0,0.0,2.0,0.0,0.0,0.72,0.0,0.0,2.4025000000000003,31.992,40.920000000000016,0.0,625.0,1200.0,300.0,0.0,12.0,0.0,108.0,72.0,0.0,1.9320999999999997,6.088199999999999,6.1716000000000015,0.0,-11.34,-7.800000000000003,0.0,102.0,288.0,0.0,18.0,60.0,0.0,3.96,12.239999999999997,0.0
Mn_LEZMEK_comp_1_111111,1,0,1.0,1.0,167.7106,291.12600000000015,524.3196000000003,647.6687999999997,1297.0,2814.0,3744.0,3762.0,25.0,48.0,84.0,84.0,132.0,300.0,330.0,360.0,11.786500000000006,28.200000000000014,40.89480000000002,45.61920000000004,27.55135,39.8565,39.102000000000004,20.064000000000004,112.0,144.0,63.0,21.0,4.0,6.0,7.0,3.0,13.0,23.0,13.0,3.0,1.6423999999999999,2.5872,1.8429000000000002,0.8324999999999998,27.55135,39.8565,39.102000000000004,20.064000000000004,112.0,144.0,63.0,21.0,4.0,6.0,7.0,3.0,13.0,23.0,13.0,3.0,1.6423999999999999,2.5872,1.8429000000000002,0.8324999999999998,7.87205,8.261999999999999,3.876,10.032,42.5,45.0,21.0,10.5,1.0,0.5,1.5,1.0,1.5,2.0,1.5,0.5777,0.5698000000000001,0.28875,0.41624999999999995,7.87205,8.261999999999999,3.876,10.032,42.5,45.0,21.0,10.5,1.0,0.5,1.5,1.0,1.5,2.0,1.5,0.5777,0.5698000000000001,0.28875,0.41624999999999995,-0.19999999999999996,0.2450000000000001,1.2599999999999998,-0.5,0.5,9.0,-0.5,-1.5,0.0,0.010000000000000009,-0.010000000000000009,0.5700000000000001,-0.19999999999999996,0.2450000000000001,1.2599999999999998,-0.5,0.5,9.0,-0.5,-1.5,0.0,0.010000000000000009,-0.010000000000000009,0.5700000000000001,2.4025000000000003,25.993500000000004,27.8535,11.857499999999998,625.0,975.0,1050.0,450.0,6.0,3.0,72.0,54.0,72.0,1.9320999999999997,6.3384,6.254999999999999,3.2109,-7.47,-8.67,-2.999999999999999,111.0,108.0,57.0,24.0,27.0,6.0,3.7799999999999994,3.84,1.8599999999999997
Fe_AQIYOO_comp_1_3111,2,-3,1.0,3.0,140.4644,275.3214000000001,555.9475999999999,766.9995999999995,1881.0,4716.0,7124.0,5272.0,22.0,46.0,94.0,122.0,140.0,376.0,592.0,570.0,11.557500000000006,30.041600000000003,56.32300000000001,61.12440000000001,17.472099999999998,16.863999999999997,0.0,0.0,95.0,92.0,0.0,0.0,2.0,2.0,0.0,0.0,2.0,2.0,0.0,0.0,1.1356666666666666,1.1344666666666667,0.0,0.0,84.6992,168.40200000000002,284.933,265.7716,920.0,1008.0,1200.0,1488.0,15.0,28.0,50.0,48.0,78.0,176.0,176.0,144.0,6.587999999999999,13.213200000000002,19.160999999999998,17.041199999999996,6.5025,8.431999999999999,0.0,0.0,36.0,46.0,0.0,0.0,1.0,0.0,0.0,1.0,1.0,0.0,0.0,0.5929,0.5672333333333334,0.0,0.0,6.6564000000000005,8.772,23.908,24.011200000000002,256.0,128.0,170.66666666666666,384.0,1.3333333333333333,4.0,4.0,2.0,8.0,12.0,6.666666666666667,1.0404,1.0472,2.0536,2.3935999999999997,-0.7566666666666668,0.0,0.0,-1.6666666666666667,0.0,0.0,0.0,0.0,0.0,0.03333333333333336,0.0,0.0,0.040000000000000334,1.0533333333333335,1.013333333333333,13.333333333333334,53.333333333333336,40.0,-3.3333333333333335,-2.0,1.3333333333333333,0.3333333333333333,2.066666666666667,1.7333333333333334,3.3489000000000004,28.1637,36.8196,32.208000000000006,676.0,1716.0,1222.0,208.0,7.0,8.0,78.0,114.0,48.0,1.5625,6.7125,6.612500000000001,3.6999999999999997,-4.409999999999999,-7.309999999999999,-2.960000000000001,90.0,135.0,200.0,23.0,23.0,40.0,2.13,3.46,7.04
Co_AFULAO_comp_0_411,3,-2,1.0,4.0,254.45040000000012,560.3402000000002,1160.7511999999997,1991.8168000000005,1529.0,3800.0,6006.0,6620.0,41.0,86.0,182.0,320.0,268.0,792.0,1404.0,1792.0,14.967600000000015,41.14580000000003,77.16739999999994,114.02479999999997,27.724800000000002,36.9664,18.4832,0.0,147.0,196.0,98.0,0.0,3.0,4.0,2.0,0.0,6.0,8.0,2.0,0.0,1.6875,2.25,1.125,0.0,195.46640000000008,417.82500000000016,716.5160000000003,910.7912000000001,506.0,1140.0,1316.0,1250.0,34.0,66.0,120.0,162.0,186.0,468.0,588.0,578.0,10.00500000000001,25.305800000000005,37.02560000000001,40.68020000000001,9.2416,9.2416,9.2416,0.0,49.0,49.0,49.0,0.0,1.0,1.0,0.0,1.0,2.0,1.0,0.0,0.5625,0.5625,0.5625,0.0,9.2416,21.66,31.692000000000004,32.436800000000005,49.0,73.5,84.0,87.5,3.0,4.5,4.5,9.0,22.5,27.0,25.5,0.5625,1.2825,1.69875,1.6912499999999997,0.0,0.0,0.0,0.0,0.0,0.0,-1.0,0.0,0.0,0.0,0.0,0.0,1.995,3.255,3.01,10.5,19.5,19.0,1.5,4.5,5.0,0.54,1.1099999999999999,1.12,3.5343999999999998,34.291199999999996,65.0104,70.6504,729.0,1134.0,1512.0,1026.0,14.0,16.0,120.0,204.0,132.0,1.5876000000000001,5.670000000000001,10.508400000000002,9.424800000000001,-6.960000000000001,-8.260000000000002,-7.5000000000000036,120.0,322.0,394.0,16.0,50.0,74.0,3.0599999999999996,9.299999999999999,12.680000000000001
Co_ENGCOA_comp_0_222,3,-2,2.0,2.0,204.29020000000003,439.5653999999999,969.0864000000004,1543.4432000000004,1413.0,3520.0,5284.0,4544.0,31.0,66.0,142.0,232.0,208.0,612.0,1056.0,1128.0,11.717000000000011,32.91180000000001,62.672999999999995,79.3412,70.20820000000002,142.39700000000005,212.99200000000002,233.02720000000002,178.0,344.0,328.0,226.0,12.0,22.0,36.0,42.0,58.0,136.0,144.0,98.0,3.4059999999999984,7.995,10.183600000000002,8.9098,65.27380000000001,112.78899999999999,165.25119999999998,163.53440000000003,253.0,400.0,484.0,320.0,9.0,16.0,24.0,24.0,40.0,88.0,80.0,40.0,3.361699999999999,6.8388,8.405999999999999,6.5855999999999995,9.2416,21.128,21.128,22.617600000000003,49.0,56.0,56.0,63.0,3.0,3.0,3.0,9.0,18.0,18.0,15.0,0.5625,1.1324999999999998,1.1324999999999998,1.1175,10.5376,14.95,20.866799999999998,23.2544,56.5,52.0,84.0,92.0,2.0,2.5,2.5,5.0,10.5,10.0,5.5,0.5477,0.8472999999999999,1.11375,1.0913499999999998,2.17,2.17,1.6799999999999997,13.0,13.0,12.0,3.0,3.0,4.0,0.74,0.74,0.76,1.53,1.53,1.0399999999999998,7.5,7.5,6.5,0.5,0.5,1.0,0.35,0.35,0.37,3.5343999999999998,35.795199999999994,61.85200000000002,46.022400000000005,729.0,1188.0,1188.0,648.0,14.0,10.0,120.0,180.0,60.0,1.5876000000000001,5.619600000000001,9.5508,5.5691999999999995,-7.760000000000001,-6.580000000000002,-5.680000000000002,118.0,334.0,246.0,16.0,54.0,50.0,3.0999999999999996,10.06,8.18
Co_CAASPC_comp_3_33,3,-4,,,,,,,,,,,,,,,,,,,,,,,,,,,,,,,,,,,,,,,,,,,,,,,,,,,,,,,,,,,,,,,,,,,,,,,,,,,,,,,,,,,,,,,,,,,,,,,,,,,,,,,,,,,,,,,,,,,,,,,,,,,,,,,,,,,,,,,,,,,,,,,,,,,,,,,,,
Fe_DETTUR_comp_0_33,3,0,,,,,,,,,,,,,,,,,,,,,,,,,,,,,,,,,,,,,,,,,,,,,,,,,,,,,,,,,,,,,,,,,,,,,,,,,,,,,,,,,,,,,,,,,,,,,,,,,,,,,,,,,,,,,,,,,,,,,,,,,,,,,,,,,,,,,,,,,,,,,,,,,,,,,,,,,
Co_GASCEI_comp_0_33,3,-2,,,,,,,,,,,,,,,,,,,,,,,,,,,,,,,,,,,,,,,,,,,,,,,,,,,,,,,,,,,,,,,,,,,,,,,,,,,,,,,,,,,,,,,,,,,,,,,,,,,,,,,,,,,,,,,,,,,,,,,,,,,,,,,,,,,,,,,,,,,,,,,,,,,,,,,,,
Co_CEWTUT_comp_0_42,3,-2,,,,,,,,,,,,,,,,,,,,,,,,,,,,,,,,,,,,,,,,,,,,,,,,,,,,,,,,,,,,,,,,,,,,,,,,,,,,,,,,,,,,,,,,,,,,,,,,,,,,,,,,,,,,,,,,,,,,,,,,,,,,,,,,,,,,,,,,,,,,,,,,,,,,,,,,,
Mn_FARTOH_comp_0_3111,3,-3,1.0,3.0,224.91670000000008,474.25020000000006,981.4506000000006,1632.9180000000006,1444.0,3594.0,5880.0,6210.0,34.0,72.0,150.0,258.0,222.0,660.0,1212.0,1416.0,14.293000000000012,38.25000000000002,71.48099999999997,102.1205999999999,27.724800000000002,36.9664,18.4832,0.0,147.0,196.0,98.0,0.0,3.0,4.0,2.0,0.0,6.0,8.0,2.0,0.0,1.6875,2.25,1.125,0.0,139.33980000000003,306.80700000000013,552.5909999999999,728.2715999999999,378.0,906.0,1116.0,1158.0,24.0,48.0,90.0,126.0,138.0,354.0,468.0,510.0,7.298399999999998,18.990000000000002,29.04660000000001,33.97739999999999,9.2416,9.2416,9.2416,0.0,49.0,49.0,49.0,0.0,1.0,1.0,0.0,1.0,2.0,1.0,0.0,0.5625,0.5625,0.5625,0.0,9.2416,22.191999999999997,42.25600000000001,45.2352,49.0,91.0,112.0,126.0,3.0,6.0,6.0,9.0,27.0,36.0,30.0,0.5625,1.4325,2.2649999999999997,2.2349999999999994,0.0,0.0,0.0,0.0,0.0,0.0,-1.0,0.0,0.0,0.0,0.0,0.0,1.8200000000000003,4.34,3.3599999999999994,8.0,26.0,24.0,0.0,6.0,8.0,0.34,1.4799999999999998,1.5200000000000002,2.4025000000000003,28.272000000000002,48.08100000000001,55.056000000000026,625.0,1050.0,1500.0,825.0,12.0,15.0,108.0,198.0,90.0,1.9320999999999997,6.255000000000001,11.092199999999998,9.299100000000005,-8.94,-12.42,-12.270000000000003,108.0,240.0,342.0,18.0,39.0,75.0,3.839999999999999,8.7,14.159999999999997
Fe_NAXPAD_comp_0_33,2,0,,,,,,,,,,,,,,,,,,,,,,,,,,,,,,,,,,,,,,,,,,,,,,,,,,,,,,,,,,,,,,,,,,,,,,,,,,,,,,,,,,,,,,,,,,,,,,,,,,,,,,,,,,,,,,,,,,,,,,,,,,,,,,,,,,,,,,,,,,,,,,,,,,,,,,,,,
Co_ZEZJAP_comp_0_222,3,-2,1.0,2.0,224.87430000000006,467.2843999999999,955.6986000000004,1630.6311999999994,1499.0,3574.0,5350.0,5494.0,34.0,70.0,144.0,252.0,214.0,630.0,1108.0,1278.0,13.009300000000012,34.65620000000001,63.67099999999999,90.00000000000006,40.461749999999995,56.20199999999999,53.507299999999994,23.153999999999996,207.0,282.0,227.0,102.0,4.5,7.0,6.0,3.0,13.0,22.0,14.0,7.0,2.3048499999999996,3.688300000000001,2.7683999999999997,1.4091,70.20820000000002,142.39700000000005,212.99200000000002,233.02720000000002,178.0,344.0,328.0,226.0,12.0,22.0,36.0,42.0,58.0,136.0,144.0,98.0,3.4059999999999984,7.995,10.183600000000002,8.9098,10.5376,12.137999999999998,19.7184,0.0,56.5,66.0,91.5,0.0,1.5,2.0,0.0,2.5,6.0,3.5,0.0,0.5477,0.85855,0.9527,0.0,9.2416,21.128,21.128,22.617600000000003,49.0,56.0,56.0,63.0,3.0,3.0,3.0,9.0,18.0,18.0,15.0,0.5625,1.1324999999999998,1.1324999999999998,1.1175,0.9350000000000003,0.020000000000000018,0.0,2.0,2.0,0.0,-1.0,1.5,0.0,-0.040000000000000036,0.21000000000000002,0.0,2.17,2.17,1.6799999999999997,13.0,13.0,12.0,3.0,3.0,4.0,0.74,0.74,0.76,3.5343999999999998,35.0432,66.64600000000002,56.62560000000001,729.0,1161.0,1350.0,891.0,15.0,12.0,126.0,186.0,72.0,1.5876000000000001,5.6448,10.521000000000003,6.955199999999998,-7.360000000000001,-7.250000000000002,-7.560000000000002,119.0,355.0,291.0,15.0,59.0,60.0,3.08,10.55,9.6
Fe_SELFAQ_comp_1_111111,2,0,1.0,1.0,126.85350000000001,229.27799999999993,329.15340000000003,513.4319999999999,1192.0,2460.0,3336.0,2832.0,19.0,36.0,54.0,72.0,90.0,216.0,288.0,312.0,9.316300000000002,21.81,32.45580000000001,40.2,20.5841,28.880000000000003,11.22,0.0,86.0,98.0,12.0,0.0,3.0,4.0,2.0,0.0,6.0,8.0,2.0,0.0,1.2923,1.71,0.5698,0.0,20.5841,28.880000000000003,11.22,0.0,86.0,98.0,12.0,0.0,3.0,4.0,2.0,0.0,6.0,8.0,2.0,0.0,1.2923,1.71,0.5698,0.0,6.5024999999999995,7.752,5.61,0.0,36.0,42.0,6.0,0.0,1.0,1.0,0.0,1.0,2.0,1.0,0.0,0.5929,0.5775,0.2849,0.0,6.5024999999999995,7.752,5.61,0.0,36.0,42.0,6.0,0.0,1.0,1.0,0.0,1.0,2.0,1.0,0.0,0.5929,0.5775,0.2849,0.0,-0.4900000000000002,0.34999999999999964,0.0,-1.0,5.0,0.0,-1.0,0.0,0.0,0.020000000000000018,0.4,0.0,-0.4900000000000002,0.34999999999999964,0.0,-1.0,5.0,0.0,-1.0,0.0,0.0,0.020000000000000018,0.4,0.0,3.3489000000000004,27.999,33.379200000000004,24.156000000000002,676.0,936.0,1092.0,156.0,6.0,6.0,72.0,72.0,36.0,1.5625,5.775,5.625,2.775,-4.3199999999999985,-7.26,-2.2200000000000006,120.0,114.0,150.0,24.0,24.0,30.0,2.88,3.0,5.28
Mn_MNACAC_comp_0_2211,2,-2,1.0,2.0,225.54910000000004,455.82400000000007,947.3299999999996,1174.7460000000005,1387.0,3592.0,4740.0,4776.0,35.0,72.0,134.0,164.0,206.0,516.0,722.0,904.0,13.522700000000004,36.2976,57.7222,68.63480000000003,21.5136,30.272000000000002,9.680000000000001,0.0,66.0,32.0,2.0,0.0,3.0,4.0,2.0,0.0,6.0,8.0,2.0,0.0,0.8067,1.0804,0.2738,0.0,90.05970000000002,165.64800000000005,257.03099999999995,271.946,315.0,564.0,708.0,560.0,14.0,26.0,42.0,40.0,68.0,150.0,154.0,128.0,4.988599999999998,10.980200000000004,14.2554,13.499999999999998,11.833599999999999,15.136000000000001,0.0,0.0,64.0,16.0,0.0,0.0,2.0,0.0,0.0,4.0,4.0,0.0,0.0,0.5328999999999999,0.5402,0.0,0.0,11.833599999999999,8.771999999999998,17.543999999999997,39.044000000000004,64.0,48.0,96.0,80.0,1.0,2.0,5.0,1.0,3.0,7.0,7.0,0.5328999999999999,0.5621,1.1242,1.6425,2.4799999999999995,0.0,0.0,14.0,0.0,0.0,2.0,0.0,0.0,0.72,0.0,0.0,0.8900000000000001,1.7800000000000002,5.85,2.0,4.0,30.0,-2.0,-5.0,-2.0,-0.040000000000000036,-0.08000000000000007,1.4,2.4025000000000003,31.992,29.45,23.715,625.0,1200.0,700.0,900.0,8.0,6.0,84.0,96.0,132.0,1.9320999999999997,6.088199999999999,6.3384,6.421799999999999,-11.34,-6.6000000000000005,-5.999999999999999,102.0,172.0,114.0,22.0,32.0,14.0,3.96,6.559999999999999,3.7199999999999998
Fe_KAWTUX_comp_2_33,3,0,,,,,,,,,,,,,,,,,,,,,,,,,,,,,,,,,,,,,,,,,,,,,,,,,,,,,,,,,,,,,,,,,,,,,,,,,,,,,,,,,,,,,,,,,,,,,,,,,,,,,,,,,,,,,,,,,,,,,,,,,,,,,,,,,,,,,,,,,,,,,,,,,,,,,,,,,
Fe_VOBHUP_comp_0_2211,3,-2,1.0,2.0,275.4145,574.2708000000003,1170.1348000000014,1978.504000000002,2618.0,7576.0,13798.0,13920.0,51.0,104.0,222.0,352.0,326.0,920.0,1722.0,2448.0,19.512700000000024,55.74400000000004,113.41859999999994,172.84639999999973,9.985600000000002,0.0,0.0,0.0,289.0,0.0,0.0,0.0,1.0,0.0,0.0,0.0,0.0,0.0,0.0,0.0,0.9801,0.0,0.0,0.0,126.04720000000005,259.5390000000002,434.94399999999996,497.9162000000004,682.0,1344.0,1348.0,1250.0,24.0,46.0,84.0,90.0,130.0,304.0,396.0,434.0,7.994999999999998,20.097,29.042400000000004,29.456800000000012,9.985600000000002,0.0,0.0,0.0,289.0,0.0,0.0,0.0,0.0,0.0,0.0,0.0,0.0,0.0,0.0,0.9801,0.0,0.0,0.0,4.7961,16.7535,44.1285,14.432100000000002,225.0,270.0,210.0,255.0,3.0,9.0,3.0,9.0,36.0,36.0,15.0,1.1236000000000002,2.4486,3.9537999999999993,1.908,0.0,0.0,0.0,0.0,0.0,0.0,0.0,0.0,0.0,0.0,0.0,0.0,-1.0799999999999996,-0.4400000000000017,-0.020000000000000462,27.0,121.0,28.0,-3.0,15.0,4.0,0.8700000000000001,5.810000000000001,1.3800000000000001,3.3489000000000004,27.596400000000003,55.998,128.83199999999997,676.0,2444.0,1872.0,832.0,12.0,32.0,108.0,288.0,192.0,1.5625,7.775,11.550000000000002,14.800000000000008,-4.1,-8.639999999999997,-11.84000000000001,62.0,240.0,800.0,18.0,24.0,160.0,1.2799999999999998,5.760000000000002,28.159999999999993
Fe_WABHIR_comp_0_111111,2,-4,1.0,1.0,197.3849,338.63359999999994,761.0360000000001,858.4864000000002,1964.0,4672.0,5544.0,5696.0,23.0,44.0,82.0,112.0,126.0,320.0,448.0,504.0,11.133299999999998,27.18519999999999,42.37179999999999,47.449999999999996,53.99079999999999,71.0016,142.0032,0.0,512.0,1024.0,768.0,0.0,5.0,8.0,12.0,0.0,20.0,32.0,12.0,0.0,3.1719999999999997,5.9568,6.394799999999999,0.0,21.5136,30.272000000000002,9.680000000000001,0.0,66.0,32.0,2.0,0.0,3.0,4.0,2.0,0.0,6.0,8.0,2.0,0.0,0.8067,1.0804,0.2738,0.0,11.833599999999999,8.8752,35.5008,0.0,64.0,128.0,192.0,0.0,1.0,3.0,0.0,1.0,4.0,3.0,0.0,0.5328999999999999,0.7446,1.5986999999999998,0.0,11.833599999999999,15.136000000000001,0.0,0.0,64.0,16.0,0.0,0.0,2.0,0.0,0.0,4.0,4.0,0.0,0.0,0.5328999999999999,0.5402,0.0,0.0,0.8599999999999999,0.0,0.0,-8.0,0.0,0.0,-3.0,0.0,0.0,-0.29000000000000004,0.0,0.0,2.4799999999999995,0.0,0.0,14.0,0.0,0.0,2.0,0.0,0.0,0.72,0.0,0.0,3.3489000000000004,37.7712,41.65080000000001,37.7712,676.0,1248.0,1040.0,1248.0,10.0,6.0,96.0,96.0,36.0,1.5625,5.475,6.250000000000001,5.475,-9.659999999999998,-4.460000000000001,-9.659999999999998,108.0,220.0,108.0,20.0,44.0,30.0,3.12,7.499999999999999,3.12
Mn_FAMBOL_comp_1_111111,2,0,1.0,1.0,192.49610000000004,368.2440000000001,692.9639999999998,793.0919999999999,1253.0,3032.0,3520.0,3432.0,31.0,60.0,106.0,112.0,166.0,384.0,446.0,520.0,12.181500000000005,30.76040000000001,44.54340000000002,49.11680000000002,21.5136,30.272000000000002,9.680000000000001,0.0,66.0,32.0,2.0,0.0,3.0,4.0,2.0,0.0,6.0,8.0,2.0,0.0,0.8067,1.0804,0.2738,0.0,36.766600000000004,62.169,78.20400000000002,40.12800000000001,124.0,192.0,126.0,42.0,6.0,10.0,14.0,6.0,24.0,44.0,26.0,6.0,2.159,4.0502,3.6858,1.6649999999999996,11.833599999999999,15.136000000000001,0.0,0.0,64.0,16.0,0.0,0.0,2.0,0.0,0.0,4.0,4.0,0.0,0.0,0.5328999999999999,0.5402,0.0,0.0,9.2416,7.752,7.752,20.064,49.0,42.0,42.0,21.0,1.0,1.0,3.0,1.0,2.0,4.0,3.0,0.5625,0.5775,0.5775,0.8324999999999999,2.4799999999999995,0.0,0.0,14.0,0.0,0.0,2.0,0.0,0.0,0.72,0.0,0.0,0.4900000000000002,0.4900000000000002,2.5199999999999996,1.0,1.0,18.0,-1.0,-3.0,0.0,-0.020000000000000018,-0.020000000000000018,1.1400000000000001,2.4025000000000003,29.512,29.45,15.809999999999999,625.0,1100.0,700.0,600.0,8.0,4.0,84.0,72.0,96.0,1.9320999999999997,6.199400000000001,6.3384,4.2812,-9.74,-6.6000000000000005,-3.999999999999999,106.0,172.0,76.0,22.0,36.0,8.0,3.879999999999999,6.559999999999999,2.4799999999999995
Co_DAYKOD_comp_1_2211,3,-2,1.0,2.0,228.65200000000004,496.05880000000013,1088.1867999999997,1759.919999999999,1815.0,4420.0,6282.0,5848.0,39.0,80.0,174.0,280.0,254.0,728.0,1254.0,1440.0,13.826600000000019,37.84120000000003,72.98939999999999,101.01040000000005,9.985600000000002,0.0,0.0,0.0,289.0,0.0,0.0,0.0,1.0,0.0,0.0,0.0,0.0,0.0,0.0,0.0,0.9801,0.0,0.0,0.0,102.57320000000003,213.28700000000006,349.54300000000006,464.49920000000014,254.0,536.0,742.0,674.0,18.0,34.0,60.0,78.0,94.0,232.0,318.0,314.0,5.1393999999999975,12.645800000000001,18.589199999999998,22.6454,9.985600000000002,0.0,0.0,0.0,289.0,0.0,0.0,0.0,0.0,0.0,0.0,0.0,0.0,0.0,0.0,0.9801,0.0,0.0,0.0,9.2416,21.128,22.192,43.74560000000001,49.0,56.0,91.0,119.0,3.0,3.0,6.0,9.0,18.0,27.0,33.0,0.5625,1.1324999999999998,1.4324999999999999,2.25,0.0,0.0,0.0,0.0,0.0,0.0,0.0,0.0,0.0,0.0,0.0,0.0,2.17,1.8200000000000003,3.8499999999999996,13.0,8.0,25.0,3.0,0.0,7.0,0.74,0.33999999999999997,1.4999999999999998,3.5343999999999998,34.7424,52.26400000000001,35.72,729.0,1674.0,864.0,756.0,12.0,8.0,108.0,144.0,120.0,1.5876000000000001,6.274800000000001,7.6103999999999985,5.7456,-7.200000000000001,-5.240000000000002,-3.960000000000001,100.0,292.0,188.0,18.0,48.0,28.0,2.58,9.08,5.52
Mn_QETLAC_comp_0_2211,2,0,1.0,2.0,197.40530000000004,443.69280000000003,843.7295999999999,1207.1556000000003,1813.0,4720.0,7082.0,5716.0,29.0,64.0,122.0,176.0,186.0,524.0,878.0,904.0,13.593100000000003,37.41200000000001,67.4248,75.6876,21.5136,30.272000000000002,9.680000000000001,0.0,66.0,32.0,2.0,0.0,3.0,4.0,2.0,0.0,6.0,8.0,2.0,0.0,0.8067,1.0804,0.2738,0.0,75.98780000000001,163.4884,231.1402,200.29719999999998,528.0,778.0,1136.0,982.0,11.0,22.0,32.0,30.0,54.0,126.0,160.0,102.0,5.0238,10.675600000000001,14.7344,12.7194,11.833599999999999,15.136000000000001,0.0,0.0,64.0,16.0,0.0,0.0,2.0,0.0,0.0,4.0,4.0,0.0,0.0,0.5328999999999999,0.5402,0.0,0.0,7.949,14.598300000000002,15.5952,30.4779,152.5,79.5,154.0,276.5,2.0,2.0,4.0,5.0,9.0,12.0,15.0,0.80145,0.9514499999999999,1.3425,2.4301500000000003,2.4799999999999995,0.0,0.0,14.0,0.0,0.0,2.0,0.0,0.0,0.72,0.0,0.0,0.855,0.03000000000000025,0.395,11.0,10.0,20.0,1.0,-2.0,0.0,0.505,0.25,0.7749999999999999,2.4025000000000003,28.086,44.609000000000016,17.329,625.0,1550.0,850.0,650.0,12.0,4.0,108.0,120.0,72.0,1.9320999999999997,6.949999999999999,8.340000000000002,4.2256,-8.82,-10.180000000000001,-4.9799999999999995,88.0,266.0,74.0,18.0,52.0,12.0,3.34,10.679999999999998,2.5199999999999996
Fe_MICYFE10_comp_1_111111,2,0,1.0,1.0,223.94850000000005,444.00600000000014,754.8714000000008,723.0780000000004,1420.0,3096.0,3984.0,4608.0,37.0,72.0,126.0,108.0,198.0,432.0,468.0,600.0,14.516500000000013,35.66640000000001,51.07019999999997,56.45640000000001,36.766600000000004,64.668,82.173,33.660000000000004,124.0,204.0,120.0,36.0,6.0,10.0,14.0,6.0,24.0,44.0,26.0,6.0,2.159,4.0194,3.6721999999999997,1.7093999999999998,36.766600000000004,64.668,82.173,33.660000000000004,124.0,204.0,120.0,36.0,6.0,10.0,14.0,6.0,24.0,44.0,26.0,6.0,2.159,4.0194,3.6721999999999997,1.7093999999999998,6.5024999999999995,7.752,6.5024999999999995,16.830000000000002,36.0,42.0,36.0,18.0,1.0,1.0,3.0,1.0,2.0,4.0,3.0,0.5929,0.5775,0.5929,0.8547,6.5024999999999995,7.752,6.5024999999999995,16.830000000000002,36.0,42.0,36.0,18.0,1.0,1.0,3.0,1.0,2.0,4.0,3.0,0.5929,0.5775,0.5929,0.8547,-0.4900000000000002,0.0,1.049999999999999,-1.0,0.0,15.0,-1.0,-3.0,0.0,0.020000000000000018,0.0,1.2000000000000002,-0.4900000000000002,0.0,1.049999999999999,-1.0,0.0,15.0,-1.0,-3.0,0.0,0.020000000000000018,0.0,1.2000000000000002,3.3489000000000004,27.999,33.379200000000004,27.999,676.0,936.0,1092.0,936.0,6.0,6.0,72.0,72.0,144.0,1.5625,5.775,5.625,5.775,-4.3199999999999985,-7.26,-4.3199999999999985,120.0,114.0,120.0,24.0,24.0,12.0,2.88,3.0,2.88
Fe_PAZXAP_comp_0_6,2,0,6.0,6.0,282.02849999999995,679.6864,1532.475999999999,2682.4180000000006,1432.0,3976.0,7566.0,7244.0,49.0,108.0,246.0,436.0,354.0,1104.0,2256.0,2944.0,16.159300000000023,49.26200000000005,104.18699999999994,154.09479999999976,278.67959999999994,612.9280000000001,1097.4820000000007,1583.6431999999993,756.0,1792.0,2560.0,2960.0,48.0,96.0,180.0,264.0,276.0,720.0,1056.0,1248.0,14.596800000000023,38.012000000000015,60.66200000000002,80.72480000000004,278.67959999999994,612.9280000000001,1097.4820000000007,1583.6431999999993,756.0,1792.0,2560.0,2960.0,48.0,96.0,180.0,264.0,276.0,720.0,1056.0,1248.0,14.596800000000023,38.012000000000015,60.66200000000002,80.72480000000004,9.2416,22.192,42.25600000000001,47.363200000000006,49.0,91.0,112.0,196.0,3.0,6.0,6.0,9.0,27.0,36.0,48.0,0.5625,1.4325,2.2649999999999997,2.835,9.2416,21.66,32.756,56.33120000000001,49.0,73.5,119.0,171.5,3.0,4.5,7.5,9.0,22.5,36.0,43.5,0.5625,1.2825,1.9987499999999998,2.9512499999999995,1.8200000000000003,4.34,2.66,8.0,26.0,14.0,0.0,6.0,2.0,0.33999999999999997,1.48,0.72,1.995,2.9050000000000002,4.27,10.5,14.5,28.0,1.5,1.5,8.0,0.54,0.71,1.69,3.3489000000000004,33.379200000000004,78.873,73.74900000000001,676.0,1092.0,1768.0,728.0,18.0,18.0,144.0,288.0,144.0,1.5625,5.625,13.325000000000005,9.325000000000003,-7.26,-10.160000000000004,-7.360000000000001,114.0,400.0,440.0,12.0,60.0,84.0,3.0,11.840000000000003,15.040000000000006
Fe_GESJOG_comp_0_3111,2,-1,1.0,3.0,200.43650000000002,410.9062000000001,799.3078,1176.0158000000001,1473.0,3428.0,5540.0,5562.0,30.0,64.0,122.0,168.0,186.0,502.0,804.0,894.0,13.439800000000005,35.03640000000001,61.090199999999996,78.51240000000003,24.4796,32.419,26.06800000000001,13.376000000000003,108.0,128.0,42.0,14.0,3.3333333333333335,4.666666666666667,4.666666666666667,2.0,9.333333333333334,16.0,8.666666666666666,2.0,1.4702,2.0995333333333335,1.2286,0.5549999999999998,123.64880000000001,250.80700000000007,383.63100000000003,450.71419999999995,473.0,964.0,1224.0,1232.0,19.0,38.0,60.0,70.0,98.0,234.0,296.0,296.0,7.4666999999999994,17.387800000000002,24.204400000000007,25.727400000000003,7.415533333333333,8.431999999999999,2.584,6.688,40.333333333333336,46.0,14.0,7.0,1.0,0.3333333333333333,1.0,1.0,1.3333333333333333,1.3333333333333333,1.0,0.5827666666666667,0.5672333333333334,0.1925,0.27749999999999997,9.192566666666666,15.706166666666666,24.212833333333332,33.191233333333344,49.666666666666664,74.66666666666667,93.33333333333333,121.33333333333333,2.0,3.3333333333333335,4.333333333333333,4.0,10.666666666666666,16.0,15.333333333333334,0.5627666666666666,1.0473999999999999,1.5250000000000001,1.8825,-0.43,0.1633333333333334,0.8399999999999999,-1.0,0.3333333333333333,6.0,-0.3333333333333333,-1.0,0.0,0.020000000000000018,-0.006666666666666672,0.38000000000000006,0.7400000000000001,2.01,2.1399999999999997,3.0,10.0,13.0,-1.3333333333333333,-1.3333333333333333,1.0,0.10666666666666665,0.4666666666666666,0.7399999999999999,3.3489000000000004,31.4211,46.2441,30.1035,676.0,1040.0,1430.0,572.0,9.0,7.0,90.0,120.0,84.0,1.5625,5.675000000000001,8.012500000000001,4.737500000000001,-6.189999999999999,-8.8,-3.6399999999999997,116.0,179.0,160.0,21.0,34.0,28.0,2.96,4.84,4.96
Fe_BQIFEC10_comp_0_21111,2,-4,,,,,,,,,,,,,,,,,,,,,,,,,,,,,,,,,,,,,,,,,,,,,,,,,,,,,,,,,,,,,,,,,,,,,,,,,,,,,,,,,,,,,,,,,,,,,,,,,,,,,,,,,,,,,,,,,,,,,,,,,,,,,,,,,,,,,,,,,,,,,,,,,,,,,,,,,
Co_LUJXAP_comp_0_321,3,-1,1.0,2.5,248.93050000000005,562.7746000000001,1231.9919999999997,2086.563,1614.0,4096.0,6260.0,6568.0,43.0,90.0,198.0,344.0,288.0,852.0,1500.0,1918.0,14.41260000000002,41.22500000000005,80.64239999999995,118.44779999999997,9.985600000000002,0.0,0.0,0.0,289.0,0.0,0.0,0.0,1.0,0.0,0.0,0.0,0.0,0.0,0.0,0.0,0.9801,0.0,0.0,0.0,117.70525000000004,246.87050000000005,408.902,484.3131000000001,298.0,644.0,695.0,606.0,20.5,39.0,69.0,87.0,108.0,264.0,315.0,286.0,5.922449999999998,14.6401,20.462700000000005,21.001499999999997,9.985600000000002,0.0,0.0,0.0,289.0,0.0,0.0,0.0,0.0,0.0,0.0,0.0,0.0,0.0,0.0,0.9801,0.0,0.0,0.0,9.2416,21.571333333333335,29.665333333333336,25.394133333333336,49.0,70.58333333333334,70.58333333333334,68.83333333333334,3.0,4.25,3.5,9.0,21.75,23.25,19.5,0.5625,1.2574999999999998,1.5293749999999997,1.3137499999999998,0.0,0.0,0.0,0.0,0.0,0.0,0.0,0.0,0.0,0.0,0.0,0.0,2.024166666666667,3.161666666666666,2.286666666666666,10.916666666666668,19.666666666666664,14.666666666666666,1.75,5.0,4.0,0.5733333333333334,1.1483333333333334,0.8733333333333333,3.5343999999999998,34.516799999999996,66.646,71.62800000000001,729.0,1404.0,1350.0,729.0,15.0,17.0,126.0,216.0,138.0,1.5876000000000001,5.972400000000001,10.521,8.9334,-7.080000000000001,-7.250000000000002,-6.140000000000004,110.0,355.0,432.0,15.0,54.0,79.0,2.8200000000000003,10.55,14.330000000000004
Fe_CEHHON_comp_0_111111,2,0,1.0,1.0,113.3655,161.26199999999997,270.6174,526.32,1276.0,2448.0,3576.0,2880.0,13.0,24.0,42.0,60.0,66.0,168.0,192.0,120.0,8.3173,18.2952,28.737000000000005,33.726000000000006,18.3361,17.543999999999997,0.0,0.0,100.0,96.0,0.0,0.0,2.0,2.0,0.0,0.0,2.0,2.0,0.0,0.0,1.1258,1.1242,0.0,0.0,18.3361,17.543999999999997,0.0,0.0,100.0,96.0,0.0,0.0,2.0,2.0,0.0,0.0,2.0,2.0,0.0,0.0,1.1258,1.1242,0.0,0.0,6.5024999999999995,8.771999999999998,0.0,0.0,36.0,48.0,0.0,0.0,1.0,0.0,0.0,1.0,1.0,0.0,0.0,0.5929,0.5621,0.0,0.0,6.5024999999999995,8.771999999999998,0.0,0.0,36.0,48.0,0.0,0.0,1.0,0.0,0.0,1.0,1.0,0.0,0.0,0.5929,0.5621,0.0,0.0,-0.8900000000000001,0.0,0.0,-2.0,0.0,0.0,0.0,0.0,0.0,0.040000000000000036,0.0,0.0,-0.8900000000000001,0.0,0.0,-2.0,0.0,0.0,0.0,0.0,0.0,0.040000000000000036,0.0,0.0,3.3489000000000004,27.999,37.7712,0.0,676.0,936.0,1248.0,0.0,6.0,0.0,72.0,36.0,0.0,1.5625,5.775,5.475,0.0,-4.3199999999999985,-9.659999999999998,0.0,120.0,108.0,0.0,24.0,30.0,0.0,2.88,3.12,0.0
Fe_HIYRUE_comp_0_111111,3,-5,1.0,1.0,139.42010000000002,257.8486000000001,454.9104,707.2349999999999,1311.0,2804.0,4146.0,3788.0,20.0,40.0,70.0,100.0,110.0,290.0,410.0,380.0,10.7908,25.346000000000004,41.1278,51.449600000000004,15.7441,15.504,0.0,0.0,85.0,84.0,0.0,0.0,2.0,2.0,0.0,0.0,2.0,2.0,0.0,0.0,1.1554,1.155,0.0,0.0,26.14575,42.262299999999996,42.81225,31.856000000000005,116.25,178.0,127.5,27.5,3.75,6.0,6.5,5.5,12.5,27.0,30.5,12.5,1.7293749999999999,2.884,2.57995,1.3301499999999997,6.5024999999999995,7.752,0.0,0.0,36.0,42.0,0.0,0.0,1.0,0.0,0.0,1.0,1.0,0.0,0.0,0.5929,0.5775,0.0,0.0,7.187275,10.0624,7.220000000000001,3.3440000000000003,39.25,54.25,24.5,3.5,1.25,1.0,0.5,1.75,3.75,4.0,1.0,0.5852999999999999,0.718125,0.4275,0.13874999999999998,-0.4900000000000002,0.0,0.0,-1.0,0.0,0.0,0.0,0.0,0.0,0.020000000000000018,0.0,0.0,-0.2450000000000001,0.665,0.41999999999999993,-0.5,3.5,3.0,-0.5,0.0,0.5,0.010000000000000009,0.18,0.19,3.3489000000000004,28.895699999999998,38.045700000000004,17.385,676.0,962.0,1248.0,364.0,7.0,4.0,78.0,66.0,48.0,1.5625,5.75,6.5875,2.85,-4.809999999999999,-7.9799999999999995,-2.1799999999999997,119.0,134.0,90.0,23.0,31.0,16.0,2.9,3.48,2.72
Fe_EVOKOP_comp_1_111111,3,-6,1.0,1.0,137.7519,238.73040000000003,427.3644,521.7768,2722.0,3840.0,4686.0,7512.0,19.0,36.0,54.0,72.0,90.0,216.0,288.0,312.0,14.737300000000001,27.604799999999997,37.605,49.95,22.4005,28.662,15.6864,0.0,341.0,276.0,224.0,0.0,3.0,4.0,2.0,0.0,6.0,8.0,2.0,0.0,2.1958,2.7258,1.53,0.0,22.4005,28.662,15.6864,0.0,341.0,276.0,224.0,0.0,3.0,4.0,2.0,0.0,6.0,8.0,2.0,0.0,2.1958,2.7258,1.53,0.0,9.2416,7.752,7.8432,0.0,49.0,42.0,112.0,0.0,1.0,1.0,0.0,1.0,2.0,1.0,0.0,0.5625,0.5775,0.765,0.0,9.2416,7.752,7.8432,0.0,49.0,42.0,112.0,0.0,1.0,1.0,0.0,1.0,2.0,1.0,0.0,0.5625,0.5775,0.765,0.0,0.4900000000000002,0.45999999999999996,0.0,1.0,-9.0,0.0,-1.0,0.0,0.0,-0.020000000000000018,-0.27,0.0,0.4900000000000002,0.45999999999999996,0.0,1.0,-9.0,0.0,-1.0,0.0,0.0,-0.020000000000000018,-0.27,0.0,3.3489000000000004,33.379200000000004,27.999,28.3284,676.0,1092.0,936.0,2496.0,6.0,6.0,72.0,72.0,36.0,1.5625,5.625,5.775,7.65,-7.26,-4.3199999999999985,-4.5,114.0,120.0,60.0,24.0,24.0,30.0,3.0,2.88,1.38
Fe_XIQFIN_comp_1_111111,3,-6,1.0,1.0,137.7519,238.73040000000003,427.36440000000005,521.7768,2722.0,3840.0,4686.0,7512.0,19.0,36.0,54.0,72.0,90.0,216.0,288.0,312.0,14.737300000000001,27.604799999999997,37.605,49.95,22.4005,28.662,15.6864,0.0,341.0,276.0,224.0,0.0,3.0,4.0,2.0,0.0,6.0,8.0,2.0,0.0,2.1958,2.7258,1.53,0.0,22.4005,28.662,15.6864,0.0,341.0,276.0,224.0,0.0,3.0,4.0,2.0,0.0,6.0,8.0,2.0,0.0,2.1958,2.7258,1.53,0.0,9.2416,7.752,7.8432,0.0,49.0,42.0,112.0,0.0,1.0,1.0,0.0,1.0,2.0,1.0,0.0,0.5625,0.5775,0.765,0.0,9.2416,7.752,7.8432,0.0,49.0,42.0,112.0,0.0,1.0,1.0,0.0,1.0,2.0,1.0,0.0,0.5625,0.5775,0.765,0.0,0.4900000000000002,0.45999999999999996,0.0,1.0,-9.0,0.0,-1.0,0.0,0.0,-0.020000000000000018,-0.27,0.0,0.4900000000000002,0.45999999999999996,0.0,1.0,-9.0,0.0,-1.0,0.0,0.0,-0.020000000000000018,-0.27,0.0,3.3489000000000004,33.379200000000004,27.999,28.3284,676.0,1092.0,936.0,2496.0,6.0,6.0,72.0,72.0,36.0,1.5625,5.625,5.775,7.65,-7.26,-4.3199999999999985,-4.5,114.0,120.0,60.0,24.0,24.0,30.0,3.0,2.88,1.38
Mn_AQAWIY_comp_0_411,3,-2,1.0,4.0,240.52510000000007,537.2540000000001,1247.0107999999996,2028.9060000000018,1783.0,4500.0,7402.0,8048.0,41.0,88.0,198.0,340.0,286.0,856.0,1542.0,1888.0,15.356900000000017,43.81520000000003,88.03579999999991,128.30519999999993,9.985600000000002,0.0,0.0,0.0,289.0,0.0,0.0,0.0,1.0,0.0,0.0,0.0,0.0,0.0,0.0,0.0,0.9801,0.0,0.0,0.0,218.15140000000005,479.96600000000024,871.9180000000003,1163.2784000000001,580.0,1400.0,1732.0,1796.0,38.0,76.0,144.0,204.0,220.0,568.0,756.0,820.0,11.464600000000017,29.97080000000001,46.2064,54.422000000000025,9.985600000000002,0.0,0.0,0.0,289.0,0.0,0.0,0.0,0.0,0.0,0.0,0.0,0.0,0.0,0.0,0.9801,0.0,0.0,0.0,9.2416,22.192,42.256,43.74560000000001,49.0,91.0,112.0,119.0,3.0,6.0,6.0,9.0,27.0,36.0,33.0,0.5625,1.4325,2.2649999999999997,2.2499999999999996,0.0,0.0,0.0,0.0,0.0,0.0,0.0,0.0,0.0,0.0,0.0,0.0,1.8200000000000003,4.34,3.8499999999999996,8.0,26.0,25.0,0.0,6.0,7.0,0.33999999999999997,1.48,1.5,2.4025000000000003,28.644000000000002,45.26000000000001,62.46500000000004,625.0,1550.0,1300.0,700.0,12.0,18.0,108.0,216.0,144.0,1.9320999999999997,6.9222,10.6196,10.369400000000004,-9.18,-10.6,-12.400000000000004,88.0,248.0,422.0,18.0,36.0,84.0,3.3599999999999994,9.04,17.56
Co_ADETCO_comp_0_3111,3,-1,1.0,3.0,177.69800000000004,393.9556,865.5090000000005,1496.9939999999995,1426.0,3538.0,4772.0,3662.0,30.0,62.0,138.0,238.0,200.0,596.0,1044.0,1134.0,10.352900000000012,29.599800000000005,58.20160000000001,77.88179999999998,19.169600000000003,26.752000000000006,19.360000000000003,0.0,131.0,28.0,4.0,0.0,3.0,4.0,4.0,0.0,8.0,12.0,4.0,0.0,0.9754999999999999,1.1099999999999997,0.5476,0.0,116.65480000000004,244.66600000000008,397.18899999999985,475.78439999999995,304.0,646.0,700.0,612.0,20.0,38.0,66.0,84.0,104.0,254.0,300.0,268.0,5.838799999999998,14.325000000000001,19.865800000000004,20.235599999999998,9.489600000000001,13.376,0.0,0.0,129.0,14.0,0.0,0.0,2.0,0.0,0.0,6.0,6.0,0.0,0.0,0.7017000000000001,0.5549999999999999,0.0,0.0,9.2416,21.48266666666667,28.170666666666666,30.156800000000004,49.0,67.66666666666667,74.66666666666667,84.0,3.0,4.0,4.0,9.0,21.0,24.0,20.0,0.5625,1.2325,1.5099999999999998,1.4899999999999995,1.6799999999999997,0.0,0.0,12.0,0.0,0.0,4.0,0.0,0.0,0.7600000000000001,0.0,0.0,2.0533333333333332,2.893333333333333,2.2399999999999998,11.333333333333334,17.333333333333332,16.0,2.0,4.0,5.333333333333333,0.6066666666666667,0.9866666666666667,1.0133333333333334,3.5343999999999998,34.516799999999996,64.67200000000001,33.088,729.0,1404.0,945.0,216.0,15.0,8.0,126.0,162.0,48.0,1.5876000000000001,5.972400000000001,9.009,3.7296000000000005,-7.080000000000001,-6.200000000000003,-2.5600000000000023,110.0,370.0,208.0,15.0,63.0,40.0,2.8200000000000003,11.750000000000002,7.119999999999999
Fe_ACAKOF_comp_0_111111,2,-4,1.0,1.0,102.9975,153.102,264.7613999999999,485.52,1216.0,2400.0,3368.0,2640.0,13.0,24.0,42.0,60.0,66.0,168.0,192.0,120.0,8.4357,18.4184,28.93700000000001,34.342,18.3361,17.543999999999997,0.0,0.0,100.0,96.0,0.0,0.0,2.0,2.0,0.0,0.0,2.0,2.0,0.0,0.0,1.1258,1.1242,0.0,0.0,15.7441,15.504,0.0,0.0,85.0,84.0,0.0,0.0,2.0,2.0,0.0,0.0,2.0,2.0,0.0,0.0,1.1554,1.155,0.0,0.0,6.5024999999999995,8.771999999999998,0.0,0.0,36.0,48.0,0.0,0.0,1.0,0.0,0.0,1.0,1.0,0.0,0.0,0.5929,0.5621,0.0,0.0,6.5024999999999995,7.752,0.0,0.0,36.0,42.0,0.0,0.0,1.0,0.0,0.0,1.0,1.0,0.0,0.0,0.5929,0.5775,0.0,0.0,-0.8900000000000001,0.0,0.0,-2.0,0.0,0.0,0.0,0.0,0.0,0.040000000000000036,0.0,0.0,-0.4900000000000002,0.0,0.0,-1.0,0.0,0.0,0.0,0.0,0.0,0.020000000000000018,0.0,0.0,3.3489000000000004,27.999,34.8432,0.0,676.0,936.0,1144.0,0.0,6.0,0.0,72.0,36.0,0.0,1.5625,5.775,5.575,0.0,-4.3199999999999985,-8.059999999999999,0.0,120.0,112.0,0.0,24.0,30.0,0.0,2.88,3.04,0.0
Fe_SEDQOI_comp_0_111111,3,-5,1.0,1.0,148.0235,274.4394000000001,481.408,764.0619999999998,1335.0,2860.0,4164.0,3978.0,22.0,44.0,76.0,112.0,120.0,314.0,440.0,448.0,11.551000000000005,27.17720000000001,43.5796,56.5732,15.7441,15.504,0.0,0.0,85.0,84.0,0.0,0.0,2.0,2.0,0.0,0.0,2.0,2.0,0.0,0.0,1.1554,1.155,0.0,0.0,28.296599999999998,46.410000000000004,49.885000000000005,49.18650000000001,122.25,192.0,145.0,90.0,4.25,7.0,8.0,8.5,15.0,33.0,38.0,28.0,1.919425,3.3418,3.1804000000000006,2.5725499999999997,6.5024999999999995,7.752,0.0,0.0,36.0,42.0,0.0,0.0,1.0,0.0,0.0,1.0,1.0,0.0,0.0,0.5929,0.5775,0.0,0.0,7.187275,9.69,7.22,5.282,39.25,52.5,24.5,14.0,1.25,1.0,0.75,1.75,3.75,4.0,2.5,0.5852999999999999,0.721875,0.4275,0.28312499999999996,-0.4900000000000002,0.0,0.0,-1.0,0.0,0.0,0.0,0.0,0.0,0.020000000000000018,0.0,0.0,-0.12250000000000005,0.665,0.5425,-0.25,3.5,3.25,-0.5,0.0,0.25,0.0050000000000000044,0.18,0.185,3.3489000000000004,28.895699999999998,37.149,17.385,676.0,962.0,1222.0,364.0,7.0,4.0,78.0,66.0,48.0,1.5625,5.75,6.612500000000001,2.85,-4.809999999999999,-7.489999999999999,-2.1799999999999997,119.0,135.0,90.0,23.0,31.0,16.0,2.9,3.46,2.7199999999999998
Fe_AMAVOB_comp_0_111111,2,0,1.0,1.0,132.43050000000002,257.17440000000005,509.71199999999993,908.1600000000001,1072.0,2688.0,2556.0,960.0,19.0,36.0,66.0,120.0,102.0,288.0,426.0,360.0,6.402699999999996,17.432399999999994,28.729799999999994,32.412000000000006,21.5136,30.272000000000002,9.680000000000001,0.0,66.0,32.0,2.0,0.0,3.0,4.0,2.0,0.0,6.0,8.0,2.0,0.0,0.8067,1.0804,0.2738,0.0,21.5136,30.272000000000002,9.680000000000001,0.0,66.0,32.0,2.0,0.0,3.0,4.0,2.0,0.0,6.0,8.0,2.0,0.0,0.8067,1.0804,0.2738,0.0,11.833599999999999,15.136000000000001,0.0,0.0,64.0,16.0,0.0,0.0,2.0,0.0,0.0,4.0,4.0,0.0,0.0,0.5328999999999999,0.5402,0.0,0.0,11.833599999999999,15.136000000000001,0.0,0.0,64.0,16.0,0.0,0.0,2.0,0.0,0.0,4.0,4.0,0.0,0.0,0.5328999999999999,0.5402,0.0,0.0,2.4799999999999995,0.0,0.0,14.0,0.0,0.0,2.0,0.0,0.0,0.72,0.0,0.0,2.4799999999999995,0.0,0.0,14.0,0.0,0.0,2.0,0.0,0.0,0.72,0.0,0.0,3.3489000000000004,37.7712,48.31200000000002,0.0,676.0,1248.0,312.0,0.0,12.0,0.0,108.0,72.0,0.0,1.5625,5.475,5.550000000000001,0.0,-9.659999999999998,-4.440000000000001,0.0,108.0,300.0,0.0,18.0,60.0,0.0,3.12,10.560000000000002,0.0
Fe_EYEWOV_comp_0_33,2,0,,,,,,,,,,,,,,,,,,,,,,,,,,,,,,,,,,,,,,,,,,,,,,,,,,,,,,,,,,,,,,,,,,,,,,,,,,,,,,,,,,,,,,,,,,,,,,,,,,,,,,,,,,,,,,,,,,,,,,,,,,,,,,,,,,,,,,,,,,,,,,,,,,,,,,,,,
Fe_JOWGEH_comp_0_222,2,0,2.0,2.0,252.98850000000007,561.1014000000004,1122.8819999999998,1487.0699999999995,1426.0,3696.0,6594.0,6594.0,43.0,90.0,174.0,234.0,264.0,702.0,1242.0,1782.0,15.337900000000015,42.342600000000026,75.68699999999995,109.51139999999997,83.21320000000001,164.78100000000006,244.54599999999996,170.68520000000004,250.0,504.0,460.0,368.0,14.0,26.0,40.0,28.0,66.0,134.0,128.0,118.0,4.591799999999999,10.364200000000002,11.903999999999998,9.4388,83.21320000000001,164.78100000000006,244.54599999999996,170.68520000000007,250.0,504.0,460.0,368.0,14.0,26.0,40.0,28.0,66.0,134.0,128.0,118.0,4.591799999999998,10.364200000000002,11.903999999999996,9.4388,9.2416,15.504,34.504000000000005,15.9296,49.0,84.0,70.0,56.0,2.0,5.0,2.0,4.0,14.0,14.0,6.0,0.5625,1.155,1.6874999999999998,0.84,9.2416,15.504,34.504000000000005,15.9296,49.0,84.0,70.0,56.0,2.0,5.0,2.0,4.0,14.0,14.0,6.0,0.5625,1.155,1.6874999999999996,0.84,0.9800000000000004,3.8499999999999996,0.8399999999999999,2.0,25.0,6.0,-3.0,3.0,1.0,-0.040000000000000036,1.5,0.38,0.9800000000000004,3.8499999999999996,0.8399999999999999,2.0,25.0,6.0,-3.0,3.0,1.0,-0.040000000000000036,1.5,0.38,3.3489000000000004,33.379200000000004,55.998,96.624,676.0,1092.0,1872.0,624.0,12.0,24.0,108.0,252.0,144.0,1.5625,5.625,11.550000000000002,11.100000000000005,-7.26,-8.639999999999997,-8.880000000000003,114.0,240.0,600.0,18.0,30.0,120.0,3.0,5.760000000000002,21.12
Mn_VUMSON_comp_0_111111,3,-4,1.0,1.0,195.47210000000004,388.2380000000002,965.0548000000001,1036.8999999999999,2213.0,5208.0,8220.0,5712.0,31.0,64.0,138.0,176.0,202.0,536.0,814.0,800.0,13.851900000000004,35.796000000000014,64.75139999999998,70.2496,76.56360000000001,163.863,308.007,311.344,216.0,504.0,624.0,232.0,13.0,26.0,50.0,56.0,76.0,192.0,248.0,136.0,3.999699999999999,10.364200000000002,15.8994,12.283999999999999,9.985600000000002,0.0,0.0,0.0,289.0,0.0,0.0,0.0,1.0,0.0,0.0,0.0,0.0,0.0,0.0,0.0,0.9801,0.0,0.0,0.0,11.833599999999999,17.543999999999997,47.815999999999995,30.272000000000002,64.0,96.0,128.0,32.0,2.0,6.0,4.0,4.0,16.0,24.0,8.0,0.5328999999999999,1.1242,2.2046,1.0804,9.985600000000002,0.0,0.0,0.0,289.0,0.0,0.0,0.0,0.0,0.0,0.0,0.0,0.0,0.0,0.0,0.9801,0.0,0.0,0.0,1.7800000000000002,6.74,4.959999999999999,4.0,32.0,28.0,-4.0,0.0,4.0,-0.08000000000000007,1.3599999999999999,1.44,0.0,0.0,0.0,0.0,0.0,0.0,0.0,0.0,0.0,0.0,0.0,0.0,2.4025000000000003,30.256,15.809999999999999,43.09000000000001,625.0,2100.0,600.0,800.0,4.0,12.0,60.0,96.0,144.0,1.9320999999999997,7.533799999999999,4.2812,8.3956,-10.22,-3.999999999999999,-9.200000000000001,66.0,76.0,268.0,26.0,8.0,48.0,2.92,2.4799999999999995,10.639999999999999
Co_DETCON_comp_0_33,3,0,,,,,,,,,,,,,,,,,,,,,,,,,,,,,,,,,,,,,,,,,,,,,,,,,,,,,,,,,,,,,,,,,,,,,,,,,,,,,,,,,,,,,,,,,,,,,,,,,,,,,,,,,,,,,,,,,,,,,,,,,,,,,,,,,,,,,,,,,,,,,,,,,,,,,,,,,
Co_DABUCO_comp_1_33,3,-2,,,,,,,,,,,,,,,,,,,,,,,,,,,,,,,,,,,,,,,,,,,,,,,,,,,,,,,,,,,,,,,,,,,,,,,,,,,,,,,,,,,,,,,,,,,,,,,,,,,,,,,,,,,,,,,,,,,,,,,,,,,,,,,,,,,,,,,,,,,,,,,,,,,,,,,,,
Fe_KUNKEJ_comp_0_111111,3,-2,1.0,1.0,170.3865,316.3128000000002,634.7207999999998,512.8199999999999,1750.0,3992.0,4822.0,4056.0,27.0,52.0,94.0,72.0,146.0,312.0,314.0,368.0,12.15870000000001,28.650800000000014,43.03340000000002,40.41680000000004,9.985600000000002,0.0,0.0,0.0,289.0,0.0,0.0,0.0,1.0,0.0,0.0,0.0,0.0,0.0,0.0,0.0,0.9801,0.0,0.0,0.0,36.766600000000004,62.169,78.20400000000002,40.12800000000001,124.0,192.0,126.0,42.0,6.0,10.0,14.0,6.0,24.0,44.0,26.0,6.0,2.159,4.0502,3.6858,1.6649999999999996,9.985600000000002,0.0,0.0,0.0,289.0,0.0,0.0,0.0,0.0,0.0,0.0,0.0,0.0,0.0,0.0,0.9801,0.0,0.0,0.0,9.2416,7.752,7.752,20.064,49.0,42.0,42.0,21.0,1.0,1.0,3.0,1.0,2.0,4.0,3.0,0.5625,0.5775,0.5775,0.8324999999999999,0.0,0.0,0.0,0.0,0.0,0.0,0.0,0.0,0.0,0.0,0.0,0.0,0.4900000000000002,0.4900000000000002,2.5199999999999996,1.0,1.0,18.0,-1.0,-3.0,0.0,-0.020000000000000018,-0.020000000000000018,1.1400000000000001,3.3489000000000004,33.818400000000004,18.666,18.666,676.0,1612.0,624.0,624.0,4.0,4.0,60.0,48.0,96.0,1.5625,6.225,3.85,3.85,-7.5,-2.879999999999999,-2.879999999999999,94.0,80.0,80.0,26.0,16.0,8.0,2.52,1.92,1.92
Co_ILASAR_comp_0_51,3,-1,3.0,5.0,211.32550000000006,490.56640000000004,1111.915,1850.0279999999998,1326.0,3536.0,5690.0,4478.0,35.0,76.0,170.0,292.0,246.0,752.0,1410.0,1616.0,11.928600000000001,35.854400000000005,72.5536,96.47659999999998,103.89555000000003,209.488,338.3675000000001,425.78440000000006,298.5,580.0,689.0,688.0,17.0,32.0,55.0,72.0,87.0,214.0,262.0,254.0,5.1705,12.307600000000003,17.4679,19.133200000000002,186.27750000000006,388.704,667.0550000000003,851.5688000000001,531.0,1128.0,1376.0,1376.0,31.0,60.0,108.0,144.0,168.0,420.0,522.0,508.0,9.5343,23.534800000000004,34.662,38.266400000000004,11.833599999999999,11.954,12.556,25.593600000000002,64.0,32.0,52.0,72.0,1.5,1.5,3.0,2.5,4.0,4.5,5.0,0.5328999999999999,0.55115,0.69715,1.0877,9.2416,21.660000000000004,31.692,35.0664,49.0,73.5,84.0,115.5,3.0,4.5,4.5,9.0,22.5,27.0,24.0,0.5625,1.2825,1.6987499999999998,1.8187499999999999,1.6849999999999998,1.51,2.88,8.0,5.5,15.0,-0.5,-3.0,-2.0,0.33999999999999997,0.13999999999999996,0.7,1.995,3.255,2.1449999999999996,10.5,19.5,15.0,1.5,4.5,5.5,0.5399999999999999,1.1099999999999999,0.9500000000000001,3.5343999999999998,35.795199999999994,66.646,53.768000000000015,729.0,1188.0,1350.0,351.0,15.0,13.0,126.0,216.0,78.0,1.5876000000000001,5.6196,10.521000000000004,6.060599999999999,-7.760000000000002,-7.250000000000002,-4.160000000000004,118.0,355.0,338.0,15.0,54.0,65.0,3.1000000000000005,10.55,11.570000000000002
Fe_GLYCFE_comp_2_111111,2,0,1.0,1.0,229.63090000000008,448.9603999999997,868.4723999999999,1212.9555999999998,1448.0,3452.0,3968.0,3728.0,33.0,64.0,118.0,168.0,182.0,468.0,612.0,628.0,11.786500000000013,30.059199999999993,47.37900000000003,55.75599999999998,70.11380000000001,126.165,195.8312,194.11440000000002,254.0,414.0,500.0,336.0,10.0,18.0,30.0,30.0,48.0,108.0,102.0,54.0,3.498599999999999,7.393800000000001,9.523399999999999,7.702999999999999,21.5136,30.272000000000002,9.680000000000001,0.0,66.0,32.0,2.0,0.0,3.0,4.0,2.0,0.0,6.0,8.0,2.0,0.0,0.8067,1.0804,0.2738,0.0,11.833599999999999,8.771999999999998,20.605599999999995,25.593600000000002,64.0,48.0,112.0,72.0,1.0,2.0,3.0,1.0,3.0,5.0,6.0,0.5328999999999999,0.5621,1.095,1.0877,11.833599999999999,15.136000000000001,0.0,0.0,64.0,16.0,0.0,0.0,2.0,0.0,0.0,4.0,4.0,0.0,0.0,0.5328999999999999,0.5402,0.0,0.0,0.8900000000000001,0.8900000000000001,2.8799999999999994,2.0,2.0,15.0,-2.0,-3.0,-3.0,-0.040000000000000036,-0.040000000000000036,0.7,2.4799999999999995,0.0,0.0,14.0,0.0,0.0,2.0,0.0,0.0,0.72,0.0,0.0,3.3489000000000004,37.7712,41.54100000000001,21.9234,676.0,1248.0,520.0,728.0,10.0,4.0,96.0,84.0,60.0,1.5625,5.475,5.625000000000001,3.75,-9.659999999999998,-4.4,-4.659999999999999,108.0,240.0,76.0,20.0,46.0,14.0,3.12,7.999999999999999,2.0
Fe_QAXDOJ_comp_2_222,2,0,2.0,2.0,213.97350000000006,493.9494,1068.846000000001,1914.912000000001,1210.0,3216.0,4950.0,3864.0,37.0,78.0,174.0,312.0,252.0,768.0,1416.0,1656.0,11.780500000000018,35.235000000000035,70.0758,95.47440000000003,70.20820000000002,142.397,212.99200000000002,233.0272,178.0,344.0,328.0,226.0,12.0,22.0,36.0,42.0,58.0,136.0,144.0,98.0,3.4059999999999984,7.995,10.183599999999998,8.909799999999999,70.20820000000002,142.397,212.99200000000002,233.0272,178.0,344.0,328.0,226.0,12.0,22.0,36.0,42.0,58.0,136.0,144.0,98.0,3.4059999999999984,7.995,10.183599999999998,8.909799999999999,9.2416,21.128,21.128,22.617600000000003,49.0,56.0,56.0,63.0,3.0,3.0,3.0,9.0,18.0,18.0,15.0,0.5625,1.1324999999999998,1.1324999999999998,1.1175,9.2416,21.128,21.128,22.617600000000003,49.0,56.0,56.0,63.0,3.0,3.0,3.0,9.0,18.0,18.0,15.0,0.5625,1.1324999999999998,1.1324999999999998,1.1175,2.17,2.17,1.6799999999999997,13.0,13.0,12.0,3.0,3.0,4.0,0.74,0.74,0.76,2.17,2.17,1.6799999999999997,13.0,13.0,12.0,3.0,3.0,4.0,0.74,0.74,0.76,3.3489000000000004,33.379200000000004,76.311,48.31200000000002,676.0,1092.0,1248.0,312.0,18.0,12.0,144.0,216.0,72.0,1.5625,5.625,11.325000000000005,5.550000000000001,-7.26,-8.760000000000002,-4.440000000000001,114.0,420.0,300.0,12.0,72.0,60.0,3.0,13.440000000000005,10.560000000000002
Fe_XILLEK_comp_0_111111,2,-1,1.0,1.0,203.33000000000004,397.8464000000001,753.6698000000001,1227.8976,1455.0,3424.0,4224.0,4248.0,27.0,54.0,96.0,162.0,150.0,414.0,640.0,698.0,10.934699999999998,27.8146,46.38359999999999,60.391000000000005,56.96335,101.34,137.2579,132.91199999999998,257.5,426.0,616.0,474.0,7.0,13.0,17.0,17.0,30.0,67.0,77.0,56.0,3.0727,6.246500000000001,8.027700000000001,7.295500000000001,21.5136,30.272000000000002,9.680000000000001,0.0,66.0,32.0,2.0,0.0,3.0,4.0,2.0,0.0,6.0,8.0,2.0,0.0,0.8067,1.0804,0.2738,0.0,10.5376,15.32,19.699199999999998,10.564,56.5,50.0,105.0,28.0,2.0,2.0,1.5,4.0,8.0,8.0,5.0,0.5477,0.8476,1.1099999999999999,0.5662499999999999,11.833599999999999,15.136000000000001,0.0,0.0,64.0,16.0,0.0,0.0,2.0,0.0,0.0,4.0,4.0,0.0,0.0,0.5328999999999999,0.5402,0.0,0.0,1.73,-0.3999999999999999,1.085,8.0,-1.0,6.5,0.0,0.0,0.5,0.33999999999999997,0.020000000000000018,0.37,2.4799999999999995,0.0,0.0,14.0,0.0,0.0,2.0,0.0,0.0,0.72,0.0,0.0,3.3489000000000004,37.0392,49.59300000000001,23.7168,676.0,1222.0,572.0,780.0,12.0,4.0,108.0,96.0,48.0,1.5625,5.5,6.550000000000001,3.7,-9.259999999999998,-5.140000000000001,-5.64,109.0,290.0,74.0,18.0,56.0,16.0,3.1,9.760000000000002,2.04
Co_PODWAG_comp_0_222,3,-2,2.0,2.0,253.86200000000005,548.2914000000002,1145.4779999999992,1549.468000000001,1537.0,3956.0,5666.0,5928.0,41.0,86.0,170.0,228.0,256.0,676.0,1028.0,1224.0,14.970800000000017,41.09380000000002,70.34620000000002,88.24720000000012,70.20820000000002,142.39700000000005,212.99200000000002,233.02720000000002,178.0,344.0,328.0,226.0,12.0,22.0,36.0,42.0,58.0,136.0,144.0,98.0,3.4059999999999984,7.995,10.183600000000002,8.9098,90.0597,165.64800000000008,257.03099999999995,271.946,315.0,564.0,708.0,560.0,14.0,26.0,42.0,40.0,68.0,150.0,154.0,128.0,4.988599999999999,10.980200000000002,14.2554,13.499999999999998,9.2416,21.128,21.128,22.617600000000003,49.0,56.0,56.0,63.0,3.0,3.0,3.0,9.0,18.0,18.0,15.0,0.5625,1.1324999999999998,1.1324999999999998,1.1175,11.833599999999999,8.771999999999998,17.543999999999997,39.044000000000004,64.0,48.0,96.0,80.0,1.0,2.0,5.0,1.0,3.0,7.0,7.0,0.5328999999999999,0.5621,1.1242,1.6425,2.17,2.17,1.6799999999999997,13.0,13.0,12.0,3.0,3.0,4.0,0.74,0.74,0.76,0.8900000000000001,1.7800000000000002,5.85,2.0,4.0,30.0,-2.0,-5.0,-2.0,-0.040000000000000036,-0.08000000000000007,1.4,3.5343999999999998,37.2992,45.30799999999999,45.30799999999999,729.0,1242.0,1080.0,1080.0,10.0,10.0,96.0,144.0,156.0,1.5876000000000001,5.5692,7.686000000000001,7.686000000000001,-8.56,-5.300000000000001,-5.300000000000001,116.0,230.0,230.0,20.0,36.0,34.0,3.1399999999999997,6.500000000000001,6.500000000000001
Fe_KIJNEW_comp_4_6,2,0,6.0,6.0,252.32770000000008,601.3660000000001,1316.221199999999,2048.5559999999996,2256.0,6676.0,12098.0,10908.0,45.0,100.0,222.0,356.0,322.0,960.0,1852.0,2464.0,17.52330000000002,53.03640000000001,110.85779999999997,153.55640000000002,248.97880000000006,541.3420000000002,964.27,1157.9912000000002,1580.0,2620.0,3288.0,3808.0,44.0,88.0,164.0,204.0,252.0,620.0,776.0,848.0,15.960800000000019,39.08640000000001,60.05799999999999,65.74400000000004,248.97880000000006,541.3420000000002,964.27,1157.9912000000002,1580.0,2620.0,3288.0,3808.0,44.0,88.0,164.0,204.0,252.0,620.0,776.0,848.0,15.960800000000019,39.08640000000001,60.05799999999999,65.74400000000004,9.2416,22.192,42.25600000000001,42.43840000000001,49.0,91.0,112.0,252.0,3.0,6.0,6.0,9.0,27.0,36.0,24.0,0.5625,1.4325,2.2649999999999997,2.6399999999999997,6.6564000000000005,13.158,35.862,37.20360000000001,256.0,192.0,256.0,432.0,2.0,6.0,6.0,4.0,16.0,24.0,18.0,1.0404,1.5708,3.0804,3.3150000000000004,1.8200000000000003,4.34,4.279999999999999,8.0,26.0,6.0,0.0,6.0,10.0,0.33999999999999997,1.48,0.98,0.0600000000000005,1.58,1.0599999999999996,20.0,80.0,69.0,-4.0,0.0,3.0,0.5,3.0999999999999996,2.87,3.3489000000000004,30.012,64.05,96.624,676.0,2028.0,1924.0,624.0,14.0,24.0,120.0,300.0,144.0,1.5625,6.975,12.475000000000003,11.100000000000005,-5.42,-9.379999999999999,-8.880000000000003,78.0,290.0,600.0,16.0,34.0,120.0,1.92,7.520000000000002,21.12
Fe_SASXES_comp_2_111111,3,-5,1.0,1.0,136.86500000000004,241.80439999999996,440.28899999999993,578.774,2447.0,3648.0,4326.0,6460.0,19.0,36.0,56.0,80.0,92.0,228.0,306.0,320.0,13.3482,25.909399999999998,36.123799999999996,47.02100000000002,22.4005,28.662,15.6864,0.0,341.0,276.0,224.0,0.0,3.0,4.0,2.0,0.0,6.0,8.0,2.0,0.0,2.1958,2.7258,1.53,0.0,22.178775,29.064500000000002,14.184800000000001,0.0,272.25,215.0,168.5,0.0,3.0,4.0,2.0,0.0,6.0,8.0,2.0,0.0,1.8485250000000002,2.31445,1.21595,0.0,9.2416,7.752,7.8432,0.0,49.0,42.0,112.0,0.0,1.0,1.0,0.0,1.0,2.0,1.0,0.0,0.5625,0.5775,0.765,0.0,9.8896,9.598,5.8824000000000005,0.0,52.75,35.5,84.0,0.0,1.25,0.75,0.0,1.75,2.5,0.75,0.0,0.5550999999999999,0.5681750000000001,0.57375,0.0,0.4900000000000002,0.45999999999999996,0.0,1.0,-9.0,0.0,-1.0,0.0,0.0,-0.020000000000000018,-0.27,0.0,0.9875,0.345,0.0,4.25,-6.75,0.0,-0.25,0.0,0.0,0.16499999999999998,-0.2025,0.0,3.3489000000000004,34.111200000000004,31.3845,23.607,676.0,1118.0,832.0,2080.0,7.0,5.0,78.0,72.0,30.0,1.5625,5.6,5.737500000000001,6.375,-7.659999999999999,-4.339999999999999,-3.75,113.0,150.0,50.0,23.0,30.0,25.0,3.02,4.16,1.15
Mn_MEDHOS_comp_0_3111,1,0,1.0,3.0,213.49640000000005,437.1450000000001,872.6733999999996,1348.7191999999993,2253.0,5604.0,9024.0,9248.0,35.0,74.0,152.0,226.0,226.0,624.0,1046.0,1326.0,16.404700000000012,44.727599999999995,83.56239999999997,109.9056,18.3361,17.543999999999997,0.0,0.0,100.0,96.0,0.0,0.0,2.0,2.0,0.0,0.0,2.0,2.0,0.0,0.0,1.1258,1.1242,0.0,0.0,156.08560000000003,336.8040000000002,595.8759999999996,673.3232000000002,1328.0,2016.0,2544.0,3360.0,28.0,56.0,104.0,120.0,160.0,384.0,464.0,512.0,11.095200000000013,26.426400000000005,40.69359999999999,43.38400000000005,6.5025,8.771999999999998,0.0,0.0,36.0,48.0,0.0,0.0,1.0,0.0,0.0,1.0,1.0,0.0,0.0,0.5929,0.5621,0.0,0.0,6.6564000000000005,13.158,35.862,36.0168,256.0,192.0,256.0,576.0,2.0,6.0,6.0,4.0,16.0,24.0,16.0,1.0404,1.5708,3.0804000000000005,3.5904000000000007,-0.8900000000000001,0.0,0.0,-2.0,0.0,0.0,0.0,0.0,0.0,0.040000000000000036,0.0,0.0,0.0600000000000005,1.58,1.5199999999999996,20.0,80.0,60.0,-4.0,0.0,4.0,0.5,3.0999999999999996,2.6,2.4025000000000003,23.8545,39.711,48.82500000000002,625.0,1650.0,1500.0,600.0,9.0,14.0,90.0,162.0,120.0,1.9320999999999997,7.4643,9.465899999999998,8.312200000000002,-6.09,-11.67,-9.800000000000002,84.0,165.0,326.0,21.0,27.0,64.0,2.9699999999999998,5.7,13.479999999999997
Co_YICJAV_comp_0_411,3,-1,1.0,4.0,279.1002,615.4066000000001,1316.4661999999994,2114.6683999999996,1778.0,4384.0,6694.0,6424.0,46.0,96.0,206.0,340.0,302.0,878.0,1516.0,1800.0,16.07130000000002,44.59760000000005,85.00559999999996,117.36779999999996,56.23220000000001,99.71900000000004,160.44610000000003,166.50819999999996,309.5,314.0,376.0,322.0,8.5,15.0,25.0,26.0,40.0,91.0,93.0,75.0,3.1060499999999993,5.998900000000001,7.870299999999999,7.242200000000001,163.10140000000004,346.9350000000001,581.386,718.5415999999999,430.0,948.0,1072.0,998.0,28.0,54.0,96.0,126.0,150.0,372.0,456.0,438.0,8.271599999999998,20.655000000000005,29.548000000000016,31.561399999999992,9.613600000000002,10.564,10.564,10.4576,169.0,28.0,28.0,56.0,1.5,1.5,1.0,4.5,9.0,7.5,4.5,0.7713,0.5662499999999999,0.5662499999999999,0.5475,9.2416,21.66,31.692000000000004,33.9264,49.0,73.5,84.0,94.5,3.0,4.5,4.5,9.0,22.5,27.0,22.5,0.5625,1.2825,1.69875,1.6762499999999996,1.085,1.085,-0.3999999999999999,6.5,6.5,-1.0,1.5,2.0,1.5,0.37,0.37,0.020000000000000018,1.995,3.255,2.5199999999999996,10.5,19.5,18.0,1.5,4.5,6.0,0.54,1.1099999999999999,1.1400000000000001,3.5343999999999998,34.516799999999996,66.646,62.69800000000002,729.0,1404.0,1350.0,540.0,15.0,15.0,126.0,216.0,102.0,1.5876000000000001,5.972400000000001,10.521000000000003,7.496999999999998,-7.080000000000001,-7.250000000000002,-5.150000000000004,110.0,355.0,385.0,15.0,54.0,73.0,2.8200000000000003,10.55,12.950000000000003
Co_DOCZOK_comp_0_2211,3,-1,1.0,2.0,177.69800000000006,393.95560000000006,865.264,1487.264,1426.0,3538.0,4722.0,3502.0,30.0,62.0,138.0,238.0,200.0,596.0,1026.0,1062.0,10.352900000000002,29.59980000000001,57.88159999999999,75.46579999999997,16.873600000000003,20.064000000000004,14.520000000000003,0.0,170.5,21.0,3.0,0.0,2.5,3.0,3.0,0.0,6.0,9.0,3.0,0.0,0.97665,0.8324999999999998,0.41069999999999995,0.0,70.2082,142.397,212.99200000000002,233.02720000000002,178.0,344.0,328.0,226.0,12.0,22.0,36.0,42.0,58.0,136.0,144.0,98.0,3.4059999999999993,7.994999999999999,10.183599999999998,8.909799999999999,9.613600000000002,10.032,0.0,0.0,169.0,10.5,0.0,0.0,1.5,0.0,0.0,4.5,4.5,0.0,0.0,0.7713,0.41624999999999995,0.0,0.0,9.2416,21.128,21.128,22.617600000000003,49.0,56.0,56.0,63.0,3.0,3.0,3.0,9.0,18.0,18.0,15.0,0.5625,1.1324999999999998,1.1324999999999998,1.1175,1.2599999999999998,0.0,0.0,9.0,0.0,0.0,3.0,0.0,0.0,0.5700000000000001,0.0,0.0,2.17,2.17,1.6799999999999997,13.0,13.0,12.0,3.0,3.0,4.0,0.74,0.74,0.76,3.5343999999999998,34.516799999999996,64.67200000000001,33.088,729.0,1404.0,945.0,216.0,15.0,8.0,126.0,162.0,48.0,1.5876000000000001,5.972400000000001,9.009,3.7296000000000005,-7.080000000000001,-6.200000000000003,-2.5600000000000023,110.0,370.0,208.0,15.0,63.0,40.0,2.8200000000000003,11.750000000000002,7.119999999999999
Fe_NEJBOT_comp_0_111111,2,0,1.0,1.0,221.31150000000002,471.9584000000002,867.3560000000001,1383.0320000000004,1408.0,3552.0,4594.0,4656.0,35.0,72.0,126.0,204.0,198.0,540.0,854.0,1036.0,13.212300000000004,35.176,57.918200000000006,76.4324,65.95410000000001,139.12800000000001,199.54000000000002,196.746,234.0,516.0,580.0,360.0,11.0,22.0,32.0,34.0,54.0,126.0,152.0,112.0,4.211499999999999,9.9022,12.721600000000002,10.290199999999999,21.5136,30.272000000000002,9.680000000000001,0.0,66.0,32.0,2.0,0.0,3.0,4.0,2.0,0.0,6.0,8.0,2.0,0.0,0.8067,1.0804,0.2738,0.0,9.2416,15.504,28.880000000000003,21.128,49.0,84.0,98.0,56.0,2.0,4.0,3.0,4.0,12.0,16.0,10.0,0.5625,1.155,1.71,1.1324999999999998,11.833599999999999,15.136000000000001,0.0,0.0,64.0,16.0,0.0,0.0,2.0,0.0,0.0,4.0,4.0,0.0,0.0,0.5328999999999999,0.5402,0.0,0.0,0.9800000000000004,2.66,2.17,2.0,14.0,13.0,-2.0,0.0,1.0,-0.040000000000000036,0.72,0.74,2.4799999999999995,0.0,0.0,14.0,0.0,0.0,2.0,0.0,0.0,0.72,0.0,0.0,3.3489000000000004,36.3072,50.87400000000001,34.77,676.0,1196.0,832.0,728.0,12.0,8.0,108.0,120.0,96.0,1.5625,5.525,7.550000000000002,5.700000000000001,-8.86,-5.84,-4.359999999999999,110.0,280.0,180.0,18.0,52.0,32.0,3.08,8.959999999999999,5.44
Fe_MENXIN_comp_1_2211,3,-2,1.0,2.0,219.47450000000003,464.2548000000002,1080.1208000000004,1244.7239999999997,1818.0,4584.0,7138.0,6896.0,35.0,72.0,150.0,192.0,222.0,584.0,982.0,1200.0,13.135500000000006,35.011199999999995,64.3014,88.02880000000002,9.985600000000002,0.0,0.0,0.0,289.0,0.0,0.0,0.0,1.0,0.0,0.0,0.0,0.0,0.0,0.0,0.0,0.9801,0.0,0.0,0.0,98.07720000000002,195.38100000000009,334.77799999999996,261.1412000000001,282.0,576.0,560.0,464.0,16.0,30.0,52.0,42.0,82.0,176.0,184.0,176.0,4.806399999999998,11.380600000000005,14.491600000000005,12.3914,9.985600000000002,0.0,0.0,0.0,289.0,0.0,0.0,0.0,0.0,0.0,0.0,0.0,0.0,0.0,0.0,0.9801,0.0,0.0,0.0,11.833599999999999,17.543999999999997,46.612,26.9696,64.0,96.0,88.0,80.0,2.0,6.0,3.0,4.0,16.0,18.0,8.0,0.5328999999999999,1.1242,1.9126,1.0731,0.0,0.0,0.0,0.0,0.0,0.0,0.0,0.0,0.0,0.0,0.0,0.0,1.7800000000000002,7.09,2.4799999999999995,4.0,37.0,14.0,-4.0,3.0,2.0,-0.08000000000000007,1.7599999999999998,0.72,3.3489000000000004,36.7464,37.332,80.52000000000001,676.0,1716.0,1248.0,520.0,8.0,20.0,84.0,192.0,120.0,1.5625,6.124999999999999,7.700000000000001,9.250000000000004,-9.1,-5.759999999999998,-7.400000000000002,90.0,160.0,500.0,22.0,16.0,100.0,2.6,3.84,17.600000000000005
Co_DATMCO_comp_1_111111,3,-2,1.0,1.0,200.96520000000007,395.60839999999985,779.3984,1230.5968000000003,1343.0,3144.0,3656.0,3456.0,31.0,60.0,118.0,172.0,178.0,468.0,672.0,756.0,10.805000000000012,28.1864,46.62100000000002,58.475600000000014,51.19220000000001,81.75299999999999,121.4552,90.816,203.0,300.0,362.0,96.0,7.0,12.0,18.0,12.0,30.0,60.0,42.0,12.0,2.6622999999999992,5.143600000000001,5.845,3.2412,23.7616,40.12800000000001,29.040000000000006,0.0,52.0,42.0,6.0,0.0,4.0,6.0,6.0,0.0,12.0,18.0,6.0,0.0,0.9732000000000001,1.6649999999999996,0.8213999999999999,0.0,11.833599999999999,8.771999999999998,20.605599999999995,22.704,64.0,48.0,112.0,24.0,1.0,2.0,3.0,1.0,3.0,5.0,3.0,0.5328999999999999,0.5621,1.095,0.8103,9.2416,20.064,0.0,0.0,49.0,21.0,0.0,0.0,3.0,0.0,0.0,9.0,9.0,0.0,0.0,0.5625,0.8324999999999999,0.0,0.0,0.8900000000000001,0.8900000000000001,3.7199999999999993,2.0,2.0,21.0,-2.0,-3.0,0.0,-0.040000000000000036,-0.040000000000000036,1.08,2.5199999999999996,0.0,0.0,18.0,0.0,0.0,6.0,0.0,0.0,1.1400000000000001,0.0,0.0,3.5343999999999998,35.795199999999994,59.22000000000001,22.522399999999998,729.0,1188.0,648.0,756.0,14.0,4.0,120.0,108.0,60.0,1.5876000000000001,5.6196,7.534799999999999,3.78,-7.760000000000002,-5.180000000000003,-4.46,118.0,354.0,80.0,16.0,66.0,14.0,3.1000000000000005,11.660000000000002,2.04
Co_LOFFUH_comp_0_321,3,-2,1.0,2.5,247.55930000000006,529.0,1112.4148000000005,1838.9189999999996,1573.0,3772.0,6162.0,5872.0,38.0,80.0,168.0,286.0,248.0,732.0,1302.0,1542.0,14.468900000000014,39.37280000000003,74.68759999999999,104.3582000000001,15.7441,15.504,0.0,0.0,85.0,84.0,0.0,0.0,2.0,2.0,0.0,0.0,2.0,2.0,0.0,0.0,1.1554,1.155,0.0,0.0,114.14040000000003,222.62600000000003,355.0581999999999,419.46960000000007,379.5,710.0,862.0,720.0,17.5,33.0,55.0,68.0,88.0,211.0,244.0,214.0,5.86295,13.438900000000002,18.373100000000004,18.466399999999997,6.5024999999999995,7.752,0.0,0.0,36.0,42.0,0.0,0.0,1.0,0.0,0.0,1.0,1.0,0.0,0.0,0.5929,0.5775,0.0,0.0,9.6736,19.423333333333332,28.0836,30.085333333333335,51.5,66.33333333333334,84.0,101.83333333333333,2.666666666666667,3.8333333333333335,3.6666666666666665,7.666666666666666,18.5,20.833333333333336,15.833333333333334,0.5575666666666667,1.1374333333333333,1.5037499999999997,1.4775333333333331,-0.4900000000000002,0.0,0.0,-1.0,0.0,0.0,0.0,0.0,0.0,0.020000000000000018,0.0,0.0,1.8400000000000003,2.6799999999999997,1.6133333333333328,9.5,15.5,11.833333333333332,1.1666666666666667,3.333333333333333,4.166666666666666,0.4766666666666666,0.8566666666666667,0.7633333333333333,3.5343999999999998,34.12199999999999,64.08919999999998,60.893200000000014,729.0,1134.0,1485.0,702.0,14.0,14.0,120.0,204.0,96.0,1.5876000000000001,5.670000000000001,10.533600000000002,7.484399999999998,-6.870000000000001,-7.770000000000001,-6.070000000000004,120.0,323.0,352.0,16.0,50.0,68.0,3.0600000000000005,9.280000000000001,11.700000000000001
Fe_NUBTOW_comp_0_111111,2,0,1.0,1.0,223.94850000000005,439.77240000000023,802.4699999999996,761.8859999999999,1420.0,3336.0,4098.0,4644.0,37.0,72.0,126.0,108.0,198.0,432.0,468.0,600.0,14.516500000000008,35.551200000000016,50.539800000000035,56.190000000000026,36.766600000000004,62.169,78.20400000000002,40.12800000000001,124.0,192.0,126.0,42.0,6.0,10.0,14.0,6.0,24.0,44.0,26.0,6.0,2.159,4.0502,3.6858,1.6649999999999996,36.766600000000004,62.169,78.20400000000002,40.12800000000001,124.0,192.0,126.0,42.0,6.0,10.0,14.0,6.0,24.0,44.0,26.0,6.0,2.159,4.0502,3.6858,1.6649999999999996,9.2416,7.752,7.752,20.064,49.0,42.0,42.0,21.0,1.0,1.0,3.0,1.0,2.0,4.0,3.0,0.5625,0.5775,0.5775,0.8324999999999999,9.2416,7.752,7.752,20.064,49.0,42.0,42.0,21.0,1.0,1.0,3.0,1.0,2.0,4.0,3.0,0.5625,0.5775,0.5775,0.8324999999999999,0.4900000000000002,0.4900000000000002,2.5199999999999996,1.0,1.0,18.0,-1.0,-3.0,0.0,-0.020000000000000018,-0.020000000000000018,1.1400000000000001,0.4900000000000002,0.4900000000000002,2.5199999999999996,1.0,1.0,18.0,-1.0,-3.0,0.0,-0.020000000000000018,-0.020000000000000018,1.1400000000000001,3.3489000000000004,33.379200000000004,27.999,27.999,676.0,1092.0,936.0,936.0,6.0,6.0,72.0,72.0,144.0,1.5625,5.625,5.775,5.775,-7.26,-4.3199999999999985,-4.3199999999999985,114.0,120.0,120.0,24.0,24.0,12.0,3.0,2.88,2.88
Fe_SANLAU_comp_0_6,3,0,6.0,6.0,282.02849999999995,679.6864000000002,1532.4759999999999,2682.4179999999997,1432.0,3976.0,7566.0,7244.0,49.0,108.0,246.0,436.0,354.0,1104.0,2256.0,2944.0,16.159300000000016,49.262000000000036,104.18699999999998,154.09479999999982,278.67959999999994,612.9280000000001,1097.482,1583.6431999999988,756.0,1792.0,2560.0,2960.0,48.0,96.0,180.0,264.0,276.0,720.0,1056.0,1248.0,14.59680000000001,38.01200000000002,60.66200000000003,80.72479999999999,278.67959999999994,612.9280000000001,1097.482,1583.6431999999988,756.0,1792.0,2560.0,2960.0,48.0,96.0,180.0,264.0,276.0,720.0,1056.0,1248.0,14.59680000000001,38.01200000000002,60.66200000000003,80.72479999999999,9.2416,21.128,23.256,65.29920000000001,49.0,56.0,126.0,147.0,3.0,3.0,9.0,9.0,18.0,36.0,39.0,0.5625,1.1324999999999998,1.7325,3.0674999999999994,9.2416,22.192,42.25600000000001,47.363200000000006,49.0,91.0,112.0,196.0,3.0,6.0,6.0,9.0,27.0,36.0,48.0,0.5625,1.4325,2.2649999999999997,2.835,2.17,1.4700000000000006,5.879999999999999,13.0,3.0,42.0,3.0,-3.0,14.0,0.74,-0.06000000000000005,2.6599999999999997,1.8200000000000003,4.34,2.66,8.0,26.0,14.0,0.0,6.0,2.0,0.33999999999999997,1.48,0.72,3.3489000000000004,33.379200000000004,78.873,73.74900000000002,676.0,1092.0,1768.0,728.0,18.0,18.0,144.0,288.0,144.0,1.5625,5.625,13.325000000000005,9.325000000000003,-7.26,-10.159999999999997,-7.360000000000001,114.0,400.0,440.0,12.0,60.0,84.0,3.0,11.840000000000005,15.040000000000004
