,name,metal,blyp.vertsse,pbe.vertsse,scan.vertsse,m06-l.vertsse,mn15-l.vertsse,blyp_hfx_10.vertsse,blyp_hfx_20.vertsse,blyp_hfx_30.vertsse,blyp_hfx_40.vertsse,blyp_hfx_50.vertsse,pbe_hfx_10.vertsse,pbe_hfx_20.vertsse,pbe_hfx_30.vertsse,pbe_hfx_40.vertsse,pbe_hfx_50.vertsse,scan_hfx_10.vertsse,scan_hfx_20.vertsse,scan_hfx_30.vertsse,scan_hfx_40.vertsse,scan_hfx_50.vertsse,m06-l_hfx_10.vertsse,m06-l_hfx_20.vertsse,m06-l_hfx_30.vertsse,m06-l_hfx_40.vertsse,m06-l_hfx_50.vertsse,mn15-l_hfx_10.vertsse,mn15-l_hfx_20.vertsse,mn15-l_hfx_30.vertsse,mn15-l_hfx_40.vertsse,mn15-l_hfx_50.vertsse,dlpno-CCSD_T.vertsse,delta.blyp.vertsse,delta.pbe.vertsse,delta.scan.vertsse,delta.m06-l.vertsse,delta.mn15-l.vertsse,delta.blyp_hfx_10.vertsse,delta.blyp_hfx_20.vertsse,delta.blyp_hfx_30.vertsse,delta.blyp_hfx_40.vertsse,delta.blyp_hfx_50.vertsse,delta.pbe_hfx_10.vertsse,delta.pbe_hfx_20.vertsse,delta.pbe_hfx_30.vertsse,delta.pbe_hfx_40.vertsse,delta.pbe_hfx_50.vertsse,delta.scan_hfx_10.vertsse,delta.scan_hfx_20.vertsse,delta.scan_hfx_30.vertsse,delta.scan_hfx_40.vertsse,delta.scan_hfx_50.vertsse,delta.m06-l_hfx_10.vertsse,delta.m06-l_hfx_20.vertsse,delta.m06-l_hfx_30.vertsse,delta.m06-l_hfx_40.vertsse,delta.m06-l_hfx_50.vertsse,delta.mn15-l_hfx_10.vertsse,delta.mn15-l_hfx_20.vertsse,delta.mn15-l_hfx_30.vertsse,delta.mn15-l_hfx_40.vertsse,delta.mn15-l_hfx_50.vertsse
0,Co_ADETCO_comp_0_3111,Co,15.046954718507097,11.184304928952995,17.693633758099168,11.413871901725088,-5.308395974486757,16.66418795078812,9.315408181713565,1.9900781432659187,-5.513425799167634,-13.050197432006598,12.22902224543418,4.361429620466879,-3.4671845751768164,-11.499144606199252,-19.499590910046443,10.75306778261961,3.397361227015381,-4.365645712424566,-12.383762381208498,-20.57164965587389,5.332266677542067,-0.7717358048205369,-6.963018887098542,-13.317176854643549,-19.676611262648294,-8.847183239295191,-12.172036894152145,-14.958470025313773,-17.120496961728122,-18.580548465290576,-7.007767517684441,22.05472223619153,18.192072446637443,24.70140127578361,18.42163941940953,1.6993715431976852,23.67195546847256,16.323175699398007,8.997845660950361,1.4943417185168073,-6.042429914322156,19.236789763118622,11.36919713815132,3.5405829425076263,-4.49137708851481,-12.491823392361994,17.760835300304052,10.405128744699825,2.642121805259876,-5.375994863524057,-13.563882138189454,12.340034195226508,6.236031712863905,0.0447486305859001,-6.309409336959107,-12.668843744963851,-1.8394157216107487,-5.1642693764677015,-7.95070250762933,-10.11272944404368,-11.572780947606134
1,Co_AFULAO_comp_0_411,Co,11.663957333936429,8.349138526417619,7.15316678809927,-1.1130298963246332,-15.04828703444673,6.202279987375049,0.4719819064132479,-5.562909930413298,-12.001814039621197,-18.671909841173147,2.3707075888250984,-3.889553951619291,-10.462061633370466,-17.424553819831768,-24.58329668346323,1.6109497351692426,-4.462070637874831,-11.162994563471782,-18.352909049975786,-25.86270339936732,-5.637382069011211,-10.271463604185556,-15.284221555340311,-20.545684801722924,-25.991010636572582,-17.920864064576566,-20.26419152634844,-22.088697020875543,-23.3929427556916,-24.09078438924439,-5.074985314940932,16.738942648877355,13.424123841358549,12.228152103040204,3.961955418616298,-9.973301719505796,11.277265302315982,5.546967221354179,-0.487924615472366,-6.926828724680263,-13.596924526232216,7.44569290376603,1.185431363321641,-5.387076318429536,-12.34956850489084,-19.5083113685223,6.685935050110174,0.6129146770661009,-6.088009248530853,-13.277923735034848,-20.787718084426388,-0.5623967540702779,-5.196478289244624,-10.209236240399376,-15.470699486781996,-20.916025321631647,-12.845878749635633,-15.189206211407509,-17.01371170593461,-18.31795744075066,-19.01579907430346
2,Co_BOTQEH_comp_0_222,Co,16.275958504211303,12.342795163744992,10.245715754018647,2.577641192417559,-14.031450327048562,8.632246016913996,0.9586440640202908,-6.7263997181544255,-14.331095858293564,-21.7835100221123,4.182504516467134,-3.994755748026364,-12.164148281570988,-20.24915127516352,-28.155779043839857,2.910903119178556,-4.803658839427953,-12.758200332624485,-20.872519081393648,-29.078123406330857,-3.678382050109121,-10.03240922109967,-16.434286594250125,-22.78238929049735,-29.02047128784829,-18.125338649514333,-21.5367515916762,-24.21076522553108,-26.096524227555165,-27.16589563160824,-10.755486167726076,27.03144467193738,23.09828133147107,21.001201921744727,13.333127360143637,-3.275964159322484,19.387732184640075,11.714130231746363,4.0290864495716505,-3.575609690567489,-11.02802385438622,14.93799068419321,6.760730419699713,-1.4086621138449118,-9.493665107437437,-17.40029287611378,13.666389286904632,5.951827328298122,-2.002714164898407,-10.117032913667574,-18.322637238604784,7.077104117616955,0.7230769466264064,-5.678800426524049,-12.026903122771271,-18.26498512012222,-7.369852481788257,-10.781265423950115,-13.455279057805,-15.341038059829089,-16.41040946388216
3,Co_CAASPC_comp_3_33,Co,12.344359674772251,9.185868484192952,6.525268173026007,-0.6026578428929952,-19.391276591321684,4.6417093858826775,-3.0630645057703987,-10.76408607442545,-18.37863157954416,-25.83582158793661,0.079014266291324,-8.181958701953818,-16.415202422559787,-24.54678217374863,-32.4758328005646,-1.0007151042327678,-8.793786055722421,-16.807154370077342,-24.972460329832984,-33.243464511148204,-7.133307503733022,-13.692457995915674,-20.22251145017094,-26.66418965218213,-32.96610630118835,-23.343689411026396,-26.676110953166017,-29.1091438943306,-30.703777174949213,-31.458305073161917,-14.24981529741899,26.59417497219124,23.435683781611942,20.775083470445,13.647157454525995,-5.141461293902694,18.891524683301668,11.186750791648594,3.4857292229935406,-4.128816282125172,-11.586006290517616,14.328829563710316,6.067856595465172,-2.1653871251407963,-10.296966876329632,-18.226017503145613,13.249100193186225,5.4560292416965686,-2.557339072658351,-10.722645032413991,-18.99364921372921,7.116507793685969,0.5573573015033162,-5.972696152751952,-12.41437435476314,-18.71629100376936,-9.0938741136074,-12.426295655747024,-14.85932859691161,-16.45396187753022,-17.20848977574292
4,Co_CEWTUT_comp_0_42,Co,12.907094340154115,9.236227447624971,8.1447559923879,-0.156098413217478,-16.283482727201314,6.179562441059262,-0.7301731649249632,-7.7909449996923295,-14.918227566965928,-22.016414363569087,1.9694531629045289,-5.462354793133954,-13.031996233080466,-20.647227937719208,-28.2020143879754,1.3937675541205865,-5.7974162772666205,-13.332070077199203,-21.118206457988435,-29.076000432487486,-5.784214445238831,-11.57854168681638,-17.50287998243607,-23.4658342456396,-29.394687350020376,-19.81567880913417,-22.7167070643884,-24.943178671601345,-26.44405512027788,-27.183555462418106,-10.720108972469689,23.62720331262381,19.956336420094654,18.864864964857592,10.56401055925221,-5.563373754731629,16.89967141352895,9.989935807544724,2.92916397277736,-4.198118594496236,-11.296305391099391,12.689562135374215,5.257754179335734,-2.3118872606107743,-9.92711896524952,-17.481905415505707,12.113876526590277,4.922692695203068,-2.6119611047295166,-10.398097485518749,-18.3558914600178,4.9358945272308565,-0.8584327143466908,-6.782771009966383,-12.745725273169912,-18.674578377550688,-9.09556983666448,-11.996598091918711,-14.223069699131653,-15.723946147808194,-16.46344648994841
5,Co_CULQIJ_comp_0_411,Co,21.71680485398156,17.878245222372016,18.45147547016836,11.809671420825223,-3.885503757036304,17.502477281507257,10.13487015873807,2.6455491859985614,-5.10552172419807,-12.801555408883589,13.01867812930027,5.138195210347477,-2.884646206673551,-11.13065877005283,-19.27760402201216,11.359505279427822,3.798006637667868,-4.109429491415996,-12.261759868881654,-20.50762761883448,5.771867151308925,-0.3675748633099829,-6.664296036192354,-13.12896851708274,-19.564244215968078,-8.05563022241131,-11.517262192419365,-14.459178274528313,-16.74634502972026,-18.300281881230376,-0.7074930727435458,22.424297926725107,18.58573829511556,19.158968542911907,12.517164493568773,-3.178010684292758,18.2099703542508,10.842363231481617,3.353042258742107,-4.398028651454524,-12.09406233614004,13.726171202043815,5.845688283091023,-2.177153133930005,-10.423165697309289,-18.57011094926861,12.066998352171366,4.505499710411414,-3.401936418672449,-11.554266796138108,-19.80013454609093,6.479360224052472,0.3399182094335629,-5.956802963448808,-12.421475444339194,-18.85675114322453,-7.348137149667764,-10.80976911967582,-13.751685201784769,-16.038851956976714,-17.59278880848683
6,Co_DABUCO_comp_1_33,Co,18.13542855076321,14.370406021586176,13.90458461074445,5.27764573209879,-10.819583591858189,11.973542091548095,5.17180333059855,-2.0451261217704086,-9.413942192544482,-16.76676462143064,7.739781925344005,0.4220300520580622,-7.292826534229563,-15.154489430231026,-22.956138993024524,7.402579589942206,0.1158554971618741,-7.632001838888982,-15.658584093981744,-23.840674356953286,0.0458914540877231,-5.718874646738641,-11.782162012447088,-17.942493281722136,-24.079421147300767,-14.128477262612476,-17.038657152457972,-19.38047012746437,-21.040695966274825,-21.95395326977632,-5.3094808100684086,23.444909360831613,19.67988683165459,19.21406542081285,10.587126542167198,-5.510102781789783,17.283022901616505,10.481284140666958,3.264354688297998,-4.1044613824760745,-11.457283811362233,13.049262735412412,5.73151086212647,-1.983345724161154,-9.845008620162616,-17.646658182956113,12.712060400010614,5.425336307230282,-2.3225210288205744,-10.349103283913337,-18.53119354688488,5.355372264156131,-0.4093938366702332,-6.4726812023786815,-12.633012471653728,-18.76994033723236,-8.81899645254407,-11.729176342389565,-14.070989317395972,-15.731215156206416,-16.64447245970791
7,Co_DATMCO_comp_1_111111,Co,21.16779112628365,17.158441592453073,17.16526144087311,8.317944645650641,-9.079572723445608,15.19011886669091,8.20608068885008,0.7493116046612158,-6.8343120707368135,-14.344048393970752,10.679848042303773,3.2001626987187137,-4.735864117387791,-12.781748736939562,-20.722358054900948,10.419899108106849,2.8865202839472204,-5.065848940794241,-13.245000989630851,-21.54498162941764,3.0849654329642817,-2.828376197255693,-9.042869186420148,-15.330789683832789,-21.55946436344948,-12.082361562405596,-14.814433256436816,-17.051488102521258,-18.56060465166138,-19.350329277011728,-3.789192007533302,24.956983133816948,20.94763359998637,20.95445344840641,12.107136653183945,-5.290380715912307,18.97931087422421,11.99527269638338,4.538503612194519,-3.0451200632035125,-10.55485638643745,14.469040049837076,6.989354706252017,-0.9466721098544896,-8.99255672940626,-16.933166047367653,14.209091115640147,6.675712291480522,-1.276656933260938,-9.455808982097553,-17.755789621884333,6.8741574404975845,0.9608158102776088,-5.253677178886847,-11.541597676299489,-17.770272355916177,-8.293169554872293,-11.02524124890351,-13.26229609498796,-14.771412644128077,-15.56113726947842
8,Co_DAYKOD_comp_1_2211,Co,19.950363915143047,16.209463709865304,15.26217257737926,8.096789773582032,-7.318610950794665,14.036945417128663,7.368638489581372,0.0200160024746764,-7.603927524402253,-15.189182329278312,9.74836030479196,2.5002258850838643,-5.346051846405544,-13.433785924252104,-21.442295120042445,8.647503942664798,1.2989430517791334,-6.539257251836262,-14.607775274810136,-22.74800212196851,2.7775043814142464,-3.0621634224462477,-9.274517515301568,-15.632915585342744,-21.944862255210182,-10.748042599177554,-13.947084675503447,-16.721177155204717,-18.877773383100017,-20.276478521561785,-1.5443672327171498,21.494731147860197,17.753830942582454,16.80653981009641,9.64115700629918,-5.774243718077514,15.581312649845811,8.913005722298523,1.5643832351918263,-6.059560291685102,-13.64481509656116,11.292727537509109,4.044593117801013,-3.8016846136883937,-11.889418691534956,-19.89792788732529,10.191871175381948,2.8433102844962828,-4.994890019119112,-13.063408042092988,-21.20363488925136,4.321871614131396,-1.5177961897290968,-7.730150282584418,-14.088548352625596,-20.40049502249304,-9.203675366460402,-12.402717442786296,-15.176809922487564,-17.33340615038287,-18.73211128884464
9,Co_DETCON_comp_0_33,Co,22.4487425476525,18.366590573571678,12.480406085401794,7.241067584164398,-8.630473632230746,13.346666074639304,3.830099710147578,-5.5519179603703614,-14.52133857442618,-22.898413041058923,8.793769498058737,-1.1598762028410192,-10.95277635727996,-20.327839609587954,-29.11036702742365,3.859387684831858,-4.805398049572887,-13.73756876750349,-22.531079744859426,-31.09024115624834,-0.2677341225171403,-7.466256480234962,-14.901804830334411,-22.11528142370809,-28.96209002963872,-14.111959641080036,-18.648955053284908,-22.565691245404768,-25.509640222958296,-27.38190686951953,-4.5001256624885855,26.948868210141093,22.86671623606025,16.98053174789038,11.741193246652983,-4.130347969742161,17.846791737127887,8.330225372636164,-1.051792297881775,-10.021212911937596,-18.398287378570327,13.293895160547324,3.3402494596475663,-6.452650694791372,-15.827713947099369,-24.610241364935064,8.359513347320444,-0.305272387084301,-9.237443105014904,-18.03095408237084,-26.59011549375976,4.232391539971444,-2.966130817746375,-10.40167916784583,-17.615155761219512,-24.46196436715013,-9.611833978591449,-14.148829390796326,-18.06556558291618,-21.00951456046971,-22.88178120703094
10,Co_DOCZOK_comp_0_2211,Co,17.301389801593814,13.428914247830336,12.31729592736201,5.125655641778621,-10.22730004909704,10.91646775998356,4.268120335967752,-2.737955946992088,-9.993529139304655,-17.310180708826696,6.60113871696808,-0.5803069935404892,-8.078417030982338,-15.781301688215306,-23.542800374161743,5.692625005908668,-1.4342600898328328,-8.947574021538003,-16.777419015310215,-24.745871369513,-0.3604383013828283,-6.0883980821131445,-12.02890828166801,-18.09712135214681,-24.190438435495025,-13.645979372117836,-16.657268773792566,-19.17637313458954,-21.106506014408524,-22.3503117504913,-5.868915885062052,23.170305686655865,19.297830132892383,18.186211812424062,10.994571526840671,-4.358384164034987,16.785383645045613,10.137036221029804,3.130959938069964,-4.124613254242604,-11.44126482376464,12.470054602030132,5.288608891521561,-2.209501145920285,-9.912385803153256,-17.67388448909969,11.561540890970717,4.434655795229219,-3.078658136475952,-10.908503130248166,-18.876955484450946,5.508477583679223,-0.2194821970510929,-6.159992396605957,-12.228205467084765,-18.321522550432974,-7.777063487055784,-10.788352888730516,-13.307457249527488,-15.237590129346474,-16.48139586542925
11,Co_ENGCOA_comp_0_222,Co,11.2482411175381,7.571067890734183,6.704602485166332,-1.7730832186214232,-17.86704070400447,4.685983227994939,-2.0192235455510854,-8.870496977642688,-15.798528848225716,-22.718351947071373,0.4827309119673373,-6.747263779765262,-14.100007699786374,-21.521579431341703,-28.886915306924266,0.1378603165971981,-6.870170141352219,-14.232153798715215,-21.864389405562857,-29.687307711537876,-7.239379375761247,-12.849696295418198,-18.585918474170736,-24.370786699295195,-30.136626444406147,-21.165660329176035,-23.82590363828058,-25.820350321861277,-27.109734869384283,-27.66307197214246,-12.83751987258256,24.085760990120654,20.408587763316746,19.54212235774889,11.064436653961137,-5.029520831421905,17.5235031005775,10.818296327031476,3.967022894939874,-2.961008975643153,-9.880832074488806,13.320250784549902,6.0902560928173,-1.2624878272038131,-8.684059558759145,-16.049395434341704,12.97538018917976,5.967349731230343,-1.3946339261326557,-9.0268695329803,-16.849787838955308,5.598140496821316,-0.0121764228356369,-5.748398601588177,-11.533266826712634,-17.299106571823586,-8.328140456593474,-10.988383765698018,-12.982830449278708,-14.272214996801722,-14.8255520995599
12,Co_GASCEI_comp_0_33,Co,18.907793052570696,14.962732887071295,14.230163802386642,6.42150260934045,-8.593173111744361,13.097125028019716,6.748443624234143,0.0127688145232696,-6.965135639369464,-14.088313505172891,8.64505792416594,1.7898325842395482,-5.435052772596692,-12.886121420286829,-20.45632986084001,8.120782114756366,1.3470260813710409,-5.911259394079026,-13.577243205147624,-21.484964037016425,1.3658032384500984,-4.0518719897443125,-9.726974316230326,-15.557808137250507,-21.473468411094245,-11.712667990723276,-14.43680531538007,-16.645343477853206,-18.261620485866388,-19.198983318759694,-2.042517519997773,20.95031057256847,17.00525040706907,16.272681322384415,8.464020129338223,-6.55065559174659,15.139642548017491,8.790961144231915,2.0552863345210426,-4.922618119371691,-12.045795985175117,10.687575444163713,3.832350104237321,-3.3925352525989183,-10.843603900289054,-18.41381234084224,10.16329963475414,3.389543601368814,-3.868741874081252,-11.534725685149851,-19.44244651701865,3.4083207584478714,-2.0093544697465404,-7.684456796232553,-13.515290617252733,-19.430950891096472,-9.670150470725504,-12.394287795382295,-14.60282595785543,-16.219102965868615,-17.156465798761932
13,Co_ILASAR_comp_0_51,Co,18.56389812891166,14.663003662507776,10.1798240408624,4.949624848066492,-9.13234978334856,10.128262782025104,1.033392121637462,-9.294939721282276,-20.933567734136886,-33.109229667582554,5.869364727298603,-3.4671308317541616,-13.901318666869994,-25.68486013944096,-37.949504814753816,1.9573032816970224,-8.356417191479295,-19.71623723616005,-31.791212911752496,-44.01189009383359,-1.7945325283687907,-9.55374519535269,-18.5027146945032,-28.49512701875028,-38.88152884949932,-13.1894597809395,-17.12097987693994,-21.73650609234471,-27.694463012665555,-34.03991309614241,-1.7591065176100074,20.323004646521667,16.422110180117787,11.938930558472409,6.7087313656765,-7.373243265738552,11.887369299635113,2.7924986392474693,-7.535833203672269,-19.17446121652688,-31.35012314997255,7.628471244908611,-1.7080243141441542,-12.14221214925999,-23.92575362183095,-36.190398297143815,3.71640979930703,-6.597310673869287,-17.957130718550047,-30.032106394142488,-42.25278357622358,-0.0354260107587833,-7.794638677742682,-16.74360817689319,-26.736020501140278,-37.12242233188932,-11.430353263329494,-15.361873359329936,-19.9773995747347,-25.935356495055547,-32.28080657853241
14,Co_LOFFUH_comp_0_321,Co,18.92561082565749,15.789187525443824,11.21298253393661,5.229534297517374,-10.733263149529648,10.886869390242284,2.797381341175651,-5.194612382796322,-12.993393381506165,-20.54485048209472,7.1668409594076365,-1.5085332950570771,-10.046347619048674,-18.369587700887,-26.41333636013656,3.5774444666105865,-4.191976427780446,-12.052535513873863,-19.990418804909496,-27.979798008011585,-1.6700006964435945,-8.457791420472631,-15.074185493008374,-21.501119539376525,-27.738662368690253,-15.777179421211256,-19.93031320677801,-23.1488373338118,-25.426890279507013,-26.787253613050552,-6.386750847477742,25.31236167313523,22.175938372921568,17.599733381414353,11.616285144995118,-4.346512302051906,17.273620237720024,9.184132188653392,1.1921384646814204,-6.606642534028424,-14.158099634616976,13.55359180688538,4.878217552420665,-3.659596771570932,-11.982836853409252,-20.02658551265881,9.964195314088329,2.1947744196972963,-5.665784666396121,-13.603667957431751,-21.593047160533843,4.716750151034148,-2.071040572994889,-8.68743464553063,-15.11436869189879,-21.351911521212514,-9.390428573733516,-13.543562359300267,-16.762086486334056,-19.040139432029267,-20.400502765572806
15,Co_LUJXAP_comp_0_321,Co,21.21703956571423,17.499693644184617,14.784988249897426,8.380815636143097,-7.384680304069207,14.105624314414625,6.6341147234038536,-1.1347331028991905,-8.98112674374147,-16.775728161247798,9.869692532645333,1.836747035707731,-6.434097294597905,-14.764683727172494,-23.017872555202533,7.494385349833692,0.0268086957555624,-7.918367414754357,-16.098610779561113,-24.398180993316604,2.2007404747932924,-4.153110337746283,-10.63819107466088,-17.153683295150586,-23.61722363305261,-11.696325656565705,-15.487785802354212,-18.642611701181977,-21.06244918170205,-22.684656212595648,-2.749074362654937,23.96611392836917,20.248768006839555,17.534062612552358,11.129889998798037,-4.635605941414268,16.854698677069564,9.383189086058794,1.6143412597557472,-6.2320523810865325,-14.02665379859286,12.618766895300269,4.585821398362668,-3.6850229319429673,-12.01560936451756,-20.268798192547592,10.243459712488631,2.7758830584105003,-5.16929305209942,-13.349536416906176,-21.649106630661663,4.949814837448231,-1.4040359750913467,-7.889116712005943,-14.404608932495648,-20.86814927039768,-8.947251293910767,-12.738711439699273,-15.893537338527038,-18.313374819047112,-19.93558184994072
16,Co_PODWAG_comp_0_222,Co,17.462249888421866,13.733761129781216,12.412806163240475,4.54831241296688,-12.319588562398849,10.729690136113277,3.8642667888746014,-3.133552053517405,-10.267549812220976,-17.45914036117938,6.402239474202816,-1.0465823837034804,-8.62439849844236,-16.319533387771802,-24.0199687241045,5.6722291522237365,-1.4576003341392152,-8.951962988060131,-16.763415306973002,-24.809976042491822,-1.0730492613663498,-6.830640088576274,-12.746319769913724,-18.726931384486534,-24.711097963266862,-15.775629547986226,-18.603893315209923,-20.76261568494829,-22.202945677317988,-22.89793468723019,-5.93760768262996,23.399857571051825,19.67136881241117,18.35041384587043,10.48592009559684,-6.381980879768889,16.667297818743233,9.80187447150456,2.804055629112554,-4.329942129591018,-11.521532678549422,12.339847156832777,4.891025298926478,-2.686790815812401,-10.38192570514184,-18.08236104147454,11.609836834853697,4.480007348490744,-3.014355305430172,-10.825807624343042,-18.872368359861863,4.8645584212636095,-0.8930324059463146,-6.808712087283766,-12.789323701856574,-18.773490280636903,-9.838021865356268,-12.666285632579957,-14.825008002318327,-16.265337994688025,-16.96032700460023
17,Co_QOJFOK_comp_0_321,Co,16.362115713515095,12.53212960648966,10.932613661324242,3.939496144460009,-10.983703295835312,9.691197914775104,2.6284691636226403,-4.7925464127740725,-12.403447091727458,-19.99427686068202,5.341692292457765,-2.2450504375808578,-10.152873006983327,-18.22848092481195,-26.24936363428105,3.9709884235753634,-3.495202079113824,-11.34545491286417,-19.42964400732876,-27.58937485319507,-1.8802896631416388,-7.954020138380429,-14.229093150609062,-20.59198667499345,-26.9191381057442,-14.850083570534023,-18.31229207511001,-21.25542415717632,-23.55218389423157,-25.099191159318927,-6.392808104839106,22.7549238183542,18.924937711328766,17.32542176616335,10.332304249299114,-4.590895190996207,16.084006019614208,9.021277268461745,1.6002616920650323,-6.0106389868883525,-13.601468755842914,11.73450039729687,4.147757667258247,-3.7600649021442223,-11.835672819972842,-19.856555529441952,10.363796528414468,2.897606025725281,-4.952646808025066,-13.036835902489656,-21.196566748355966,4.512518441697466,-1.5612120335413238,-7.836285045769955,-14.199178570154343,-20.52633000090509,-8.45727546569492,-11.919483970270903,-14.862616052337216,-17.15937578939247,-18.70638305447983
18,Co_SEVMUB_comp_0_42,Co,11.631440307650108,7.913975653760872,5.789887635570494,-1.598899459045242,-17.197689887582328,4.506589139050448,-2.6990465193955515,-9.9309977602627,-17.113923527012957,-24.19521220097977,0.2320462352929553,-7.468189356404763,-15.18643135699449,-22.84529751112132,-30.39221232364753,-1.1452000332076295,-8.4133518091096,-15.919480904416332,-23.61277530976736,-31.44299652162317,-7.539027594755225,-13.533999046544526,-19.565611339954785,-25.55843145000722,-31.47327454144033,-21.128439642310468,-24.40620785361489,-26.956536963914463,-28.72864293310272,-29.694942194443,-11.896205867782328,23.527646175432444,19.8101815215432,17.686093503352822,10.297306408737086,-5.3014840198,16.402795006832775,9.197159348386776,1.9652081075196293,-5.21771765923063,-12.299006333197438,12.128252103075283,4.428016511377564,-3.290225489212162,-10.949091643338988,-18.4960064558652,10.751005834574697,3.482854058672729,-4.023275036634004,-11.71656944198503,-19.546790653840844,4.357178273027103,-1.6377931787621949,-7.669405472172457,-13.662225582224892,-19.577068673658005,-9.23223377452814,-12.51000198583256,-15.060331096132131,-16.83243706532039,-17.798736326660677
19,Co_VARVOA_comp_0_51,Co,16.21923047571613,12.76008827324972,9.904021841948634,3.821276681475184,-9.316065995933512,9.94210607867558,3.6033629210658087,-3.0466792760637413,-9.87520274020767,-16.920554809868232,5.998764759891628,-0.9697462056612948,-8.157124730382748,-15.528418426887354,-23.056678198421427,3.743394526783277,-2.713332620577376,-9.537978079853248,-16.730482878938346,-24.334684907860265,-1.5183725773397327,-6.981352370414697,-12.558994278990667,-18.25641996154559,-24.10970747748138,-13.107065211178224,-16.329233526040525,-18.95790097414192,-20.96675680866952,-22.371110570484237,-2.6170471076591184,18.83627758337525,15.37713538090884,12.521068949607752,6.4383237891343015,-6.699018888274394,12.559153186334695,6.220410028724928,-0.4296321684046233,-7.258155632548551,-14.303507702209115,8.615811867550747,1.6473009019978235,-5.540077622723629,-12.91137131922824,-20.439631090762305,6.360441634442395,-0.0962855129182571,-6.920930972194128,-14.113435771279228,-21.717637800201143,1.0986745303193857,-4.364305262755579,-9.941947171331549,-15.63937285388647,-21.492660369822264,-10.490018103519104,-13.712186418381409,-16.340853866482803,-18.3497097010104,-19.754063462825112
20,Co_YICJAV_comp_0_411,Co,14.460939283433165,10.653785448142797,8.234212242773538,1.5589406419655916,-13.178567676222883,7.841844982538077,0.8342501913193701,-6.451609767765377,-13.850800312276304,-21.237844083084383,3.57305294388766,-4.044928846440143,-11.836494348038968,-19.725056694340992,-27.577699961921105,1.458075223057449,-5.766300513859051,-13.288471698734838,-21.056376425340204,-28.98390111556296,-4.202441023037409,-10.153053223990582,-16.235058188555058,-22.356924088082906,-28.457430062709363,-17.048262773504348,-20.43617130465691,-23.22173070566919,-25.32395321479953,-26.67665439780308,-7.0584237100842975,21.51936299351746,17.712209158227093,15.292635952857836,8.61736435204989,-6.120143966138585,14.900268692622376,7.8926739014036675,0.6068139423189223,-6.792376602192007,-14.179420373000085,10.63147665397196,3.0134948636441545,-4.77807063795467,-12.666632984256694,-20.5192762518368,8.516498933141747,1.2921231962252475,-6.23004798865054,-13.997952715255904,-21.92547740547866,2.8559826870468896,-3.094629513906284,-9.17663447847076,-15.298500377998607,-21.39900635262507,-9.989839063420051,-13.377747594572613,-16.16330699558489,-18.26552950471524,-19.618230687718786
21,Co_ZEZJAP_comp_0_222,Co,-9.535372415228949,-14.229454040333849,-25.436654026312908,-25.262254663555268,-36.72844424996129,-25.11380641800884,-41.6263872948332,-57.76082361123372,-73.19256166066452,-87.55544138331061,-28.80699606194184,-45.70510535770721,-62.22182794783748,-78.02657419035882,-92.75173631009125,-40.76742378930021,-55.9575333511691,-70.77102252771738,-85.10406472746355,-98.54130223303856,-40.04062455289501,-54.80298533416204,-69.09278682323703,-82.7919924678838,-95.61538234074304,-48.80891424803168,-60.865016417350255,-71.92622609437534,-81.51696869068473,-88.76012175532196,-68.38589940771612,58.85052699248718,54.15644536738228,42.949245381403216,43.12364474416085,31.65745515775484,43.27209298970729,26.75951211288293,10.625075796482406,-4.806662252948398,-19.169541975594484,39.578903345774286,22.6807940500089,6.164071459878643,-9.640674782642687,-24.36583690237512,27.618475618415918,12.42836605654702,-2.385123120001253,-16.718165319747413,-30.155402825322422,28.345274854821128,13.582914073554091,-0.7068874155208961,-14.406093060167676,-27.22948293302693,19.57698515968445,7.5208829903658625,-3.540326686659228,-13.131069282968609,-20.37422234760584
22,Cr_ACUCAE_comp_0_2211,Cr,28.518874904889344,26.080130104221556,25.33624458334771,8.668222279428619,-6.498259353400044,-1.9596260863522728,-7.623701809812927,-12.432687199568589,-16.43016405045273,-19.73169199265385,-6.000818735146821,-11.648506301454518,-16.346473532971686,-20.259046705974697,-23.46159088440117,-11.747221157642114,-16.945854090454304,-21.00599707108472,-24.517339992498822,-27.57196594553875,-18.655242404958013,-22.37087740462244,-25.26927656198495,-27.5334479431092,-29.24363776324753,-26.69550460806477,-27.01980776612686,-26.50448523235241,-25.37174535456188,-23.560195886732345,-4.673332605085535,33.19220750997488,30.75346270930709,30.00957718843324,13.341554884514151,-1.8249267483145104,2.7137065187332605,-2.9503692047273944,-7.7593545944830575,-11.756831445367196,-15.058359387568316,-1.3274861300612883,-6.975173696368984,-11.673140927886152,-15.585714100889165,-18.78825827931564,-7.073888552556581,-12.272521485368769,-16.332664465999187,-19.844007387413285,-22.898633340453216,-13.981909799872485,-17.6975447995369,-20.595943956899426,-22.860115338023657,-24.570305158162,-22.02217200297924,-22.34647516104133,-21.831152627266874,-20.698412749476347,-18.88686328164681
23,Cr_LAFYOJ_comp_2_6,Cr,-3.974238250800681,-6.505538942437853,-24.81394767969959,-23.03398729218088,-26.548745728887862,-11.918546408865607,-22.04889637521205,-32.11049660714877,-42.1309999868862,-52.93256604218926,-14.410926770102035,-24.465924184568728,-34.42615865225207,-44.41675865595812,-52.33236100365502,-33.453807354957235,-42.00422739199553,-50.50145846625014,-59.31694537723048,-64.46026464588272,-30.77121663044977,-38.85492073303908,-46.72758950623689,-54.59980976778071,,-32.96059930228864,-39.40994743758382,-46.363433330214434,-51.22648915855109,-57.46210935804242,-13.922900347469636,9.948662096668953,7.417361405031785,-10.89104733222996,-9.111086944711246,-12.62584538141823,2.0043539386040266,-8.125996027742419,-18.18759625967914,-28.20809963941656,-39.009665694719615,-0.4880264226324016,-10.5430238370991,-20.503258304782435,-30.493858308488484,-38.40946065618539,-19.530907007487603,-28.08132704452589,-36.57855811878051,-45.394045029760825,-50.537364298413074,-16.848316282980136,-24.932020385569444,-32.80468915876725,-40.67690942031106,,-19.037698954819007,-25.48704709011417,-32.4405329827448,-37.303588811081454,-43.53920901057278
24,Cr_LUKLAG_comp_0_2211,Cr,15.858953294026604,10.234059421024996,6.983591290706954,-5.563835750501767,-21.83426169394807,-1.2897460042461262,-7.7289692247904895,-13.639384167178148,-19.056448866301707,-24.204950278484606,-5.7145261422670055,-12.234689467873068,-18.211115214609208,-23.67072079495188,-28.750257940477013,-11.650000351454535,-16.948526937103452,-21.770543530343502,-26.04746774116961,-32.5843823910634,-16.12268335684803,-20.33390249298805,-23.96018608445161,-26.776155299718308,-32.99784494749588,-24.15750217886625,-25.256159764296623,-25.95122605833467,-25.69621674305268,-28.0277029344984,-13.105603559981772,28.96455685400838,23.33966298100677,20.089194850688727,7.541767809480008,-8.728658133966293,11.815857555735649,5.376634335191285,-0.5337806071963769,-5.950845306319934,-11.09934671850283,7.391077417714769,0.8709140921087055,-5.105511654627435,-10.565117234970105,-15.64465438049524,1.4556032085272363,-3.842923377121679,-8.664939970361731,-12.94186418118784,-19.47877883108163,-3.0170797968662555,-7.228298933006272,-10.854582524469834,-13.670551739736538,-19.892241387514105,-11.05189861888448,-12.150556204314851,-12.845622498352895,-12.5906131830709,-14.922099374516618
25,Cr_NIWFIL_comp_1_111111,Cr,-6.656285861539004,-12.756489937094669,-16.733989454247652,-22.485845540561517,-39.61119169296183,-14.35323985184766,-20.79701859645525,-26.36342887489832,-31.312675698447947,-35.808737387181395,-21.202310876969364,-28.289862551215485,-34.418522020346245,-39.85029690015665,-44.7726941253137,-23.44335913990279,-29.553223731901426,-35.1799325539821,-40.49770835349023,-45.53532167276956,-27.74545580560357,-32.18577323946533,-36.01287450981204,-39.37897889270858,-42.38261427785801,-40.419575041226494,-40.36225969620659,-39.671744055953006,-38.46293257538776,-36.81557482674293,-41.17333908269303,34.517053221154015,28.41684914559835,24.43934962844537,18.687493542131502,1.5621473897311944,26.82009923084536,20.376320486237773,14.8099102077947,9.860663384245072,5.364601695511624,19.97102820572365,12.883476531477529,6.754817062346773,1.3230421825363692,-3.5993550426206866,17.729979942790234,11.620115350791592,5.993406528710921,0.6756307292027941,-4.361982590076536,13.42788327708945,8.987565843227685,5.160464572880984,1.7943601899844452,-1.2092751951649916,0.7537640414665248,0.8110793864864263,1.5015950267400058,2.710406507305265,4.357764255950086
26,Fe_ACAKOF_comp_0_111111,Fe,17.752949888538296,14.477631770587324,7.550986528362388,-2.4259441182420005,-25.464467334521142,5.35110156757753,-5.071399155552854,-13.78159967751458,-21.154632972245512,-27.45449310220863,1.0105813150835274,-10.365188407570828,-19.86443254752089,-27.859130588403787,-34.641044436014575,-2.3460995061617496,-11.398893408414212,-19.725558799892163,-27.4490903852012,-34.68466304364938,-10.916987406528165,-18.316063675052305,-24.566008318880108,-29.971052791792086,-34.707398958627785,-29.42608853544755,-31.465427941380423,-31.873853886800703,-31.099436976331283,-29.459084284097237,-22.27850209748283,40.03145198602113,36.75613386807015,29.82948862584521,19.852557979240828,-3.1859652370383174,27.62960366506036,17.207102941929975,8.496902419968249,1.12386912523732,-5.175991004725802,23.289083412566363,11.913313689912002,2.414069549961937,-5.580628490920959,-12.36254233853174,19.93240259132108,10.879608689068618,2.5529432975906734,-5.170588287718374,-12.406160946166551,11.361514690954664,3.962438422430523,-2.28750622139728,-7.692550694309262,-12.428896861144947,-7.147586437964718,-9.186925843897598,-9.595351789317872,-8.820934878848448,-7.1805821866144015
27,Fe_AMAVOB_comp_0_111111,Fe,-28.95558704211112,-37.32868594335344,-30.540512339652533,-41.762323582802885,-65.52181560456404,-34.68834169866966,-39.908808678983405,-44.66550904738482,-48.97731860125475,-52.903785761285455,-43.452422391610526,-49.013106006244136,-54.02241403883352,-58.54158357561119,-62.63679065684983,-37.022857613413855,-43.29246974950252,-49.32051035610698,-55.15398478619773,-60.811838808087366,-45.92694568423667,-49.67440065195035,-53.07314987145843,-56.16293432775933,-58.988558049486535,-63.59567231185849,-61.12701496687919,-58.19869702151777,-54.89980795243639,-51.30133814343935,-55.13852665496529,26.18293961285417,17.809840711611855,24.598014315312756,13.376203072162411,-10.38328894959875,20.45018495629563,15.229717975981885,10.47301760758046,6.1612080537105385,2.2347408936798274,11.686104263354766,6.12542064872116,1.1161126161317725,-3.403056920645895,-7.498264001884536,18.115669041551424,11.846056905462776,5.818016298858312,-0.0154581312324353,-5.673312153122081,9.21158097072862,5.46412600301494,2.0653767835068493,-1.024407672794041,-3.8500313945212383,-8.457145656893205,-5.988488311913898,-3.060170366552484,0.2387187025288995,3.8371885115259374
28,Fe_AQIYII_comp_0_21111,Fe,14.298274284280977,11.178874760038298,3.964398716265123,-4.4824341991932215,-24.87313599011145,2.900229924753148,-7.357016878457898,-16.27973102113856,-24.003418857146244,-30.674012499777064,-1.2662611240034494,-12.492278461450043,-22.25601725803699,-30.64546073703241,-37.84409295459909,-5.400685223864912,-14.260218257646784,-22.62614056051689,-30.52222349782369,-37.9693286879774,-13.206809293737932,-20.752495082466567,-27.28692443802743,-33.00144692262734,-38.04031825181711,-30.40706307297796,-33.59208841398754,-34.900469372304315,-34.78634724922813,-33.61812732291355,-14.144512012306905,28.442786296587887,25.3233867723452,18.108910728572027,9.662077813113685,-10.728623977804546,17.044741937060053,6.7874951338490055,-2.1352190088316547,-9.85890684483934,-16.52950048747016,12.878250888303452,1.6522335508568629,-8.111505245730086,-16.500948724725507,-23.69958094229219,8.743826788441991,-0.1157062453398794,-8.481628548209981,-16.377711485516784,-23.82481667567049,0.9377027185689712,-6.607983070159662,-13.142412425720522,-18.856934910320437,-23.8958062395102,-16.262551060671058,-19.447576401680635,-20.75595735999741,-20.641835236921228,-19.47361531060665
29,Fe_AQIYOO_comp_1_3111,Fe,-24.12649658406053,-29.608183270937616,-30.84111138130652,-39.80652902728821,-60.238410598975626,-32.70141279721201,-40.44970667945449,-47.24157932400544,-53.180621782054224,-58.38052561949439,-39.15544481720075,-47.718522381002224,-55.12845749666667,-61.523663886564464,-67.05790484081264,-38.297076975794646,-45.73068645643502,-52.83944471478094,-59.59811018679488,-66.01433565313414,-46.23210485385472,-51.95157311102776,-57.04763754516421,-61.58549976269114,-65.62453506390398,-62.68572764669784,-63.61271975465911,-63.36283350579152,-62.17577349414454,-60.2490878833794,-56.715966274987295,32.58946969092676,27.10778300404968,25.874854893680773,16.90943724769909,-3.5224443239883385,24.014553477775284,16.2662595955328,9.474386950981852,3.5353444929330635,-1.6645593445070972,17.560521457786535,8.997443893985064,1.5875087783206254,-4.807697611577169,-10.34193856582533,18.41888929919264,10.985279818552272,3.876521560206356,-2.8821439118075887,-9.298369378146845,10.483861421132588,4.764393163959539,-0.331671270176912,-4.869533487703848,-8.908568788916682,-5.969761371710549,-6.896753479671816,-6.64686723080422,-5.459807219157256,-3.533121608392093
30,Fe_BQIFEC10_comp_0_21111,Fe,9.367242034197716,6.5827899670722445,4.057013931752636,3.0187788475785737,-19.266507065109977,4.219266559330208,-7.909886360976657,-19.177058268169844,-29.080469591891077,-37.13875718492204,1.4045717245880949,-11.371136260434016,-23.3891063771182,-34.142705829814304,-43.16209069756837,-7.324510796352115,-18.353786572764648,-28.70735326092017,-38.12840585299909,-46.33661612976936,-8.216596198387832,-18.42671123910577,-27.58147463526825,-35.36059086584885,-41.516108296811474,-16.516558196856295,-23.667416699966,-29.091671294813757,-32.47438377941989,-33.75460372843577,-32.395628122433784,41.76287015663149,38.97841808950603,36.452642054186406,35.41440697001235,13.129121057323802,36.61489468176399,24.48574176145712,13.218569854263931,3.315158530542704,-4.743129062488264,33.80019984702187,21.024491861999763,9.006521745315581,-1.7470777073805266,-10.766462575134597,25.071117326081666,14.04184154966913,3.688274861513605,-5.732777730565318,-13.940988007335587,24.179031924045944,13.968916883328006,4.814153487165528,-2.964962743415072,-9.12048017437769,15.879069925577486,8.72821142246778,3.303956827620027,-0.078755656986118,-1.3589756060019909
31,Fe_CACDIW_comp_0_111111,Fe,-10.094830095250131,-17.33821531131582,-14.917765100076394,-25.506943551393423,-49.30683928245856,-18.294817239131483,-25.611222381965035,-32.086993993726765,-37.85053682891317,-42.96730197250042,-26.058398056065933,-33.813215251028055,-40.66290562108861,-46.70477823270119,-52.0504077983304,-22.88252094822837,-30.47625505081385,-37.671722802652994,-44.49557540009379,-50.97719347210955,-31.33228016943008,-36.61584498622119,-41.355752249235714,-45.601921820226615,-49.41539973923625,-49.549046721393786,-48.86707496515214,-47.39517233599372,-45.26946513395558,-42.61991731369619,-43.31478260497363,33.2199525097235,25.97656729365781,28.39701750489723,17.80783905358021,-5.992056677484925,25.01996536584216,17.703560223008594,11.227788611246863,5.464245776060466,0.3474806324732071,17.256384548907704,9.501567353945576,2.6518769838850176,-3.389995627727558,-8.735625193356782,20.43226165674525,12.838527554159784,5.643059802320637,-1.1807927951201689,-7.662410867135918,11.982502435543552,6.698937618752439,1.9590303557379232,-2.287139215252978,-6.10061713426262,-6.2342641164201495,-5.552292360178512,-4.080389731020091,-1.9546825289819485,0.6948652912774378
32,Fe_CACDOC_comp_1_111111,Fe,-10.841076942850805,-18.071953127929987,-15.772626944300328,-26.37925559855773,-50.772073677321714,-19.01104027392193,-26.295771105068297,-32.7409094383205,-38.47531209519673,-43.56494099748488,-26.765377594832103,-34.490078982433374,-41.3103296792201,-47.32460591498466,-52.6449543264249,-23.741611092565908,-31.301806508938625,-38.45838872900742,-45.24133722257545,-51.67747878582815,-32.156584862873395,-37.370185548415975,-42.044040044497706,-46.22966125972312,-49.98800727834123,-50.96276869489429,-50.1934432875521,-48.605401877226775,-46.39172598300036,-43.62966244878636,-43.58237370508847,32.741296762237646,25.51042057715847,27.80974676078813,17.203118106530724,-7.1896999722332575,24.57133343116652,17.28660260002016,10.841464266767955,5.107061609891731,0.0174327076035751,16.816996110256355,9.092294722655083,2.2720440258683543,-3.742232209896201,-9.062580621336451,19.840762612522557,12.280567196149834,5.123984976081033,-1.6589635174869954,-8.0951050807397,11.42578884221507,6.212188156672482,1.5383336605907516,-2.6472875546346586,-6.4056335732527705,-7.380394989805835,-6.611069582463642,-5.023028172138312,-2.8093522779118985,-0.0472887436978908
33,Fe_CEHHON_comp_0_111111,Fe,-0.1042313997493238,-5.341998424326562,-7.339314999314864,-16.562779514988506,-41.33152462002215,-11.127830265385228,-20.21350226413517,-27.82649464413509,-34.22803809037134,-39.7549207034524,-17.3379000054598,-27.19068683646753,-35.3637163774789,-42.23787823054749,-48.106854909985934,-16.799435855994602,-25.4019173994817,-33.27656818066657,-40.55941650546856,-47.35376936647867,-24.417000732911447,-31.007277798280484,-36.64645325902029,-41.52526397800728,-45.80999719992917,-43.6700877525368,-44.27686738032833,-43.55457761742116,-41.89375470811683,-39.52406906114789,-39.44509238753028,39.34086098778096,34.10309396320372,32.10577738821541,22.88231287254177,-1.8864322324918703,28.317262122145053,19.231590123395108,11.618597743395185,5.217054297158938,-0.3098283159221182,22.10719238207048,12.254405551062744,4.081376010051372,-2.7927858430172137,-8.66176252245566,22.64565653153568,14.043174988048577,6.168524206863707,-1.1143241179382812,-7.908676978948393,15.028091654618835,8.437814589249799,2.79863912850999,-2.080171590476993,-6.3649048123988905,-4.224995365006522,-4.831774992798046,-4.109485229890879,-2.44866232058655,-0.0789766736176034
34,Fe_DETTUR_comp_0_33,Fe,19.196730211239128,13.50050517945192,6.823265947217577,-12.290853920294468,-39.71425517389776,8.008948943653422,-2.7873962647049666,-13.194697703037267,-23.25971804132677,-32.77252411759264,1.9075945994256929,-9.179116058065803,-19.783667266561903,-29.993597376510483,-39.80056824125313,-2.7986434714546253,-12.179043491046286,-21.359582632152296,-30.3277709264296,-38.56904609924982,-20.732660916382887,-28.70281382354392,-36.258034321432426,-43.41959576369391,-50.07595627711112,-45.05751217684521,-49.44482751139503,-52.84764112926496,-55.150834044426354,-56.26378841668839,-32.972109862353136,52.16884007359226,46.47261504180506,39.79537580957072,20.681255942058677,-6.7421453115446175,40.98105880600656,30.184713597648173,19.777412159315872,9.712391821026358,0.1995857447604976,34.87970446177883,23.792993804287327,13.18844259579123,2.9785124858426566,-6.828458378899995,30.173466390898515,20.79306637130685,11.61252723020084,2.6443389359235425,-5.596936236896682,12.239448945970253,4.269296038809216,-3.2859244590792964,-10.44748590134077,-17.10384641475798,-12.085402314492054,-16.472717649041893,-19.87553126691182,-22.17872418207321,-23.29167855433525
35,Fe_EMEBEF_comp_0_111111,Fe,-29.029086789855118,-31.86273275299868,-35.89235924293462,-55.52976959433522,-89.2909494305394,-36.0081063060187,-43.50105721401236,-51.34147430115832,-59.341408974909776,-67.2868468508824,-43.255204730616015,-51.14271243121493,-59.34847003417588,-67.67864564621732,-75.92510699847196,-43.42010113783204,-51.46126768343322,-59.72111021353725,-68.10309742059644,-76.47177525856024,-61.123982647858384,-66.77842407562366,-72.4184428601933,-77.92970754425085,-83.19913124535503,-90.05477307793797,-90.16692861983302,-89.57399713652704,-88.24751680113991,-86.19335044782133,-73.219594030125,44.19050724026988,41.35686127712631,37.32723478719039,17.689824435789774,-16.071355400414404,37.21148772410629,29.71853681611265,21.87811972896668,13.878185055215225,5.932747179242598,29.96438929950898,22.076881598910063,13.871123995949118,5.540948383907676,-2.705512968346966,29.799492892292964,21.75832634669177,13.498483816587736,5.116496609528554,-3.2521812284352336,12.095611382266616,6.4411699545013335,0.8011511699316998,-4.710113514125851,-9.97953721523004,-16.835179047812968,-16.94733458970802,-16.35440310640206,-15.027922771014914,-12.973756417696336
36,Fe_EVOKOP_comp_1_111111,Fe,-15.469531263067893,-21.01911654739069,-27.70399018890885,-44.59770167645957,-77.2984689174018,-26.238007684557942,-35.13400965189021,-43.76347360920364,-52.23882489614198,-60.52570314775949,-32.39384407133912,-41.72430726987841,-50.77814340607802,-59.64854850202755,-68.32130146017789,-36.17601396899545,-44.485588346833545,-52.825616715999786,-61.238752067292815,-69.63665541182081,-51.84169232117938,-58.591630858609285,-64.80410196570801,-70.64143041638091,-76.18349410525298,-80.40587872505057,-82.2438973228418,-82.79493231880906,-82.28327295032841,-80.84536401169544,-61.60275806509162,46.13322680202373,40.58364151770093,33.898767876182774,17.005056388632056,-15.695710852310183,35.36475038053368,26.468748413201407,17.839284455887988,9.363933168949645,1.0770549173321342,29.208913993752503,19.87845079521321,10.824614659013603,1.9542095630640688,-6.7185433950862725,25.42674409609617,17.117169718258086,8.777141349091835,0.3640059977988129,-8.03389734672919,9.76106574391224,3.0111272064823424,-3.201343900616393,-9.03867235128928,-14.580736040161357,-18.80312065995895,-20.641139257750183,-21.192174253717443,-20.68051488523679,-19.242605946603817
37,Fe_EYEWOV_comp_0_33,Fe,-6.389174747477568,-13.332725619573582,-12.248218960156692,-22.55582565962186,-45.53899773392232,-15.262471690396636,-23.165577776839537,-30.100589203461823,-36.33375696884116,-41.783503666793536,-22.82420596233521,-31.24354893483598,-38.65248003586429,-45.155858588989865,-50.87787025083286,-20.666868833706644,-28.64103242633973,-36.1741403756821,-43.291813789940655,-50.02546684371225,-28.930557212711392,-34.68116220381205,-39.81082864705911,-44.39064750924842,-48.48251233968143,-46.839044416264535,-46.9835310837584,-46.15585369110022,-44.531846694636094,-42.2622235568565,-40.186016777492455,33.79684203001489,26.85329115791887,27.937797817335767,17.63019111787059,-5.35298095642986,24.923545087095818,17.020439000652914,10.085427574030634,3.852259808651297,-1.5974868893010807,17.361810815157238,8.94246784265647,1.5335367416281542,-4.969841811497417,-10.691853473340416,19.519147943785807,11.54498435115272,4.011876401810355,-3.1057970124481926,-9.839450066219795,11.255459564781065,5.504854573680404,0.3751881304333437,-4.2046307317559695,-8.296495562188966,-6.653027638772072,-6.797514306265953,-5.9698369136077645,-4.345829917143647,-2.076206779364042
38,Fe_GEQPOH_comp_0_33,Fe,-1.9849636049400488,-7.999065848979398,-10.055356158900397,-19.901482136150435,-41.34290003616457,-12.12078429599046,-21.083777718238245,-28.95579184007943,-35.855685661512105,-41.89398657675952,-19.003489610604447,-28.65571434771028,-37.10000574896867,-44.43357364585381,-50.80678364624305,-18.95476960276824,-27.44901028819868,-35.48794196453514,-43.06320833889004,-50.19787289561236,-27.150684197722512,-33.66662081363529,-39.47521930172343,-44.63821186730684,-49.220504679296944,-44.31235992806933,-45.7734061581391,-45.970654139418905,-45.12964300643944,-43.45649272932974,-38.15506408246621,36.17010047752615,30.1559982334868,28.0997079235658,18.25358194631576,-3.187835953698368,26.034279786475736,17.071286364227944,9.199272242386767,2.299378420954099,-3.73892249429332,19.15157447186175,9.499349734755924,1.0550583334975272,-6.278509563387615,-12.651719563776853,19.200294479697963,10.706053794267516,2.6671221179310582,-4.908144256423839,-12.042808813146165,11.004379884743685,4.488443268830906,-1.3201552192572308,-6.483147784840639,-11.06544059683074,-6.15729584560313,-7.618342075672898,-7.815590056952715,-6.974578923973239,-5.301428646863542
39,Fe_GESJOG_comp_0_3111,Fe,6.656043209512745,2.8817251557234163,-5.407332796107767,-12.614381953125074,-29.86116949425309,-4.722499732333746,-14.39299261297606,-22.53407173451933,-29.59968257210903,-35.94473646072743,-9.191026174886474,-19.58946307524684,-28.45072744426033,-36.20321697456121,-43.16051609185934,-14.067097288236711,-21.921374822190952,-29.27706442149201,-36.41148503624549,-43.46217228105729,-20.64709813276977,-27.39796687532248,-33.08956763314427,-38.30088557487443,-43.13407928051674,-34.998039315057675,-38.070950698377146,-39.62123289070973,-39.939059520547744,-39.23726184780549,-25.538230312449738,32.194273521962494,28.41995546817316,20.13089751634197,12.923848359324666,-4.322939181803348,20.815730580116,11.14523769947368,3.0041585779304114,-4.061452259659291,-10.406506148277684,16.347204137563267,5.948767237202902,-2.9124971318105963,-10.664986662111462,-17.622285779409594,11.471133024213032,3.6168554902587857,-3.7388341090422728,-10.873254723795752,-17.92394196860755,4.891132179679972,-1.8597365628727405,-7.551337320694529,-12.762655262424689,-17.595848968067006,-9.459809002607926,-12.532720385927403,-14.083002578259991,-14.400829208098006,-13.699031535355743
40,Fe_GLYCFE_comp_2_111111,Fe,-21.676941731780055,-29.484384243683053,-24.588826934858613,-35.15396492904414,-59.56588290264449,-28.62474412709389,-34.79603003112743,-40.31441771423829,-45.22254425246389,-49.618643087313785,-36.901814764440815,-43.48776564230093,-49.31475196964016,-54.47750670753408,-59.07415297708212,-31.841272617778028,-38.74754654205049,-45.316657959485845,-51.58561491089132,-57.580868577179,-40.186247389293605,-44.684150544051136,-48.706759064881446,-52.29604393576892,-55.52371969225761,-58.69087341788258,-57.02067931109127,-54.698447471676,-51.852602786568696,-48.5869514124829,-49.89680894258413,28.219867210804072,20.41242469890108,25.30798200772552,14.74284401353998,-9.66907396006036,21.27206481549024,15.1007789114567,9.58239122834584,4.674264690120253,0.2781658552703448,12.994994178143315,6.4090433002832015,0.582056972943974,-4.580697764949947,-9.177344034497992,18.055536324806106,11.149262400533646,4.580150983098291,-1.6888059683071788,-7.68405963459486,9.710561553290518,5.212658398532994,1.190049877702677,-2.3992349931847907,-5.626910749673471,-8.794064475298455,-7.123870368507142,-4.8016385290918615,-1.9557938439845657,1.309857530101226
41,Fe_HIYRUE_comp_0_111111,Fe,19.07498178578521,15.706156855044355,9.112159549308672,-8.09506995380957,-35.874547809556816,7.678118632720724,-2.920928336533848,-13.030210730247516,-22.20448261159561,-30.97427065701652,3.7647887896110888,-7.416698194625724,-17.503975132136702,-27.029268067671524,-36.00284352716528,-0.1469471861116744,-9.033439723506262,-17.615249345905113,-25.96042859008548,-34.050342405812444,-19.241427085464693,-27.60088335400269,-34.84957718218993,-42.01334925546519,-48.366515988950034,-44.1258342940057,-48.64737722527195,,-53.9821262619961,-55.44043877527884,-33.29659011251124,52.37157189829645,49.0027469675556,42.408749661819904,25.201520158701676,-2.5779576970455764,40.974708745231965,30.37566177597739,20.26637938226372,11.092107500915631,2.3223194554947213,37.06137890212233,25.87989191788552,15.792614980374534,6.267322044839716,-2.706253414654043,33.149642926399565,24.263150389004974,15.681340766606128,7.336161522425756,-0.7537522933012042,14.055163027046548,5.69570675850855,-1.5529870696786932,-8.716759142953947,-15.069925876438788,-10.82924418149446,-15.350787112760711,,-20.685536149484847,-22.143848662767603
42,Fe_JOWGEH_comp_0_222,Fe,2.5122361200544674,-3.2433269961643414,-6.446550152372764,-17.88267043055953,-42.880598594998666,-9.177857737547583,-18.46031584864704,-26.065301552861232,-32.50496722699495,-38.08677661491288,-16.064271589306145,-26.11690541861208,-34.29312584213676,-41.154205567595454,-47.0497251772349,-15.809350502330515,-24.253065068828622,-32.04238026964845,-39.30473404339296,-46.131603227577216,-24.96140279928909,-30.92034085870296,-36.04391172440501,-40.57203458489994,-44.61094959714728,-44.47143876355312,-44.27657756813801,-43.05735420446922,-41.13344216459495,-38.66249308644001,-34.80255999245173,37.3147961125062,31.55923299628739,28.35600984007897,16.919889561892205,-8.07803860254694,25.624702254904147,16.342244143804688,8.737258439590505,2.297592765456784,-3.2842166224611447,18.73828840314559,8.685654573839656,0.5094341503149735,-6.3516455751437215,-12.24716518478317,18.993209490121213,10.549494923623117,2.7601797228032865,-4.502174050941222,-11.329043235125482,9.841157193162646,3.8822191337487766,-1.241351731953273,-5.769474592448205,-9.808389604695549,-9.66887877110139,-9.474017575686275,-8.254794212017487,-6.33088217214322,-3.8599330939882734
43,Fe_KAWTUX_comp_2_33,Fe,14.91650605618588,10.074942697954157,2.087657541508179,-10.915251093153984,-31.613430673344283,3.654545634615261,-6.953774465100651,-16.86452935764237,-26.05881128056353,-34.79262856509422,-1.5590975018949391,-12.517176127735183,-22.672990856995053,-32.313124982908896,-41.513989321490506,-8.345690385892794,-18.718956331056237,-27.827719743031597,-36.09235124270754,-44.109262759550354,-19.61985705264169,-27.56971709064828,-34.84593844604888,-41.53710277331584,-47.664425592265616,-37.61802105052311,-42.76568285347139,-47.06534071970054,-50.44356224143485,-52.9424682739841,-29.782293304751875,44.69879936093776,39.85723600270603,31.869950846260053,18.86704221159789,-1.831137368592408,33.43683893936713,22.828518839651228,12.917763947109506,3.723482024188343,-5.0103352603423446,28.22319580285693,17.26511717701669,7.109302447756817,-2.5308316781570284,-11.731696016738624,21.43660291885908,11.06333697369564,1.9545735617202808,-6.310057937955662,-14.326969454798473,10.162436252110185,2.212576214103592,-5.063645141297002,-11.754809468563964,-17.882132287513738,-7.835727745771238,-12.983389548719517,-17.283047414948673,-20.661268936682973,-23.16017496923223
44,Fe_KIJNEW_comp_4_6,Fe,-2.096121537824729,-8.077873159170395,-9.783137938557047,-19.39114753742388,-40.99648756404349,-12.371195899480655,-21.40907883672412,-29.299790932487888,-36.18325363216286,-42.18939750484992,-19.225201069286864,-28.94799756409157,-37.39462706041196,-44.705966399238825,-51.03770283068911,-18.935143866352742,-27.563878355354067,-35.66432615871463,-43.262259857943945,-50.40032634154613,-26.915115658695186,-33.60097542615222,-39.51142652887938,-44.734711646523245,-49.35735637436096,-44.11816164957372,-45.66904217723164,-45.90657611450524,-45.07848871243255,-43.40377705719675,-38.75157122998417,36.65544969215944,30.67369807081377,28.96843329142712,19.36042369256029,-2.244916334059326,26.38037533050351,17.342492393260045,9.45178029749627,2.5683175978213058,-3.4378262748657566,19.526370160697297,9.8035736658926,1.3569441695722162,-5.954395169254668,-12.286131600704946,19.816427363631423,11.1876928746301,3.0872450712695354,-4.51068862795978,-11.648755111561966,11.83645557128898,5.150595803831948,-0.7598552988952179,-5.983140416539071,-10.605785144376796,-5.366590419589556,-6.917470947247466,-7.155004884521077,-6.32691748244838,-4.652205827212583
45,Fe_KUNKEJ_comp_0_111111,Fe,-18.498051579725825,-24.03781105275584,-26.403298147904483,-43.61938356360042,-71.08757683471822,-26.41571051566416,-33.96744143592286,-41.43452524946497,-48.62193597552505,-55.85578681486823,-32.370466315256856,-40.32846351428248,-47.93210652965513,-55.50911272652456,-63.07464783848332,-33.933473222655266,-41.39855125808253,-48.81021032630088,-56.74258602019222,-62.78683113213675,-49.83658916434479,-55.8016988464226,-61.52299269181185,-66.95920859854937,-72.3275477014647,-73.27468662129604,-74.66145520318037,-75.45821930134025,-75.69421926559698,-75.62095656039105,-56.21117578244707,37.71312420272125,32.17336472969123,29.80787763454259,12.591792218846653,-14.876401052271149,29.79546526678291,22.243734346524207,14.776650532982108,7.589239806922023,0.3553889675788469,23.84070946719021,15.882712268164596,8.279069252791942,0.7020630559225083,-6.863472056036245,22.2777025597918,14.812624524364535,7.400965456146196,-0.5314102377451491,-6.575655349689669,6.374586618102285,0.4094769360244753,-5.3118169093647785,-10.748032816102295,-16.116371919017638,-17.06351083884897,-18.45027942073329,-19.24704351889318,-19.483043483149917,-19.40978077794398
46,Fe_LELJAQ_comp_0_111111,Fe,-11.503388521880426,-16.943963734593126,-17.66107408851667,-40.9467731418772,-70.31143931347515,-19.306538054627254,-27.29555867737417,-35.42343182783043,-43.441438728934834,-51.26105156223503,-25.04556598534918,-33.21338405985671,-41.37719242951107,-49.40218568649697,-57.24899111565037,-24.671919656618687,-32.021149839231384,-39.60790059913053,-46.96415190629296,-53.70722516466913,-47.30764714920953,-53.39086063916965,-59.263307220796825,-64.8748876384343,-70.19172215395201,-73.59588152907462,-75.97841492232645,-77.41362257992931,-77.78648987864472,-77.0214784955988,-58.31901165944828,46.81562313756786,41.375047924855146,40.65793757093161,17.372238517571073,-11.992427654026868,39.01247360482103,31.023452982074105,22.89557983161785,14.877572930513454,7.057960097213254,33.27344567409909,25.10562759959157,16.94181922993721,8.916825972951301,1.0700205437979091,33.647092002829595,26.29786182021689,18.71111106031776,11.354859753155324,4.611786494779153,11.011364510238764,4.9281510202786185,-0.9442955613485536,-6.555875978986022,-11.872710494503734,-15.276869869626353,-17.659403262878186,-19.09461092048105,-19.46747821919644,-18.702466836150503
47,Fe_LOJJEZ_comp_0_411,Fe,,,9.026952898855145,-7.955316918905737,-32.098691252471106,8.607928306020085,-1.180033356081367,-8.445628978269044,-13.953800075812524,-18.47418137803743,3.8294803091366703,-6.473900454800514,-13.749198784583992,-19.12978650831178,-23.723948156676894,9.225893731960468,2.551745975762288,-3.688175114466503,-8.869376037936261,-14.107683357841552,-6.3108585478642,-13.22761773672255,-18.54665945914917,-22.700231538700567,-26.36014271269687,-25.12761349064249,-27.61688498751369,-28.10898945812937,-27.35065940612685,-25.694991953907905,-27.21255028512928,,,36.239503183984425,19.25723336622355,-4.886140967341817,35.82047859114937,26.032516929047915,18.76692130686024,13.25875020931676,8.738368907091854,31.04203059426595,20.738649830328765,13.463351500545285,8.082763776817501,3.4886021284523845,36.43844401708975,29.76429626089157,23.52437517066278,18.34317424719302,13.10486692728773,20.90169173726508,13.984932548406732,8.665890825980114,4.5123187464287176,0.852407572432412,2.0849367944867936,-0.4043347023844035,-0.8964391730000898,-0.1381091209975693,1.5175583312213805
48,Fe_MENXIN_comp_1_2211,Fe,-19.30297156440247,-24.200488057034587,-21.017022218804872,-43.74244755100676,-71.14168891043731,-26.10210708966065,-32.84906910532755,-39.69224458260783,-46.51155103671158,-53.41045370426855,-31.15844919096048,-38.10426161448618,-45.07765768550371,-51.79744513654896,-58.72029399555458,-27.695911025512032,-34.6009531851621,-41.87879582047799,-49.90801214946487,-56.12247518930417,-51.83194035635324,-57.0448916938426,-62.3270839928864,-67.26240474863175,-71.92582830267611,-73.94251414521477,-76.33319522162766,-78.05056778680523,-79.28585209252333,-79.91180455248012,-61.05136251982685,41.748390955424384,36.850874462792255,40.034340301021984,17.30891496882009,-10.090326390610471,34.949255430166204,28.202293414499305,21.359117937219025,14.539811483115272,7.640908815558305,29.89291332886637,22.94710090534068,15.973704834323144,9.253917383277894,2.3310685242722684,33.35545149431482,26.450409334664755,19.172566699348863,11.143350370361986,4.928887330522684,9.21942216347361,4.006470825984252,-1.275721473059548,-6.2110422288048985,-10.874465782849256,-12.891151625387918,-15.281832701800797,-16.999205266978382,-18.234489572696475,-18.86044203265328
49,Fe_MICYFE10_comp_1_111111,Fe,15.198787057166786,10.659449071982865,6.468069754503176,-3.77791928871261,-27.627651534631923,3.606110455405087,-6.134538409086191,-14.32921381479332,-21.291241533748455,-27.278737627416376,-1.8675648436362733,-12.390289697016216,-21.22705737970364,-28.69376870045812,-35.086002359234946,-3.1765583984133627,-12.024467056562573,-20.174657992407678,-27.735728937943808,-34.786736509985296,-11.91775782277432,-18.80404307349181,-24.716834441112493,-29.846550355320005,-34.34147658739221,-30.56333596901481,-31.664182267278424,-31.510903345823635,-30.29120281753876,-28.301736950280656,-23.890525752445917,39.089312809612686,34.549974824428766,30.35859550694909,20.1126064637333,-3.7371257821860127,27.496636207851,17.755987343359717,9.56131193765259,2.5992842186974485,-3.3882118749704664,22.022960908809644,11.500236055429694,2.6634683727422725,-4.803242948012212,-11.195476606789043,20.713967354032548,11.86605869588334,3.7158677600382366,-3.8452031854978936,-10.896210757539391,11.97276792967159,5.086482678954098,-0.826308688666586,-5.956024602874094,-10.450950834946298,-6.672810216568905,-7.77365651483251,-7.620377593377725,-6.40067706509285,-4.411211197834747
50,Fe_NAXPAD_comp_0_33,Fe,-1.7043359048693674,-8.102261256328804,-8.812223365077898,-18.98129069796937,-41.07994897139861,-11.322288194014616,-19.847556612867265,-27.243311263104037,-33.973718034602605,-39.79789422037243,-18.46946212400553,-27.611391474014223,-35.617977746495626,-42.6185826514336,-48.73708721910703,-17.53364731952388,-25.82400570640857,-33.66271838846046,-41.06088688581963,-48.04611623611096,-25.81801743422375,-31.959201135003923,-37.44568910576049,-42.33144613419654,-46.68395705194372,-43.27370643351742,-44.13725135285064,-43.87825305169599,-42.69402794863026,-40.76248029499311,-36.51101973006234,34.806683825192984,28.40875847373355,27.69879636498445,17.529729032092973,-4.568929241336264,25.18873153604773,16.66346311719508,9.267708466958313,2.537301695459746,-3.286874490310084,18.041557606056813,8.899628256048116,0.8930419835667179,-6.107562921371255,-12.22606748904468,18.977372410538464,10.687014023653774,2.848301341601882,-4.549867155757283,-11.535096506048603,10.693002295838596,4.551818595058421,-0.9346693756981496,-5.820426404134196,-10.172937321881363,-6.762686703455074,-7.626231622788283,-7.367233321633647,-6.183008218567919,-4.251460564930767
51,Fe_NEJBOT_comp_0_111111,Fe,-18.122710133174,-25.74180584093256,-21.499895005908908,-32.14797706185664,-56.41266920262751,-25.474084299100923,-31.91422891303773,-37.64349665645909,-42.72222749441312,-47.26027353182644,-33.64859652018367,-40.55308811190572,-46.61284403399236,-51.962065232098674,-56.71771166019197,-29.038452592725434,-36.14597254585078,-42.86202642992862,-49.244950920749496,-55.34056513032056,-37.50841932172648,-42.189961761492896,-46.3879033737544,-50.143971438511706,-53.53208933015708,-56.172766774102456,-54.95584974645567,-52.98231087524073,-50.41164783706108,-47.37719498754929,-47.64964421990272,29.52693408672872,21.907838378970155,26.1497492139938,15.501667158046072,-8.7630249827248,22.17555992080179,15.73541530686498,10.00614756344362,4.927416725489593,0.3893706880762693,14.001047699719038,7.096556107997003,1.0368001859103515,-4.312421012195955,-9.06806744028927,18.61119162717728,11.503671674051928,4.787617789974092,-1.595306700846777,-7.690920910417844,10.141224898176231,5.459682458409816,1.2617408461483135,-2.4943272186089867,-5.882445110254366,-8.523122554199746,-7.306205526552957,-5.332666655338016,-2.7620036171583706,0.2724492323534377
52,Fe_NOZZOU_comp_1_111111,Fe,-12.13637978720385,-19.13476878992697,-17.105059606261648,-27.86706754708007,-53.22032517280946,-20.5085151298681,-27.577948635629355,-33.69620040394693,-39.01409083670501,-43.71755200746975,-28.150743639018856,-35.765247776944314,-42.26660362290317,-47.89166443168256,-52.83489388835732,-24.9693281018267,-32.2748173262994,-39.113879912450784,-45.56765302907706,-51.70490744031896,-33.5073147607784,-38.4254067185816,-42.73409868895328,-46.5573790814392,-49.98917609844512,-52.746209256488335,-51.418170414920034,-49.234398476706936,-46.53303493820772,-43.40988734217035,-42.0047928976328,29.868413110428943,22.870024107705827,24.89973329137115,14.137725350552726,-11.215532275176656,21.49627776776469,14.426844262003444,8.308592493685865,2.990702060927788,-1.712759109836952,13.85404925861394,6.23954512068849,-0.2618107252703794,-5.88687153404976,-10.830100990724532,17.035464795806092,9.729975571333398,2.890912985182013,-3.562860131444268,-9.700114542686151,8.497478136854397,3.5793861790511983,-0.7293057913204848,-4.5525861838063975,-7.984383200812317,-10.741416358855531,-9.413377517287245,-7.229605579074132,-4.528242040574924,-1.4050944445375535
53,Fe_NUBTOW_comp_0_111111,Fe,-11.926830531027688,-18.931086170099437,-16.89520048478812,-27.53377618177751,-53.274853757735634,-20.31021787438817,-27.382639276121377,-33.504263644350665,-38.82607177528371,-43.53368931427781,-27.957528989044253,-35.575448432955454,-42.08056299812142,-47.709823452197504,-52.65763379219948,-24.785572176958794,-32.10668967239599,-38.95423123195201,-45.41129828981411,-51.547940520356406,-33.220794957659336,-38.15913838203983,-42.48671943615818,-46.32952117687296,-49.78125158067429,-52.78040827231621,-51.42778008114419,-49.21375696179553,-46.48933898695077,-43.33930176135482,-41.75109904014903,29.824268509121342,22.820012870049595,24.85589855536091,14.217322858371515,-11.523754717586598,21.440881165760857,14.368459764027648,8.246835395798369,2.9250272648653217,-1.7825902741287791,13.79357005110478,6.175650607193575,-0.3294639579723935,-5.958724412048468,-10.906534752050447,16.965526863190235,9.644409367753044,2.796867808197021,-3.660199249665084,-9.796841480207377,8.530304082489693,3.591960658109201,-0.7356203960091534,-4.57842213672393,-8.03015254052525,-11.02930923216718,-9.676681040995163,-7.462657921646496,-4.738239946801741,-1.5882027212057892
54,Fe_PAZXAP_comp_0_6,Fe,10.413785681956824,3.767677543200989,4.491032923671128,-5.256189381813102,-27.31828996804893,1.3379354794267329,-6.8572837073497785,-14.152747095962468,-20.653023064935496,-26.45600966300094,-5.915450113789119,-14.581541976486962,-22.29210998891289,-29.13657795870449,-35.21257103718767,-4.118923229739266,-12.17482634185217,-19.96699220621622,-27.366115386361123,-34.39745120923136,-11.965368676308117,-17.931814689255816,-23.367246358268403,-28.274393645302784,-32.6965492836257,-29.11498317122664,-29.655809497345448,-29.32431229280041,-28.195696016043712,-26.40233938598385,-22.80726309006241,33.22104877201923,26.57494063326339,27.29829601373353,17.551073708249305,-4.511026877986524,24.14519856948914,15.949979382712629,8.654515994099938,2.15424002512691,-3.6487465729385353,16.891812976273286,8.225721113575446,0.5151531011495081,-6.3293148686420855,-12.405307947125266,18.68833986032314,10.63243674821024,2.840270883846188,-4.55885229629871,-11.590188119168944,10.84189441375429,4.87544840080659,-0.5599832682059969,-5.467130555240374,-9.889286193563294,-6.307720081164233,-6.848546407283036,-6.517049202738007,-5.388432925981307,-3.5950762959214444
55,Fe_QAXDOJ_comp_2_222,Fe,-5.804345082960936,-12.8258179869664,-11.296428214293428,-21.70426905750673,-45.00894817715675,-14.549851229124894,-22.36321511711253,-29.248090359708385,-35.387036844330176,-40.76901683586641,-22.199606801964364,-30.498557696748207,-37.80308507119969,-44.21677771607676,-49.86426734774965,-19.70673772141652,-27.652755450338308,-35.14995180479445,-42.227069514106006,-48.93059822529438,-27.986554016472383,-33.65942456550385,-38.722083328609074,-43.246073135434806,-47.292844830296296,-46.09500418374864,-46.06896250118211,-45.108150700841065,-43.379144912916566,-41.03477491771855,-40.66985441754014,34.8655093345792,27.84403643057373,29.373426203246712,18.9655853600334,-4.339093759616617,26.12000318841524,18.306639300427605,11.421764057831751,5.282817573209968,-0.0991624183262729,18.470247615575765,10.17129672079193,2.866769346340448,-3.5469232985366266,-9.194412930209523,20.96311669612362,13.01709896720183,5.519902612745682,-1.557215096565869,-8.260743807754238,12.683300401067756,7.010429852036282,1.9477710889310629,-2.576218717894676,-6.622990412756168,-5.425149766208506,-5.399108083641976,-4.438296283300929,-2.709290495376422,-0.3649205001784139
56,Fe_RUHLUB_comp_0_411,Fe,16.11888769999723,10.905381988243334,5.689473072784494,-14.151562188743586,-40.117062829947365,6.665104256776432,-2.814943801508889,-12.28894915091928,-21.645787281509,-30.667541114202088,0.9156827365654864,-9.001095946739499,-18.77245044794336,-28.384401381424595,-37.75280184085205,-2.9389151928296537,-11.616785256635463,-20.29329373403357,-28.94545863263033,-37.54608365667309,-21.520137883046573,-28.63226580415585,-35.47983647609385,-42.04371997836689,-48.31182073348259,-44.63451655974268,-48.31131137751528,-51.07154576728932,-52.84598241975573,-53.54684490366822,-31.01796191234598,47.136849612343205,41.92334390058932,36.70743498513048,16.8663997236024,-9.09910091760139,37.683066169122405,28.20301811083709,18.729012761426706,9.37217463083698,0.3504207981438867,31.933644648911468,22.016865965606485,12.245511464402624,2.633560530921386,-6.734839928506062,28.07904671951633,19.401176655710515,10.724668178312411,2.072503279715648,-6.528121744327109,9.497824029299409,2.385696108190132,-4.461874563747871,-11.0257580660209,-17.29385882113661,-13.616554647396695,-17.293349465169285,-20.053583854943327,-21.828020507409743,-22.528882991322234
57,Fe_SANLAU_comp_0_6,Fe,30.85854417851124,25.322517144159065,18.25546364453772,-0.7630195399065087,-28.444155684287576,19.611845377739886,8.784489363156354,-1.6508123451603751,-11.722603021530633,-21.23262217148408,13.669285544590366,2.492736197627892,-8.183087751705216,-18.411974772895974,-28.19144799640185,8.633986264605937,-0.8285937104596997,-10.0648809828283,-19.087344459437645,-27.92229227011944,-9.25113369202336,-17.238971785120608,-24.77211047193577,-31.869596974815973,-38.547674530765335,-33.411961330041315,-37.40165223242229,-40.349004449911945,-42.22394207062962,-42.97816546705803,-21.16180247001239,52.02034664852364,46.484319614171454,39.4172661145501,20.39878293010588,-7.282353214275191,40.77364784775227,29.946291833168743,19.51099012485201,9.43919944848176,-0.0708197014716915,34.83108801460276,23.65453866764028,12.978714718307176,2.749827697116416,-7.02964552638946,29.79578873461833,20.33320875955269,11.09692148718409,2.0744580105747445,-6.760489800107052,11.910668777989027,3.922830684891778,-3.6103080019233857,-10.707794504803587,-17.385872060752945,-12.250158860028932,-16.239849762409904,-19.187201979899555,-21.06213960061723,-21.816362997045644
58,Fe_SASXES_comp_2_111111,Fe,-22.549083821268137,-26.13703058381589,-32.411090670517524,-50.69660023994402,-80.47777238441086,-31.93872461175374,-40.22925259876615,-48.06345180209178,-55.54932964826094,-62.59844687014834,-37.67463844586018,-46.26170368615475,-54.34032597423993,-62.03808663252176,-69.57044090783143,-39.72254160899638,-46.58425149017148,-53.803287695152456,-60.99143324390639,-67.96739431860601,-58.44221641481796,-65.49906665747017,-71.32534518684794,-76.36662844444005,-80.90948454207933,-84.36226721001958,-86.94563348695509,-88.05965103700373,-87.54113131211055,-85.66229371398434,-68.77514581529567,46.22606199402753,42.63811523147979,36.36405514477815,18.07854557535165,-11.70262656911518,36.83642120354192,28.54589321652952,20.711694013203896,13.225816167034733,6.176698945147336,31.100507369435487,22.51344212914092,14.434819841055742,6.737059182773919,-0.7952950925357527,29.05260420629929,22.19089432512419,14.971858120143224,7.7837125713892865,0.8077514966896615,10.332929400477724,3.276079157825506,-2.550199371552253,-7.591482629144366,-12.134338726783652,-15.587121394723908,-18.17048767165943,-19.28450522170806,-18.76598549681489,-16.887147898688678
59,Fe_SEDQOI_comp_0_111111,Fe,16.826357820152108,13.665001645111944,4.441910582584684,-10.277228517553567,-37.450277296574654,4.883621392153259,-6.429300391044421,-17.30290376259461,-27.693678274144418,-37.639621921462094,1.0471406082490375,-10.972131188345315,-22.40740536934709,-33.31585358208372,-43.70986581757053,-6.219197273670147,-16.48645189249578,-26.57820752194482,-36.39765334341462,-45.99021720696783,-20.042320293702005,-29.09834824367636,-37.513285577421705,-45.36681737175287,-52.70901137397004,-44.30289085745471,-49.719103161203286,-53.80621220887292,-56.608081311676976,-58.21272183534745,-32.795754752590945,49.62211257274304,46.46075639770289,37.23766533517562,22.51852623503737,-4.654522543983717,37.67937614474421,26.36645436154652,15.49285098999633,5.102076478446519,-4.8438671688711565,33.84289536083997,21.823623564245626,10.388349383243847,-0.5200988294927811,-10.91411106497958,26.57655747892079,16.30930286009516,6.217547230646119,-3.60189859082368,-13.194462454376891,12.75343445888893,3.6974065089145824,-4.71753082483076,-12.57106261916192,-19.913256621379105,-11.507136104863775,-16.923348408612355,-21.010457456281983,-23.812326559086053,-25.416967082756518
60,Fe_SELFAQ_comp_1_111111,Fe,14.402952646069592,9.898948673098856,5.782454964547128,-4.548429621250988,-28.06438368658064,2.6912821988679525,-7.095270947655762,-15.315136786250603,-22.274802171322108,-28.270348856893285,-2.760579463042064,-13.346947973821557,-22.210099583487025,-29.68782749319757,-36.08184994565193,-3.9644848567792224,-12.872545254653003,-21.062346260092117,-28.65630945896385,-35.72772492163381,-12.719858789946551,-19.623709496643187,-25.563808918753352,-30.71422043200755,-35.22850828942296,-31.041026552949237,-32.21187461936495,-32.086953502427484,-30.91454261299589,-28.970213699122382,-25.91811693013767,40.32106957620728,35.81706560323653,31.700571894684803,21.36968730888668,-2.1462667564429694,28.609399129005624,18.822845982481912,10.602980143887066,3.643314758815563,-2.3522319267556213,23.157537467095608,12.571168956316116,3.7080173466506494,-3.769710563059903,-10.163733015514254,21.95363207335845,13.045571675484664,4.855770670045559,-2.7381925288261755,-9.809607991496136,13.198258140191117,6.294407433494484,0.3543080113843189,-4.796103501869879,-9.310391359285289,-5.122909622811561,-6.293757689227277,-6.16883657228982,-4.9964256828582165,-3.052096768984711
61,Fe_VOBHUP_comp_0_2211,Fe,12.245442228114598,8.047385360246153,0.8121848534449327,-15.596886807996952,-35.699065443760674,2.3108484808733465,-7.1704701484611615,-16.241689454245716,-24.72181111866121,-32.745598015517324,-2.4715478212510797,-12.406239458027814,-21.67702027317545,-30.303867429640828,-38.3017955563912,-7.859666295440775,-16.134216184937028,-23.833146371571274,-30.91739771564903,-37.4595889346972,-23.507498203883877,-30.74256786933006,-37.31730955843432,-43.2276185280648,-48.44252198599521,-41.79295420124277,-46.772072767054176,-50.73597425061507,-53.71671306750386,-55.689667484437,-31.02240837740624,43.26785060552084,39.06979373765239,31.834593230851173,15.425521569409284,-4.676657066354436,33.333256858279576,23.851938228945077,14.78071892316052,6.300597258745028,-1.7231896381110798,28.55086055615516,18.616168919378428,9.345388104230777,0.7185409477654048,-7.279387178984963,23.16274208196546,14.888192192469203,7.189262005834963,0.1050106617572055,-6.437180557290957,7.514910173522368,0.2798405080761768,-6.294901181028081,-12.20521015065856,-17.420113608588967,-10.770545823836526,-15.749664389647933,-19.71356587320884,-22.694304690097624,-24.667259107030763
62,Fe_WABHIR_comp_0_111111,Fe,-29.7096318434842,-36.882087369820056,-31.902128270797903,-42.80322601028956,-65.17166283497431,-36.06042756375928,-41.87196584798471,-47.16203344699125,-51.90523152361948,-56.16826964844108,-43.76339315793416,-50.02995095537813,-55.65488199402125,-60.663039583016605,-65.14692341857767,-38.78244861183021,-45.43374495931516,-51.80480458274928,-57.9081070176494,-63.778420434872494,-47.672862468256206,-52.12331455228991,-56.10447755361975,-59.68415284902562,-62.9229605090029,-64.6164595897801,-63.24173013980612,-61.17715392754235,-58.548750548851565,-55.46362188742819,-55.79912226022316,26.089490416738958,18.9170348904031,23.896993989425248,12.995896249933596,-9.372540574751156,19.73869469646388,13.927156412238446,8.637088813231912,3.89389073660368,-0.3691473882179253,12.035729102288997,5.769171304845032,0.1442402662019049,-4.863917322793442,-9.347801158354514,17.016673648392953,10.365377300907994,3.994317677473873,-2.108984757426242,-7.97929817464933,8.126259791966959,3.675807707933245,-0.3053552933965875,-3.885030588802465,-7.123838248779747,-8.817337329556949,-7.442607879582965,-5.378031667319192,-2.7496282886284007,0.3355003727949679
63,Fe_XILLEK_comp_0_111111,Fe,-18.389172796335057,-25.88753439669404,-21.258995708438988,-31.73618518581748,-55.58537591751929,-25.39536941734127,-31.69937396505248,-37.367220706761366,-42.433677667509066,-46.98170435612383,-33.400004758451594,-40.124707998502345,-46.10368234192378,-51.43024508880785,-56.19769290615751,-28.618053740913183,-35.637464834271675,-42.3256977593735,-48.7083382896151,-54.81922242064684,-36.91473873789846,-41.63550725456389,-45.84379037607732,-49.6271161581717,-53.05100511429714,-55.04027027727489,-53.68814048733157,-51.657800235958575,-49.073855896955365,-46.04140201273253,-45.56081845496578,27.17164565863073,19.673284058271747,24.3018227465268,13.824633269148308,-10.024557462553505,20.165449037624512,13.86144448991331,8.193597748204411,3.1271407874567103,-1.4208859011580444,12.160813696514197,5.436110456463438,-0.5428638869580027,-5.869426633842068,-10.636874451191716,16.942764714052597,9.923353620694115,3.235120695592286,-3.1475198346493016,-9.258403965681056,8.646079717067323,3.925311200401893,-0.2829719211115389,-4.066297703205919,-7.490186659331357,-9.479451822309102,-8.127322032365782,-6.096981780992793,-3.5130374419895816,-0.4805835577667494
64,Fe_XIQFIN_comp_1_111111,Fe,-15.44012083857524,-21.015733805713808,-27.685001793993248,-44.53309912644728,-77.49732341295612,-26.25582541255881,-35.154781280789386,-43.785124162550346,-52.26224589561979,-60.55137928533667,-32.403466155597016,-41.73563485199338,-50.78969054067328,-59.66143202798776,-68.33632159333774,-36.1909617974561,-44.51822058135805,-52.86879921760146,-61.28651479961717,-69.68428358491337,-51.77240354628566,-58.51613754176242,-64.72710133104329,-70.56786576074045,-76.1168336960327,-80.61495980155088,-82.44925201045362,-82.98502217938449,-82.44895834413,-80.9886634316399,-61.551687722505896,46.11156688393066,40.535953916792096,33.86668592851265,17.018588596058635,-15.945635690450215,35.2958623099471,26.396906441716517,17.766563559955554,9.289441826886105,1.000308437169224,29.148221566908887,19.81605287051252,10.761997181832614,1.890255694518146,-6.78463387083184,25.360725925049792,17.033467141147867,8.68288850490444,0.2651729228887234,-8.13259586240747,9.779284176220244,3.0355501807434853,-3.175413608537383,-9.016178038234557,-14.565145973526796,-19.063272079044964,-20.89756428794772,-21.433334456878587,-20.897270621624106,-19.436975709134003
65,Fe_XOPSEB_comp_0_411,Fe,-0.8106965207969097,-6.208274708416753,-7.284428435845029,-17.607004432661594,-39.96942323672556,-10.499944099449293,-18.885829745431124,-26.173295106480627,-32.52567524393271,-38.10586702686635,-16.72918399364221,-25.816854786468756,-33.657597337786456,-40.448386194290144,-46.36486428574244,-15.94780589379866,-24.09449283350625,-31.75062950592689,-38.94751074791941,-45.75000496165558,-24.590044599999032,-30.7523895385674,-36.19886086255293,-41.015832864286494,-45.31474382393753,-42.14453907762106,-42.94323443356575,-42.637466306891845,-41.45516094486766,-39.57009216228754,-33.28432060478747,32.47362408399056,27.076045896370715,25.99989216894244,15.677316172125868,-6.6851026319380935,22.784376505338173,14.398490859356349,7.111025498306844,0.7586453608547572,-4.821546422078882,16.555136611145258,7.467465818318715,-0.3732767329989883,-7.164065589502684,-13.080543680954973,17.33651471098881,9.189827771281218,1.5336910988605723,-5.663190143131943,-12.46568435686811,8.694276004788435,2.531931066220068,-2.914540257765452,-7.731512259499028,-12.030423219150064,-8.860218472833594,-9.658913828778283,-9.353145702104367,-8.170840340080192,-6.285771557500084
66,Mn_AQAWIY_comp_0_411,Mn,-33.74570070819914,-40.59220648081009,-49.80082032305745,-61.58032773467312,-80.09211852986027,-39.15996838661385,-45.85078593405342,-51.98627862072272,-57.5108461053128,-62.47407427543635,-46.42933167499677,-53.67397189776512,-60.17314363136734,-65.99994390193046,-71.20040640650019,-55.966718863838885,-61.61304802343808,-66.79435384901693,-71.54804165202562,-75.92099225154357,-66.1665833270547,-70.29952624010207,-73.65142132169694,-76.32356660304936,-78.40183427222314,-80.63757023397899,-79.89618020770081,-78.01337983859979,-75.13780778464137,-71.41952715567412,-57.51152081477017,23.76582010657103,16.919314333960074,7.710700491712714,-4.068806919902953,-22.580597715090107,18.35155242815631,11.660734880716744,5.5252421940474505,0.0006747094573711,-4.962553460666187,11.08218913977339,3.8375489170050514,-2.6616228165971734,-8.4884230871603,-13.688885591730012,1.5448019509312871,-4.101527208667903,-9.282833034246778,-14.036520837255466,-18.4094714367734,-8.65506251228453,-12.788005425331905,-16.13990050692678,-18.812045788279192,-20.890313457452976,-23.126049419208808,-22.384659392930647,-20.50185902382964,-17.626286969871217,-13.908006340903968
67,Mn_FAMBOL_comp_1_111111,Mn,-42.31121057225039,-51.0673577414633,-57.00256827588476,-68.89636537070885,-99.21403385372685,-51.00767672648658,-58.50691973401525,-65.08710142918403,-71.0102973796978,-76.40925341148204,-60.246237736183154,-68.15626423120932,-75.09826218749367,-81.29609232379835,-86.91873160486807,-64.26351032267803,-70.91925062610584,-77.09114175975913,-82.8872448008508,-88.38548530812261,-74.0526360858422,-78.40373554672567,-82.1343442605928,-85.3888825925162,-88.26843898735547,-97.93303026080764,-95.68843929275828,-92.73012975789754,-89.22355444545643,-85.28930761727794,-85.84827437248691,43.53706380023653,34.78091663102361,28.84570609660216,16.951909001778063,-13.365759481239936,34.840597646000326,27.34135463847167,20.76117294330288,14.837976992789097,9.439020961004871,25.602036636303747,17.692010141277596,10.750012184993238,4.5521820486885645,-1.070457232381159,21.58476404980888,14.929023746381064,8.757132612727787,2.9610295716361184,-2.5372109356356987,11.795638286644705,7.444538825761242,3.7139301118941153,0.4593917799707015,-2.420164614868554,-12.084755888320728,-9.840164920271375,-6.88185538541063,-3.375280072969532,0.558966755208985
68,Mn_FARTOH_comp_0_3111,Mn,-33.82727125518727,,-49.54375540828551,-60.49932390543745,-79.1224660773861,-40.63413722332257,-47.80457606403104,-54.4432486167301,-60.45175593689464,-65.76966641277238,-47.326357019538825,-55.07868257589337,-62.2070467297084,-68.62835423541071,-74.32529114272485,-56.392835228587046,-62.80648392267608,-68.72627224094288,-74.11131695729466,-79.01228318229869,-66.00329208167807,-71.15030463673236,-75.41612382683866,-78.79317284369336,-81.33828426534592,-80.77515707361613,-80.9989557605644,-79.84844212239693,-77.39852418330884,-73.73422694840713,-60.43366218743245,26.606390932245173,,10.88990677914694,-0.0656617180050034,-18.68880388995365,19.79952496410988,12.629086123401407,5.990413570702344,-0.0180937494621957,-5.336004225339933,13.107305167893626,5.354979611539079,-1.7733845422759489,-8.194692047978265,-13.891628955292392,4.0408269588454,-2.3728217352436336,-8.29261005351043,-13.677654769862215,-18.57862099486624,-5.569629894245622,-10.716642449299911,-14.982461639406212,-18.35951065626091,-20.90462207791348,-20.34149488618368,-20.565293573131957,-19.41477993496449,-16.96486199587639,-13.300564760974678
69,Mn_GEGLIP_comp_0_3111,Mn,-4.938348882203059,-10.879532805745384,-16.062460704808927,-23.660377539191018,-45.41696871249769,-14.399593979849216,-22.89342827344001,-30.78393136469004,-38.33332133163879,-45.66874383181643,-21.294735527801556,-30.52822347237452,-39.05995869701371,-47.172663248210256,-54.96391985500054,-25.06837893006036,-33.749595314818066,-42.16085933051829,-50.33244405935591,-58.291861761964576,-31.261978379978927,-38.07050704615847,-44.304473885671314,-50.06808702465492,-55.45497166369387,-48.496764502004346,-50.48114440656776,-51.63189627891143,-52.11182622743421,-52.04926431223669,-35.98736972486392,31.049020842660862,25.107836919118537,19.924909020055,12.326992185672909,-9.429598987633767,21.58777574501471,13.093941451423914,5.203438360173892,-2.345951606774861,-9.681374106952491,14.692634197062375,5.459146252489403,-3.0725889721497883,-11.185293523346331,-18.97655013013661,10.918990794803562,2.2377744100458585,-6.173489605654368,-14.345074334491985,-22.30449203710066,4.725391344884997,-2.083137321294544,-8.317104160807391,-14.08071729979099,-19.467601938829944,-12.509394777140416,-14.493774681703824,-15.6445265540475,-16.124456502570297,-16.061894587372766
70,Mn_LEZMEK_comp_1_111111,Mn,-1.5623310469658236,-7.740762276146711,-12.94753407111557,-20.159383076681934,-42.26660148517397,-10.770627947850926,-19.13175245458035,-26.93667852533736,-34.403251148228826,-41.64897792440968,-17.80680274301062,-26.87308988460984,-35.30174926264181,-43.314245948764665,-51.03806332962165,-21.83673827128814,-30.411815996779985,-38.70737366912124,-46.75301868351369,-54.56380062193148,-27.51993348298697,-34.23927357078526,-40.36830812642848,-46.028112652657,-51.29875874693141,-44.94434979245624,-46.61579435655199,-47.48683692186319,-47.698652339504974,-47.361019550504,-32.26241928502077,30.700088238054946,24.52165700887405,19.3148852139052,12.103036208338835,-10.004182200153195,21.491791337169843,13.130666830440418,5.325740759683413,-2.140831863208064,-9.386558639388909,14.455616542010148,5.3893294004109285,-3.0393299776210374,-11.051826663743896,-18.77564404460088,10.425681013732628,1.8506032882407908,-6.44495438410047,-14.490599398492918,-22.301381336910712,4.742485802033798,-1.9768542857644888,-8.105888841407706,-13.765693367636231,-19.036339461910643,-12.681930507435482,-14.353375071531216,-15.224417636842418,-15.436233054484203,-15.098600265483242
71,Mn_MEDHOS_comp_0_3111,Mn,3.534866150946528,-1.971950972576905,-8.891880411144939,-15.724332307053144,-36.73107555221236,-6.87542184647441,-15.990274716293698,-24.13337526504847,-31.655336926494325,-38.769747015286384,-13.317877753887617,-23.276188558196512,-32.17943552709812,-40.3640135438684,-48.0631148929433,-18.245597316977182,-27.102513750229487,-35.52788902160728,-43.60059690480512,-51.37960497724521,-23.92500329999393,-31.10129045261829,-37.46220105830844,-43.20071301684607,-48.44117186282688,-40.36430555827792,-42.66136077879082,-43.96486207962085,-44.48482271361628,-44.39789154846153,-29.170979667444502,32.705845818391026,27.199028694867597,20.27909925629956,13.446647360391353,-7.560095884767861,22.29555782097009,13.1807049511508,5.0376044023960285,-2.4843572590498297,-9.598767347841886,15.853101913556886,5.89479110924799,-3.0084558596536226,-11.193033876423897,-18.892135225498805,10.925382350467316,2.068465917215008,-6.356909354162781,-14.429617237360617,-22.20862530980071,5.245976367450567,-1.930310785173788,-8.291221390863939,-14.02973334940157,-19.27019219538238,-11.19332589083342,-13.490381111346323,-14.793882412176346,-15.313843046171767,-15.226911881017037
72,Mn_MNACAC_comp_0_2211,Mn,-37.89765970691065,-45.04639669561982,-44.72727635323963,-65.18928320318594,-102.8749091908236,-45.009708840364056,-51.42746820909508,-57.09168853724577,-62.20315785898947,-66.8507440562297,-52.876412710439816,-59.59140646102981,-65.5217107893452,-70.82294205658741,-75.60891997069916,-51.08414435733039,-57.00202394137136,-62.50455751383356,-67.66047172584592,-72.51298219134128,-69.64213152372224,-73.3283679222501,-76.41373153114273,-79.00418191909353,-81.18333924827994,-100.53461376899637,-96.6237614222092,-93.740265571098,-88.68256390540866,-83.83581184735363,-85.40934753496117,47.511687828050526,40.36295083934135,40.68207118172154,20.220064331775237,-17.465561655862416,40.39963869459712,33.98187932586609,28.3176589977154,23.2061896759717,18.558603478731467,32.53293482452136,25.817941073931365,19.887636745615964,14.586405478373766,9.800427564262009,34.32520317763078,28.40732359358981,22.90479002112761,17.748875809115244,12.896365343619893,15.767216011238933,12.080979612711074,8.995616003818439,6.405165615867644,4.2260082866812345,-15.125266234035164,-11.214413887248044,-8.330918036136836,-3.2732163704474715,1.5735356876075457
73,Mn_PUKJIR_comp_0_111111,Mn,-49.41033665522354,-58.18925994864173,-56.81293123623618,-77.91574438970542,-110.72676752470043,-55.17532675919597,-60.39813176808424,-65.16764980988512,-69.56664078818733,-73.65058271063049,-64.16149677810608,-69.57687697272092,-74.48416192406627,-78.96138283648271,-83.11914977152185,-62.01616555034946,-66.96731381119605,-71.69786348639548,-76.2098853568392,-80.53027657886729,-80.72146525294556,-83.08707405612495,-85.09975345683301,-86.81906087653942,-88.29407305491259,-107.905964829352,-104.26805012918636,-99.67513101898248,-94.55204692176947,-89.02060793170222,-91.63308643253232,42.22274977730876,33.44382648389057,34.82015519629613,13.717342042826884,-19.09368109216814,36.45775967333634,31.23495466444808,26.46543662264719,22.066445644344977,17.98250372190182,27.471589654426225,22.056209459811388,17.148924508466052,12.671703596049609,8.513936661010463,29.61692088218285,24.66577262133626,19.935222946136832,15.4232010756931,11.102809853665008,10.911621179586747,8.546012376407361,6.533332975699294,4.814025555992885,3.3390133776197217,-16.272878396819696,-12.634963696654038,-8.042044586450174,-2.9189604892371785,2.6124785008300933
74,Mn_QETLAC_comp_0_2211,Mn,-39.93655755754844,-45.90337828761791,-65.28475327592218,-76.46420052221173,-105.26244252039758,-58.99317817811493,-66.58340012857593,-73.38470391192459,-79.49752491750587,-85.05268735599884,-67.8143997823372,-75.88965616805353,-83.03962966496671,-89.4360882180149,-95.20665184417228,-72.5141697115464,-79.2423715549728,-85.49743528852218,-91.37701703555422,-96.9442088933647,-82.08538939702862,-86.85322895429067,-91.00476536461429,-94.63959480389576,-97.8555473127426,-105.1259833807876,-103.83733227998164,-101.69179673750364,-98.88098795946236,-95.54632549184817,-89.93467924504898,49.99812168750054,44.0313009574311,24.6499259691268,13.470478722837242,-15.327763275348616,30.94150106693405,23.35127911647305,16.549975333124394,10.437154327543114,4.881991889050141,22.120279462711785,14.045023076995449,6.895049580082286,0.498591027034081,-5.2719725991232735,17.42050953350258,10.692307690076175,4.4372439565268,-1.4423377905052348,-7.009529648315719,7.849289848020363,3.081450290758312,-1.0700861195653033,-4.704915558846778,-7.920868067693617,-15.19130413573862,-13.902653034932651,-11.757117492454656,-8.946308714413362,-5.611646246799181
75,Mn_VUMSON_comp_0_111111,Mn,-61.30592654481575,-69.01145030017005,-74.42346674127405,-82.38702102638172,-105.3292537711468,-66.51039033429925,-73.16992446945393,-79.22431953310594,-84.63949406213374,-89.38086327125801,-74.76625018842014,-81.90887798463336,-88.36453699304344,-94.09639687787944,-99.1059461975044,-81.18719525663778,-87.3003878815382,-92.91580568504855,-98.03007234709752,-102.67666291539854,-88.13667522506991,-93.37269614806132,-98.08366744333284,-102.10360885797968,-104.41653026332348,-106.43513738353478,-106.23611177148176,-105.04183466445625,-101.92840822785796,-97.73883562984908,-89.99705713761614,28.691130592800388,20.985606837446085,15.57359039634207,7.610036111234423,-15.332196633530655,23.48666680331689,16.827132668162218,10.772737604510212,5.357563075482403,0.6161938663581168,15.230806949195996,8.088179152982775,1.6325201445727089,-4.099339740263304,-9.10888905988827,8.809861880978358,2.69666925607794,-2.918748547432415,-8.033015209481391,-12.6796057777824,1.860381912546245,-3.3756390104451834,-8.086610305716704,-12.10655172036354,-14.419473125707327,-16.438080245918627,-16.239054633865635,-15.044777526840107,-11.931351090241831,-7.741778492232925
