Unnamed: 0,e_corr,e_ccsd,e_ccsdt,e_hf,ecorr_t
co_2_SH2-S-0-0_SH2-S-0-0_SH2-S-0-0_SH2-S-0-0_acetonitrile-N-1-0_acetonitrile-N-1-0_4,-2.402749624,-3242.1217669,-3242.209191779,-3239.806442155,96.36146529264832
co_2_SH2-S-0-0_SH2-S-0-0_SH2-S-0-0_SH2-S-0-0_SH2-S-0-0_imidazole-N-2-0_4,-2.459927176,-3601.803030641,-3601.894768845,-3599.434841669,96.27069431587508
co_2_water-O-0-0_water-O-0-0_water-O-0-0_water-O-0-0_furan-O-0-0_furan-O-0-0_4,-3.346816665,-2145.918121029,-2146.036488081,-2142.689671416,96.46329441233574
co_3_chloride-Cl-0-d1_chloride-Cl-0-d1_chloride-Cl-0-d1_chloride-Cl-0-d1_misc-C-4-0_misc-C-4-0_5,-2.442822369,-3485.884387299,-3485.983310198,-3483.540487829,95.95046695761005
co_2_phosphine-P-0-0_phosphine-P-0-0_phosphine-P-0-0_phosphine-P-0-0_phosphine-P-0-0_carbonyl-C-0-0_4,-1.815131048,-3207.919255538,-3207.978983858,-3206.16385281,96.70942105992825
co_2_ome2-O-0-0_ome2-O-0-0_ome2-O-0-0_ome2-O-0-0_ome2-O-0-0_amine-N-0-d1_4,-3.903568082,-2211.369948327,-2211.495021173,-2207.591453091,96.79593532449252
co_2_cs-C-0-0_cs-C-0-0_cs-C-0-0_cs-C-0-0_formaldehyde-O-1-0_formaldehyde-O-1-0_4,-2.651170211,-3352.807664535,-3352.930248445,-3350.279078234,95.37623388000416
co_2_cs-C-0-0_cs-C-0-0_furan-O-0-0_furan-O-0-0_cs-C-0-0_furan-O-0-0_4,-4.240853798,-3377.246719617,-3377.442936441,-3373.202082643,95.3731764086681
co_2_ome2-O-0-0_ome2-O-0-0_ome2-O-0-0_ome2-O-0-0_hydroxyl-O-0-d1_hydroxyl-O-0-d1_4,-3.556012966,-2152.408650307,-2152.520463013,-2148.9644500470004,96.85567215109626
co_2_pyridine-N-3-0_pyridine-N-3-0_pyridine-N-3-0_pyridine-N-3-0_carboxyl-O-1-d1_carboxyl-O-1-d1_4,-5.952613027,-2750.784206058,-2751.049332412,-2745.096719385,95.54605090576167
co_2_ome2-O-0-0_ome2-O-0-0_ome2-O-0-0_water-O-0-0_ome2-O-0-0_water-O-0-0_4,-3.52826594,-2153.117437752,-2153.224316516,-2149.696050576,96.97078491765504
co_2_ome2-O-0-0_ome2-O-0-0_ome2-O-0-0_ome2-O-0-0_cyanide-C-0-d1_cyanide-C-0-d1_4,-3.750159826,-2186.320025908,-2186.450072583,-2182.699912757,96.53223646367782
co_2_cs-C-0-0_cs-C-0-0_cs-C-0-0_cs-C-0-0_cs-C-0-0_hydroxyl-O-0-d1_4,-2.473243322,-3635.860278439,-3635.987008099,-3633.513764777,94.87597282190232
co_2_phosphine-P-0-0_phosphine-P-0-0_phosphine-P-0-0_phosphine-P-0-0_phosphine-P-0-0_imidazole-N-2-0_4,-2.363802864,-3320.620023548,-3320.705980246,-3318.342177382,96.36362662432316
co_2_phosphine-P-0-0_phosphine-P-0-0_phosphine-P-0-0_phosphine-P-0-0_phosphine-P-0-0_thiocyanate-S-0-d1_4,-2.00966626,-3585.530649099,-3585.604660489,-3583.594994229,96.31722980711407
co_2_pyridine-N-3-0_pyridine-N-3-0_pyridine-N-3-0_pyridine-N-3-0_pyridine-N-3-0_furan-O-0-0_4,-6.60719465,-2850.038699472,-2850.344605255,-2843.737410605,95.37011092900818
co_3_imidazole-N-2-0_imidazole-N-2-0_imidazole-N-2-0_ome2-O-0-0_imidazole-N-2-0_ome2-O-0-0_5,-5.425111872,-2593.689809989,-2593.920819031,-2588.495707159,95.74185662064431
co_3_phosphine-P-0-0_phosphine-P-0-0_phosphine-P-0-0_phosphine-P-0-0_carboxyl-O-1-d1_carboxyl-O-1-d1_5,-2.58060728,-3130.068472456,-3130.158654499,-3127.578047219,96.50539453644342
co_2_misc-C-4-0_misc-C-4-0_misc-C-4-0_misc-C-4-0_misc-C-4-0_amine-N-0-d1_4,-3.44381917,-2099.983755755,-2100.122467112,-2096.678647942,95.97216490900064
co_3_phosphine-P-0-0_phosphine-P-0-0_phosphine-P-0-0_phosphine-P-0-0_phosphine-P-0-0_formaldehyde-O-1-0_5,-1.84120062,-3208.510903994,-3208.576525729,-3206.735325109,96.43592695509516
co_2_SH2-S-0-0_SH2-S-0-0_SH2-S-0-0_SH2-S-0-0_SH2-S-0-0_acetonitrile-N-1-0_4,-2.074999272,-3508.499913279,-3508.571932379,-3506.496933107,96.52919878228046
co_2_furan-O-0-0_furan-O-0-0_furan-O-0-0_furan-O-0-0_pyridine-N-3-0_pyridine-N-3-0_4,-6.21291496,-2795.411234341,-2795.687858079,-2789.474943119,95.54760141124424
co_2_pyridine-N-3-0_pyridine-N-3-0_pyridine-N-3-0_pyridine-N-3-0_cyanide-C-0-d1_cyanide-C-0-d1_4,-5.374121926,-2558.463458912,-2558.713037847,-2553.338915921,95.35591230648232
co_3_furan-O-0-0_furan-O-0-0_furan-O-0-0_amine-N-0-d1_furan-O-0-0_amine-N-0-d1_5,-4.609541064,-2411.754978147,-2411.948913386,-2407.339372322,95.79274300180217
co_2_imidazole-N-2-0_imidazole-N-2-0_imidazole-N-2-0_chloride-Cl-0-d1_imidazole-N-2-0_chloride-Cl-0-d1_4,-4.614122035,-3204.66433565,-3204.862507993,-3200.248385958,95.705090990298
co_2_phosphine-P-0-0_phosphine-P-0-0_phosphine-P-0-0_phosphine-P-0-0_formaldehyde-O-1-0_formaldehyde-O-1-0_4,-2.052434294,-2980.768306975,-2980.833555499,-2978.781121205,96.82092020237876
co_2_acetonitrile-N-1-0_acetonitrile-N-1-0_acetonitrile-N-1-0_pyridine-N-3-0_acetonitrile-N-1-0_pyridine-N-3-0_4,-4.719122577,-2407.137576599,-2407.34178834,-2402.6226657630004,95.6726756368734
co_2_pyridine-N-3-0_pyridine-N-3-0_pyridine-N-3-0_pyridine-N-3-0_formaldehyde-O-1-0_formaldehyde-O-1-0_4,-5.455768634,-2601.303237704,-2601.545772096,-2596.090003462,95.55453304070588
co_3_acetonitrile-N-1-0_acetonitrile-N-1-0_acetonitrile-N-1-0_acetonitrile-N-1-0_fluoride-F-0-d1_fluoride-F-0-d1_5,-3.167154378,-2111.253870816,-2111.375552901,-2108.208398523,96.15799956436084
co_2_phosphine-P-0-0_phosphine-P-0-0_phosphine-P-0-0_phosphine-P-0-0_phosphine-P-0-0_cs-C-0-0_4,-1.784318993,-3530.47632551,-3530.540528671,-3528.756209678,96.40181148931588
co_2_pyridine-N-3-0_pyridine-N-3-0_pyridine-N-3-0_pyridine-N-3-0_pyridine-N-3-0_carboxyl-O-1-d1_4,-6.340922577,-2809.555721012,-2809.845829763,-2803.504907186,95.42481795863432
co_2_phosphine-P-0-0_phosphine-P-0-0_phosphine-P-0-0_phosphine-P-0-0_phosphine-P-0-0_hydroxyl-O-0-d1_4,-1.72215703,-3170.843662855,-3170.896918171,-3169.174761141,96.90763878830089
co_2_imidazole-N-2-0_imidazole-N-2-0_imidazole-N-2-0_imidazole-N-2-0_imidazole-N-2-0_imidazole-N-2-0_4,-6.023925343,-2736.365710134,-2736.633437241,-2730.609511898,95.55560383378108
co_2_ome2-O-0-0_ome2-O-0-0_ome2-O-0-0_ome2-O-0-0_pyridine-N-3-0_pyridine-N-3-0_4,-5.101948434,-2496.06557488,-2496.260980014,-2491.15903158,96.1699900238558
co_2_furan-O-0-0_furan-O-0-0_furan-O-0-0_imidazole-N-2-0_furan-O-0-0_imidazole-N-2-0_4,-5.978550645,-2751.455283971,-2751.71595202,-2745.737401375,95.63994579157706
co_3_fluoride-F-0-d1_fluoride-F-0-d1_fluoride-F-0-d1_imidazole-N-2-0_imidazole-N-2-0_imidazole-N-2-0_5,-4.037172611,-2358.579267054,-2358.741093144,-2354.703920533,95.99159843800425
co_2_acetonitrile-N-1-0_acetonitrile-N-1-0_acetonitrile-N-1-0_acetonitrile-N-1-0_acetonitrile-N-1-0_amine-N-0-d1_4,-3.444409847,-2100.159256556,-2100.295899887,-2096.85149004,96.03289570435086
co_2_pyridine-N-3-0_pyridine-N-3-0_pyridine-N-3-0_pyridine-N-3-0_pyridine-N-3-0_misc-C-4-0_4,-6.230642096,-2752.933010146,-2753.220947908,-2746.9903058120003,95.3786823642919
co_2_imidazole-N-2-0_imidazole-N-2-0_imidazole-N-2-0_imidazole-N-2-0_imidazole-N-2-0_amine-N-0-d1_4,-5.354382126,-2566.638552123,-2566.872902252,-2561.518520126,95.6232087384613
co_2_carboxyl-O-1-d1_carboxyl-O-1-d1_carboxyl-O-1-d1_pyridine-N-3-0_carboxyl-O-1-d1_pyridine-N-3-0_4,-5.184312439,-2632.887537569,-2633.104220008,-2627.919907569,95.82042090345742
co_2_cs-C-0-0_cs-C-0-0_cs-C-0-0_SH2-S-0-0_cs-C-0-0_SH2-S-0-0_4,-2.275429827,-3921.977899769,-3922.086782277,-3919.81135245,95.2148597725169
co_2_phosphine-P-0-0_phosphine-P-0-0_phosphine-P-0-0_phosphine-P-0-0_cyanide-C-0-d1_cyanide-C-0-d1_4,-1.986981336,-2937.99679637,-2938.070938434,-2936.083957098,96.26860793021476
co_2_carbonyl-C-0-0_carbonyl-C-0-0_carbonyl-C-0-0_carbonyl-C-0-0_carbonyl-C-0-0_carbonyl-C-0-0_4,-2.732624674,-2060.162845864,-2060.272743918,-2057.540119244,95.97829679846718
co_2_formaldehyde-O-1-0_formaldehyde-O-1-0_formaldehyde-O-1-0_acetonitrile-N-1-0_formaldehyde-O-1-0_acetonitrile-N-1-0_4,-3.184796601,-2103.782477949,-2103.897978045,-2100.713181444,96.37339175872346
co_2_furan-O-0-0_furan-O-0-0_furan-O-0-0_acetonitrile-N-1-0_furan-O-0-0_acetonitrile-N-1-0_4,-5.204618628,-2564.844325281,-2565.065032228,-2559.8604136,95.75940212386068
co_2_carboxyl-O-1-d1_carboxyl-O-1-d1_carboxyl-O-1-d1_carboxyl-O-1-d1_ammonia-N-0-0_ammonia-N-0-0_4,-3.603180528,-2250.27587211,-2250.407846943,-2246.804666415,96.3372683668031
co_2_misc-C-4-0_misc-C-4-0_misc-C-4-0_misc-C-4-0_cs-C-0-0_cs-C-0-0_4,-3.322107071,-2782.750772877,-2782.896302427,-2779.574195356,95.6193600359766
co_2_water-O-0-0_water-O-0-0_water-O-0-0_water-O-0-0_water-O-0-0_imidazole-N-2-0_4,-2.704200061,-1988.905784888,-1988.991544311,-1986.28734425,96.82865834384768
co_2_pyridine-N-3-0_pyridine-N-3-0_water-O-0-0_water-O-0-0_pyridine-N-3-0_water-O-0-0_4,-4.380088721,-2353.83850463,-2354.020465731,-2349.64037701,95.84572111227614
co_2_SH2-S-0-0_SH2-S-0-0_SH2-S-0-0_SH2-S-0-0_fluoride-F-0-d1_fluoride-F-0-d1_4,-1.875416571,-3177.116408048,-3177.171772449,-3175.296355878,97.04788782097488
co_2_ammonia-N-0-0_ammonia-N-0-0_SH2-S-0-0_SH2-S-0-0_ammonia-N-0-0_SH2-S-0-0_4,-1.836285427,-2747.586724072,-2747.640496538,-2745.8042111110003,97.07167169059122
co_2_SH2-S-0-0_SH2-S-0-0_SH2-S-0-0_thiocyanate-S-0-d1_SH2-S-0-0_thiocyanate-S-0-d1_4,-2.448761236,-3958.447508282,-3958.548758937,-3956.099997701,95.865229589898
co_3_misc-C-4-0_misc-C-4-0_misc-C-4-0_misc-C-4-0_thiocyanate-S-0-d1_thiocyanate-S-0-d1_5,-3.746652241,-2892.418857911,-2892.582712585,-2888.836060344,95.62663776992756
co_2_pyridine-N-3-0_pyridine-N-3-0_pyridine-N-3-0_pyridine-N-3-0_pyridine-N-3-0_amine-N-0-d1_4,-5.941537177,-2676.560641167,-2676.834260749,-2670.892723572,95.39480148236882
co_2_cs-C-0-0_cs-C-0-0_phosphine-P-0-0_phosphine-P-0-0_cs-C-0-0_phosphine-P-0-0_4,-2.083329845,-3716.496948497,-3716.589706475,-3714.50637663,95.54760960092705
co_2_formaldehyde-O-1-0_formaldehyde-O-1-0_formaldehyde-O-1-0_formaldehyde-O-1-0_formaldehyde-O-1-0_amine-N-0-d1_4,-2.774703096,-2009.224839928,-2009.319818131,-2006.545115035,96.57699581850888
co_3_carbonyl-C-0-0_carbonyl-C-0-0_carbonyl-C-0-0_carbonyl-C-0-0_carbonyl-C-0-0_water-O-0-0_5,-2.617321305,-2022.620175054,-2022.727442952,-2020.110121647,95.90161522028949
co_2_acetonitrile-N-1-0_acetonitrile-N-1-0_acetonitrile-N-1-0_misc-C-4-0_misc-C-4-0_misc-C-4-0_4,-3.715741696,-2176.468098736,-2176.617798291,-2172.902056595,95.97120663254516
co_3_cs-C-0-0_cs-C-0-0_cs-C-0-0_cs-C-0-0_hydroxyl-O-0-d1_hydroxyl-O-0-d1_5,-2.36874216,-3275.838386103,-3275.957302164,-3273.588560004,94.97978028136563
co_3_carbonyl-C-0-0_carbonyl-C-0-0_carbonyl-C-0-0_carbonyl-C-0-0_cs-C-0-0_cs-C-0-0_5,-2.664373576,-2704.614036472,-2704.738388492,-2702.074014916,95.33278587055874
co_2_misc-C-4-0_misc-C-4-0_SH2-S-0-0_SH2-S-0-0_misc-C-4-0_SH2-S-0-0_4,-2.738320734,-2975.633180295,-2975.737211011,-2972.998890277,96.2009302011798
co_3_carbonyl-C-0-0_carbonyl-C-0-0_carbonyl-C-0-0_carbonyl-C-0-0_pyridine-N-3-0_pyridine-N-3-0_5,-4.020213411,-2328.959846027,-2329.136988768,-2325.116775357,95.59369807296252
co_2_imidazole-N-2-0_imidazole-N-2-0_imidazole-N-2-0_imidazole-N-2-0_imidazole-N-2-0_acetonitrile-N-1-0_4,-5.638709201,-2643.065881736,-2643.313717877,-2637.675008676,95.604736258505
co_2_ome2-O-0-0_ome2-O-0-0_ome2-O-0-0_cs-C-0-0_ome2-O-0-0_cs-C-0-0_4,-3.690620255,-2871.828474196,-2871.963874699,-2868.273254444,96.3312263618432
co_2_acetonitrile-N-1-0_acetonitrile-N-1-0_acetonitrile-N-1-0_acetonitrile-N-1-0_imidazole-N-2-0_imidazole-N-2-0_4,-4.484816534,-2363.172715553,-2363.361052155,-2358.876235621,95.800572875792
co_2_cyanide-C-0-d1_cyanide-C-0-d1_cyanide-C-0-d1_cyanide-C-0-d1_ammonia-N-0-0_ammonia-N-0-0_4,-2.408445032,-1865.622610887,-1865.719423783,-1863.310978751,95.98027379850416
co_2_phosphine-P-0-0_phosphine-P-0-0_phosphine-P-0-0_phosphine-P-0-0_phosphine-P-0-0_misc-C-4-0_4,-1.982713642,-3227.285952789,-3227.352687408,-3225.369973766,96.63417764490728
co_2_ome2-O-0-0_ome2-O-0-0_ome2-O-0-0_ome2-O-0-0_ome2-O-0-0_acetonitrile-N-1-0_4,-4.18515505,-2287.72985731,-2287.869151267,-2283.683996217,96.67171334549336
co_2_carbonyl-C-0-0_carbonyl-C-0-0_carbonyl-C-0-0_carbonyl-C-0-0_misc-C-4-0_misc-C-4-0_4,-3.066109545,-2098.919960621,-2099.04084846,-2095.974738915,96.05728897726682
co_2_phosphine-P-0-0_phosphine-P-0-0_phosphine-P-0-0_thiocyanate-S-0-d1_phosphine-P-0-0_thiocyanate-S-0-d1_4,-2.372752115,-3733.486798936,-3733.583324607,-3731.210572492,95.93191086460388
co_2_misc-C-4-0_misc-C-4-0_misc-C-4-0_misc-C-4-0_misc-C-4-0_imidazole-N-2-0_4,-4.101895456,-2269.696777589,-2269.866876327,-2265.7649808710003,95.85316739967962
co_2_cs-C-0-0_cs-C-0-0_cs-C-0-0_cs-C-0-0_cs-C-0-0_furan-O-0-0_4,-3.104489778,-3789.426050184,-3789.582343477,-3786.477853699,94.96557231053308
co_2_SH2-S-0-0_SH2-S-0-0_SH2-S-0-0_water-O-0-0_water-O-0-0_water-O-0-0_4,-1.890157513,-2807.137218756,-2807.18969688,-2805.2995393670003,97.22361106736672
co_3_carbonyl-C-0-0_carbonyl-C-0-0_chloride-Cl-0-d1_chloride-Cl-0-d1_carbonyl-C-0-0_chloride-Cl-0-d1_5,-2.279318711,-3100.532126747,-3100.629891366,-3098.350572655,95.71079645299191
co_2_pyridine-N-3-0_pyridine-N-3-0_pyridine-N-3-0_pyridine-N-3-0_ome2-O-0-0_ome2-O-0-0_4,-5.910328198,-2682.158569324,-2682.413878494,-2676.503550296,95.68028777003578
co_2_acetonitrile-N-1-0_acetonitrile-N-1-0_acetonitrile-N-1-0_acetonitrile-N-1-0_acetonitrile-N-1-0_imidazole-N-2-0_4,-4.100900799,-2269.873202373,-2270.041859253,-2265.940958454,95.88732114561031
co_3_imidazole-N-2-0_imidazole-N-2-0_imidazole-N-2-0_imidazole-N-2-0_hydroxyl-O-0-d1_hydroxyl-O-0-d1_5,-4.698072017,-2436.400592279,-2436.60492455,-2431.906852533,95.65072075821055
co_3_imidazole-N-2-0_imidazole-N-2-0_imidazole-N-2-0_imidazole-N-2-0_phosphine-P-0-0_phosphine-P-0-0_5,-4.546552626,-2969.530423354,-2969.732935187,-2965.186382561,95.54581570569076
co_2_furan-O-0-0_furan-O-0-0_furan-O-0-0_furan-O-0-0_chloride-Cl-0-d1_chloride-Cl-0-d1_4,-4.567022736,-3219.836233489,-3220.027686243,-3215.460663507,95.80793078845508
co_3_chloride-Cl-0-d1_chloride-Cl-0-d1_chloride-Cl-0-d1_chloride-Cl-0-d1_pyridine-N-3-0_pyridine-N-3-0_5,-3.446980993,-3716.540151302,-3716.693812807,-3713.246831814,95.5421423758393
co_2_furan-O-0-0_furan-O-0-0_furan-O-0-0_furan-O-0-0_furan-O-0-0_acetonitrile-N-1-0_4,-5.57844605,-2661.910174563,-2662.148917631,-2656.570471581,95.72025854762607
co_2_SH2-S-0-0_SH2-S-0-0_SH2-S-0-0_imidazole-N-2-0_SH2-S-0-0_imidazole-N-2-0_4,-3.17174205,-3428.724622855,-3428.851269779,-3425.6795277290003,96.00702320667986
co_2_misc-C-4-0_misc-C-4-0_misc-C-4-0_misc-C-4-0_misc-C-4-0_SH2-S-0-0_4,-3.393251438,-2442.790172523,-2442.92538958,-2439.532138142,96.015118258384
co_2_imidazole-N-2-0_imidazole-N-2-0_imidazole-N-2-0_thiocyanate-S-0-d1_thiocyanate-S-0-d1_thiocyanate-S-0-d1_4,-4.926369842,-3530.694159281,-3530.922722604,-3525.996352762,95.36041080287404
co_2_cs-C-0-0_cs-C-0-0_cs-C-0-0_cs-C-0-0_cs-C-0-0_acetonitrile-N-1-0_4,-2.7224675,-3692.364909907,-3692.50217415,-3689.77970665,94.95809433905464
co_3_formaldehyde-O-1-0_formaldehyde-O-1-0_formaldehyde-O-1-0_formaldehyde-O-1-0_formaldehyde-O-1-0_pyridine-N-3-0_5,-3.523501254,-2200.232233249,-2200.374445203,-2196.850943949,95.9639022736654
co_2_cs-C-0-0_cs-C-0-0_water-O-0-0_water-O-0-0_cs-C-0-0_water-O-0-0_4,-2.283931939,-2917.464588131,-2917.556658066,-2915.272726127,95.96879690553824
co_2_carbonyl-C-0-0_carbonyl-C-0-0_carbonyl-C-0-0_misc-C-4-0_misc-C-4-0_misc-C-4-0_4,-3.225896971,-2118.292216338,-2118.422452944,-2115.196555973,95.96277850251856
co_2_phosphine-P-0-0_phosphine-P-0-0_thiocyanate-S-0-d1_thiocyanate-S-0-d1_phosphine-P-0-0_thiocyanate-S-0-d1_4,-2.732992334,-3881.331123363,-3881.450024893,-3878.717032559,95.64940126173695
cr_2_acetonitrile-N-1-0_acetonitrile-N-1-0_acetonitrile-N-1-0_acetonitrile-N-1-0_acetonitrile-N-1-0_misc-C-4-0_5,-3.600169967,-1838.372207717,-1838.521334276,-1834.921164309,95.8577911496708
cr_3_amine-N-0-d1_amine-N-0-d1_amine-N-0-d1_amine-N-0-d1_pyridine-N-3-0_pyridine-N-3-0_4,-3.48715798,-1762.781813064,-1762.938830986,-1759.4516730060002,95.49725240724166
cr_2_ome2-O-0-0_ome2-O-0-0_ome2-O-0-0_ome2-O-0-0_ome2-O-0-0_chloride-Cl-0-d1_5,-3.755462226,-2277.126208364,-2277.250211214,-2273.494748988,96.69806690793855
cr_2_chloride-Cl-0-d1_chloride-Cl-0-d1_chloride-Cl-0-d1_furan-O-0-0_furan-O-0-0_furan-O-0-0_5,-3.758269343,-3111.907631031,-3112.065865606,-3108.307596263,95.7896957200631
cr_2_misc-C-4-0_misc-C-4-0_misc-C-4-0_misc-C-4-0_formaldehyde-O-1-0_formaldehyde-O-1-0_5,-3.343110082,-1801.880646678,-1802.014747478,-1798.6716373959998,95.98874112097288
cr_2_acetonitrile-N-1-0_acetonitrile-N-1-0_acetonitrile-N-1-0_acetonitrile-N-1-0_acetonitrile-N-1-0_water-O-0-0_5,-3.324542087,-1782.219926381,-1782.352454929,-1779.027912842,96.01363001183964
cr_2_phosphine-P-0-0_phosphine-P-0-0_phosphine-P-0-0_water-O-0-0_water-O-0-0_water-O-0-0_5,-1.718018425,-2300.261993043,-2300.310808649,-2298.592790224,97.15860986764564
cr_2_ome2-O-0-0_ome2-O-0-0_ome2-O-0-0_chloride-Cl-0-d1_ome2-O-0-0_chloride-Cl-0-d1_5,-3.34512871,-2582.312399769,-2582.423954449,-2579.078825739,96.66516030709025
cr_2_formaldehyde-O-1-0_formaldehyde-O-1-0_formaldehyde-O-1-0_formaldehyde-O-1-0_phosphine-P-0-0_phosphine-P-0-0_5,-2.360516932,-2185.914315541,-2185.995280837,-2183.634763905,96.57001841832916
cr_2_furan-O-0-0_furan-O-0-0_furan-O-0-0_furan-O-0-0_pyridine-N-3-0_pyridine-N-3-0_5,-6.095788256,-2457.251578924,-2457.528137851,-2451.432349595,95.46311460659004
cr_2_acetonitrile-N-1-0_acetonitrile-N-1-0_acetonitrile-N-1-0_water-O-0-0_water-O-0-0_water-O-0-0_5,-2.766344659,-1669.836630789,-1669.936049748,-1667.169705089,96.406125365599
cr_3_cs-C-0-0_cs-C-0-0_cs-C-0-0_cs-C-0-0_cs-C-0-0_thiocyanate-S-0-d1_4,-2.714197405,-3712.048288842,-3712.209522512,-3709.495325107,94.05961888759704
cr_2_formaldehyde-O-1-0_formaldehyde-O-1-0_formaldehyde-O-1-0_formaldehyde-O-1-0_formaldehyde-O-1-0_water-O-0-0_5,-2.647420331,-1691.225465076,-1691.31525195,-1688.667831619,96.60851460009675
cr_3_ammonia-N-0-0_ammonia-N-0-0_ammonia-N-0-0_ammonia-N-0-0_ammonia-N-0-0_amine-N-0-d1_4,-1.852488255,-1381.483405541,-1381.545221908,-1379.692733653,96.66306294610791
cr_2_furan-O-0-0_furan-O-0-0_furan-O-0-0_phosphine-P-0-0_furan-O-0-0_phosphine-P-0-0_5,-4.396296778,-2646.969189437,-2647.156845665,-2642.7605488870004,95.73149317535616
cr_2_cs-C-0-0_cs-C-0-0_cs-C-0-0_pyridine-N-3-0_cs-C-0-0_pyridine-N-3-0_5,-3.814102017,-3281.604349862,-3281.800937568,-3277.986835551,94.8457669689116
cr_2_acetonitrile-N-1-0_acetonitrile-N-1-0_acetonitrile-N-1-0_pyridine-N-3-0_pyridine-N-3-0_pyridine-N-3-0_5,-5.106163953,-2184.254742338,-2184.486912591,-2179.380748638,95.45313751894774
cr_2_ammonia-N-0-0_ammonia-N-0-0_ammonia-N-0-0_carboxyl-O-1-d1_carboxyl-O-1-d1_carboxyl-O-1-d1_5,-3.072782274,-1779.799610912,-1779.911019928,-1776.838237654,96.37432769178578
cr_3_cyanide-C-0-d1_cyanide-C-0-d1_cyanide-C-0-d1_chloride-Cl-0-d1_cyanide-C-0-d1_chloride-Cl-0-d1_4,-2.28121191,-2333.908057667,-2334.016049605,-2331.734837695,95.2660277843267
cr_2_imidazole-N-2-0_imidazole-N-2-0_imidazole-N-2-0_imidazole-N-2-0_ammonia-N-0-0_ammonia-N-0-0_5,-4.540377849,-2059.507568474,-2059.702726744,-2055.162348895,95.70171742329936
cr_2_pyridine-N-3-0_pyridine-N-3-0_pyridine-N-3-0_pyridine-N-3-0_thiocyanate-S-0-d1_thiocyanate-S-0-d1_5,-5.649002585,-3015.793962978,-3016.066306248,-3010.417303663,95.17891404894569
cr_2_chloride-Cl-0-d1_chloride-Cl-0-d1_chloride-Cl-0-d1_imidazole-N-2-0_imidazole-N-2-0_imidazole-N-2-0_5,-3.790475286,-3100.507442079,-3100.669937244,-3096.879461958,95.71306623209288
cr_2_phosphine-P-0-0_phosphine-P-0-0_phosphine-P-0-0_phosphine-P-0-0_phosphine-P-0-0_acetonitrile-N-1-0_5,-1.860625233,-2889.153468012,-2889.219110222,-2887.358484989,96.47203483883884
cr_2_ome2-O-0-0_ome2-O-0-0_ome2-O-0-0_water-O-0-0_ome2-O-0-0_water-O-0-0_5,-3.412606952,-1814.957462424,-1815.063988479,-1811.651381527,96.87845519573628
cr_3_ammonia-N-0-0_ammonia-N-0-0_ammonia-N-0-0_thiocyanate-S-0-d1_thiocyanate-S-0-d1_thiocyanate-S-0-d1_4,-2.800137301,-2684.475637704,-2684.605402768,-2681.805265467,95.3657606734553
cr_2_formaldehyde-O-1-0_formaldehyde-O-1-0_formaldehyde-O-1-0_formaldehyde-O-1-0_formaldehyde-O-1-0_SH2-S-0-0_5,-2.595966727,-2013.807966876,-2013.898573744,-2011.302607017,96.50970611226104
cr_2_carbonyl-C-0-0_carbonyl-C-0-0_carbonyl-C-0-0_phosphine-P-0-0_carbonyl-C-0-0_phosphine-P-0-0_5,-2.24753337,-2181.1096659,-2181.199321979,-2178.951788609,96.01091222061586
cr_2_misc-C-4-0_misc-C-4-0_misc-C-4-0_acetonitrile-N-1-0_misc-C-4-0_acetonitrile-N-1-0_5,-3.605135222,-1838.267231649,-1838.417734072,-1834.81259885,95.82533209623698
cr_2_ome2-O-0-0_ome2-O-0-0_ome2-O-0-0_formaldehyde-O-1-0_ome2-O-0-0_formaldehyde-O-1-0_5,-3.702296414,-1890.953438536,-1891.076257887,-1887.373961473,96.68261702289549
cr_2_ome2-O-0-0_ome2-O-0-0_ome2-O-0-0_ome2-O-0-0_ome2-O-0-0_thiocyanate-S-0-d1_5,-4.09148134,-2307.776944735,-2307.921760736,-2303.830279396,96.46054841838756
cr_2_ome2-O-0-0_ome2-O-0-0_ome2-O-0-0_ome2-O-0-0_ome2-O-0-0_water-O-0-0_5,-3.787247541,-1893.386777204,-1893.50795013,-1889.720702589,96.8005015598232
cr_2_furan-O-0-0_furan-O-0-0_ome2-O-0-0_ome2-O-0-0_furan-O-0-0_ome2-O-0-0_5,-4.99982747,-2196.31632956,-2196.512566048,-2191.512738578,96.075134808612
cr_2_phosphine-P-0-0_phosphine-P-0-0_phosphine-P-0-0_phosphine-P-0-0_ammonia-N-0-0_ammonia-N-0-0_5,-1.609089407,-2526.909055752,-2526.958098999,-2525.349009592,96.9521117479912
cr_2_acetonitrile-N-1-0_acetonitrile-N-1-0_acetonitrile-N-1-0_acetonitrile-N-1-0_acetonitrile-N-1-0_thiocyanate-S-0-d1_5,-3.62905908,-2196.579090907,-2196.735612065,-2193.106552985,95.68700441217123
cr_2_cyanide-C-0-d1_cyanide-C-0-d1_cyanide-C-0-d1_hydroxyl-O-0-d1_cyanide-C-0-d1_hydroxyl-O-0-d1_5,-2.364311539,-1565.370774372,-1565.472894166,-1563.108582627,95.68078096665256
cr_2_cs-C-0-0_cs-C-0-0_cs-C-0-0_cs-C-0-0_cs-C-0-0_misc-C-4-0_5,-2.620194711,-3354.164389701,-3354.304050433,-3351.6838557220003,94.6698338328023
cr_2_imidazole-N-2-0_imidazole-N-2-0_imidazole-N-2-0_imidazole-N-2-0_ome2-O-0-0_ome2-O-0-0_5,-5.327523526,-2256.088107494,-2256.311492841,-2250.983969315,95.80695709910636
cr_3_cs-C-0-0_cs-C-0-0_cs-C-0-0_fluoride-F-0-d1_fluoride-F-0-d1_fluoride-F-0-d1_4,-2.225716371,-2650.092994789,-2650.193851986,-2647.968135615,95.468551235273
cr_2_phosphine-P-0-0_phosphine-P-0-0_phosphine-P-0-0_phosphine-P-0-0_phosphine-P-0-0_thiocyanate-S-0-d1_5,-1.888249565,-3247.362020783,-3247.435113444,-3245.546863879,96.1290783615303
cr_3_carbonyl-C-0-0_carbonyl-C-0-0_carbonyl-C-0-0_cyanide-C-0-d1_carbonyl-C-0-0_cyanide-C-0-d1_4,-2.673143957,-1681.391497487,-1681.521673942,-1678.848529985,95.13021157505922
cr_2_thiocyanate-S-0-d1_thiocyanate-S-0-d1_thiocyanate-S-0-d1_thiocyanate-S-0-d1_cs-C-0-0_cs-C-0-0_5,-3.277273973,-3876.806123883,-3876.977716293,-3873.70044232,94.76417255884888
cr_2_thiocyanate-S-0-d1_thiocyanate-S-0-d1_thiocyanate-S-0-d1_thiocyanate-S-0-d1_carbonyl-C-0-0_carbonyl-C-0-0_5,-3.341220548,-3231.828322233,-3231.989325552,-3228.648105004,95.18130226104238
cr_2_imidazole-N-2-0_imidazole-N-2-0_imidazole-N-2-0_imidazole-N-2-0_acetonitrile-N-1-0_acetonitrile-N-1-0_5,-5.138147592,-2211.606909912,-2211.834534169,-2206.696386577,95.56991594880807
cr_2_phosphine-P-0-0_phosphine-P-0-0_phosphine-P-0-0_phosphine-P-0-0_imidazole-N-2-0_imidazole-N-2-0_5,-2.977265538,-2865.61271903,-2865.73421158,-2862.756946042,95.91932434479072
cr_2_ome2-O-0-0_ome2-O-0-0_ome2-O-0-0_ome2-O-0-0_acetonitrile-N-1-0_acetonitrile-N-1-0_5,-3.972522227,-1927.355739208,-1927.495541795,-1923.523019568,96.4807601062624
cr_2_cs-C-0-0_cs-C-0-0_cs-C-0-0_cs-C-0-0_imidazole-N-2-0_imidazole-N-2-0_5,-3.576245449,-3237.641561622,-3237.821423994,-3234.245178545,94.9706368154916
cr_3_ammonia-N-0-0_ammonia-N-0-0_imidazole-N-2-0_imidazole-N-2-0_ammonia-N-0-0_imidazole-N-2-0_4,-3.885284182,-1889.733232451,-1889.900291648,-1886.015007466,95.70020649264912
cr_2_amine-N-0-d1_amine-N-0-d1_amine-N-0-d1_carbonyl-C-0-0_amine-N-0-d1_carbonyl-C-0-0_5,-2.176853941,-1493.325966509,-1493.417255701,-1491.24040176,95.80637036410216
cr_3_chloride-Cl-0-d1_chloride-Cl-0-d1_chloride-Cl-0-d1_pyridine-N-3-0_chloride-Cl-0-d1_pyridine-N-3-0_4,-3.365880815,-3378.448653593,-3378.605900103,-3375.240019288,95.32822109151336
cr_2_phosphine-P-0-0_phosphine-P-0-0_phosphine-P-0-0_phosphine-P-0-0_phosphine-P-0-0_cs-C-0-0_5,-1.672189054,-3192.309449496,-3192.374105823,-3190.701916769,96.13343199171752
co_3_pyridine-N-3-0_pyridine-N-3-0_pyridine-N-3-0_pyridine-N-3-0_fluoride-F-0-d1_fluoride-F-0-d1_5,-5.160991548,-2572.41645324,-2572.646345645,-2567.4853540970003,95.54557679736304
co_3_pyridine-N-3-0_pyridine-N-3-0_pyridine-N-3-0_pyridine-N-3-0_ammonia-N-0-0_ammonia-N-0-0_5,-5.117399174,-2485.072772649,-2485.307563022,-2480.190163848,95.41191990273416
cr_2_misc-C-4-0_misc-C-4-0_misc-C-4-0_misc-C-4-0_misc-C-4-0_furan-O-0-0_5,-3.986163718,-1935.306533451,-1935.476317506,-1931.490153788,95.74066528593865
cr_3_acetonitrile-N-1-0_acetonitrile-N-1-0_acetonitrile-N-1-0_carbonyl-C-0-0_acetonitrile-N-1-0_carbonyl-C-0-0_4,-3.29070077,-1799.122005801,-1799.265897635,-1795.975196865,95.62731940527802
cr_2_SH2-S-0-0_SH2-S-0-0_SH2-S-0-0_SH2-S-0-0_formaldehyde-O-1-0_formaldehyde-O-1-0_5,-2.012923193,-2867.551353082,-2867.620790042,-2865.607866849,96.55044165413074
cr_2_cs-C-0-0_cs-C-0-0_cs-C-0-0_cs-C-0-0_carbonyl-C-0-0_carbonyl-C-0-0_5,-2.496285668,-3012.263083861,-3012.391866531,-3009.895580863,94.8410283465988
cr_2_furan-O-0-0_furan-O-0-0_furan-O-0-0_furan-O-0-0_carboxyl-O-1-d1_carboxyl-O-1-d1_5,-5.317288482,-2339.830085067,-2340.056012848,-2334.738724366,95.7510715891182
cr_2_cs-C-0-0_cs-C-0-0_cs-C-0-0_cs-C-0-0_ome2-O-0-0_ome2-O-0-0_5,-3.009089189,-3095.509975381,-3095.647395476,-3092.638306287,95.43316643779367
cr_2_furan-O-0-0_furan-O-0-0_furan-O-0-0_furan-O-0-0_misc-C-4-0_misc-C-4-0_5,-5.091188408,-2226.612144271,-2226.833075804,-2221.741887396,95.66051154868192
cr_3_acetonitrile-N-1-0_acetonitrile-N-1-0_acetonitrile-N-1-0_ammonia-N-0-0_acetonitrile-N-1-0_ammonia-N-0-0_4,-3.021349836,-1685.86225626,-1685.985726396,-1682.96437656,95.9134114650064
cr_2_furan-O-0-0_furan-O-0-0_furan-O-0-0_furan-O-0-0_imidazole-N-2-0_imidazole-N-2-0_5,-5.860096466,-2413.296927083,-2413.55683279,-2407.696736324,95.56482203820116
co_3_water-O-0-0_water-O-0-0_water-O-0-0_cs-C-0-0_water-O-0-0_cs-C-0-0_5,-2.185129263,-2557.473796503,-2557.556259891,-2555.371130628,96.22615515719858
cr_3_formaldehyde-O-1-0_formaldehyde-O-1-0_formaldehyde-O-1-0_carbonyl-C-0-0_formaldehyde-O-1-0_carbonyl-C-0-0_4,-2.735480368,-1726.256353248,-1726.363654566,-1723.628174198,96.0774232103792
cr_2_ome2-O-0-0_ome2-O-0-0_ome2-O-0-0_thiocyanate-S-0-d1_thiocyanate-S-0-d1_thiocyanate-S-0-d1_5,-3.934235142,-2979.405157982,-2979.565884151,-2975.631649009,95.91467812170718
cr_2_phosphine-P-0-0_phosphine-P-0-0_phosphine-P-0-0_phosphine-P-0-0_phosphine-P-0-0_water-O-0-0_5,-1.582191945,-2832.950767679,-2832.999837374,-2831.417645429,96.89862565947432
cr_3_chloride-Cl-0-d1_chloride-Cl-0-d1_chloride-Cl-0-d1_chloride-Cl-0-d1_chloride-Cl-0-d1_carbonyl-C-0-0_4,-1.868464521,-3455.721067485,-3455.798957268,-3453.930492747,95.83134803339584
cr_3_chloride-Cl-0-d1_chloride-Cl-0-d1_chloride-Cl-0-d1_chloride-Cl-0-d1_SH2-S-0-0_SH2-S-0-0_4,-1.70729972,-3680.700015222,-3680.76970566,-3679.06240594,95.91809000001652
cr_2_SH2-S-0-0_SH2-S-0-0_SH2-S-0-0_phosphine-P-0-0_SH2-S-0-0_phosphine-P-0-0_5,-1.590970591,-3324.241680857,-3324.295364243,-3322.7043936520004,96.62574617633248
cr_2_cs-C-0-0_cs-C-0-0_water-O-0-0_water-O-0-0_cs-C-0-0_water-O-0-0_5,-2.176380798,-2579.298580229,-2579.391615108,-2577.21523431,95.72524812359788
cr_2_cs-C-0-0_cs-C-0-0_cs-C-0-0_cs-C-0-0_formaldehyde-O-1-0_formaldehyde-O-1-0_5,-2.557575864,-3014.648687731,-3014.773951337,-3012.2163754730004,95.10225257581864
cr_3_chloride-Cl-0-d1_chloride-Cl-0-d1_chloride-Cl-0-d1_chloride-Cl-0-d1_chloride-Cl-0-d1_fluoride-F-0-d1_4,-1.737846848,-3442.131507218,-3442.194325689,-3440.456478841,96.385270021229
cr_2_pyridine-N-3-0_pyridine-N-3-0_pyridine-N-3-0_pyridine-N-3-0_pyridine-N-3-0_hydroxyl-O-0-d1_5,-5.839165999,-2358.285411831,-2358.557439942,-2352.718273943,95.3413191019672
cr_3_ammonia-N-0-0_ammonia-N-0-0_ome2-O-0-0_ome2-O-0-0_ammonia-N-0-0_ome2-O-0-0_4,-3.008086143,-1676.467186125,-1676.56834273,-1673.560256587,96.63717725519136
co_3_phosphine-P-0-0_phosphine-P-0-0_phosphine-P-0-0_pyridine-N-3-0_phosphine-P-0-0_pyridine-N-3-0_5,-3.330869483,-3247.146282426,-3247.295195894,-3243.964326411,95.52929141295316
cr_2_imidazole-N-2-0_imidazole-N-2-0_imidazole-N-2-0_imidazole-N-2-0_furan-O-0-0_furan-O-0-0_5,-5.887304338,-2405.764855148,-2406.028976421,-2400.141672083,95.51371463344792
co_3_thiocyanate-S-0-d1_thiocyanate-S-0-d1_misc-C-4-0_misc-C-4-0_thiocyanate-S-0-d1_misc-C-4-0_5,-3.773409838,-3250.576443847,-3250.748232523,-3246.974822685,95.44738887704028
cr_2_ome2-O-0-0_ome2-O-0-0_ome2-O-0-0_ome2-O-0-0_ome2-O-0-0_furan-O-0-0_5,-4.441456296,-2046.649540441,-2046.805638561,-2042.364182265,96.48542933675746
fe_2_formaldehyde-O-1-0_formaldehyde-O-1-0_formaldehyde-O-1-0_formaldehyde-O-1-0_formaldehyde-O-1-0_ome2-O-0-0_5,-3.090000877,-1988.817999182,-1988.92208731,-1985.832086433,96.63145312433863
fe_2_ammonia-N-0-0_ammonia-N-0-0_furan-O-0-0_furan-O-0-0_ammonia-N-0-0_furan-O-0-0_5,-3.8948219,-2120.630854865,-2120.78481759,-2116.88999569,96.04698933730369
fe_2_ammonia-N-0-0_ammonia-N-0-0_ammonia-N-0-0_formaldehyde-O-1-0_formaldehyde-O-1-0_formaldehyde-O-1-0_5,-2.371526227,-1774.839780909,-1774.914092626,-1772.542566399,96.86650241713744
cr_3_formaldehyde-O-1-0_formaldehyde-O-1-0_formaldehyde-O-1-0_formaldehyde-O-1-0_thiocyanate-S-0-d1_thiocyanate-S-0-d1_4,-3.133176559,-2481.676899523,-2481.815111784,-2478.681935225,95.58874967952336
fe_2_ammonia-N-0-0_ammonia-N-0-0_ammonia-N-0-0_cs-C-0-0_ammonia-N-0-0_cs-C-0-0_5,-2.080871797,-2359.697875573,-2359.776605859,-2357.695734062,96.21647589661627
fe_2_carbonyl-C-0-0_carbonyl-C-0-0_carbonyl-C-0-0_carbonyl-C-0-0_SH2-S-0-0_SH2-S-0-0_5,-2.357183687,-2512.736877761,-2512.828634165,-2510.471450478,96.10737149989482
fe_2_cs-C-0-0_cs-C-0-0_cs-C-0-0_cs-C-0-0_furan-O-0-0_furan-O-0-0_5,-3.615559732,-3464.333315214,-3464.50763947,-3460.892079738,95.17849879626182
fe_2_formaldehyde-O-1-0_formaldehyde-O-1-0_formaldehyde-O-1-0_formaldehyde-O-1-0_furan-O-0-0_furan-O-0-0_5,-3.875648247,-2178.916163332,-2179.066663454,-2175.191015207,96.11677550674356
fe_2_carbonyl-C-0-0_carbonyl-C-0-0_carbonyl-C-0-0_carbonyl-C-0-0_carbonyl-C-0-0_acetonitrile-N-1-0_5,-2.843265475,-1960.578872475,-1960.694474019,-1957.851208544,95.9341980192705
fe_2_carboxyl-O-1-d1_carboxyl-O-1-d1_carboxyl-O-1-d1_carboxyl-O-1-d1_furan-O-0-0_furan-O-0-0_5,-4.881396417,-2477.516341899,-2477.713886277,-2472.83248986,95.95311748679389
fe_2_carboxyl-O-1-d1_carboxyl-O-1-d1_carboxyl-O-1-d1_carboxyl-O-1-d1_carboxyl-O-1-d1_pyridine-N-3-0_5,-4.751543026,-2454.817171487,-2455.008655388,-2450.257112362,95.97006909224508
fe_2_cs-C-0-0_cs-C-0-0_cs-C-0-0_cs-C-0-0_cs-C-0-0_cs-C-0-0_5,-2.474939025,-3876.515213907,-3876.64905339,-3874.174114365,94.59221089295072
fe_2_fluoride-F-0-d1_fluoride-F-0-d1_fluoride-F-0-d1_pyridine-N-3-0_pyridine-N-3-0_pyridine-N-3-0_5,-4.370519327,-2305.620491809,-2305.801746317,-2301.43122699,95.85279243864268
fe_2_ammonia-N-0-0_ammonia-N-0-0_ammonia-N-0-0_ammonia-N-0-0_ammonia-N-0-0_ome2-O-0-0_5,-2.273346464,-1699.565735367,-1699.630820634,-1697.35747417,97.13702825193108
fe_2_ammonia-N-0-0_ammonia-N-0-0_ammonia-N-0-0_pyridine-N-3-0_pyridine-N-3-0_pyridine-N-3-0_5,-4.278363921,-2175.269842066,-2175.452187911,-2171.17382399,95.73795384481718
fe_2_carbonyl-C-0-0_carbonyl-C-0-0_carbonyl-C-0-0_chloride-Cl-0-d1_carbonyl-C-0-0_chloride-Cl-0-d1_5,-2.371917238,-2635.013199477,-2635.106426888,-2632.73450965,96.06953356102332
fe_2_acetonitrile-N-1-0_acetonitrile-N-1-0_acetonitrile-N-1-0_ammonia-N-0-0_ammonia-N-0-0_ammonia-N-0-0_5,-2.775235141,-1829.439087668,-1829.538929225,-1826.763694084,96.40241089754738
fe_2_formaldehyde-O-1-0_formaldehyde-O-1-0_formaldehyde-O-1-0_formaldehyde-O-1-0_formaldehyde-O-1-0_carbonyl-C-0-0_5,-2.828053487,-1947.186202555,-1947.285551334,-1944.457497847,96.48702616634408
fe_2_acetonitrile-N-1-0_acetonitrile-N-1-0_acetonitrile-N-1-0_imidazole-N-2-0_imidazole-N-2-0_imidazole-N-2-0_5,-4.82024294,-2337.461728918,-2337.669006682,-2332.8487637420003,95.69984819063416
fe_2_ammonia-N-0-0_ammonia-N-0-0_ammonia-N-0-0_carbonyl-C-0-0_carbonyl-C-0-0_carbonyl-C-0-0_5,-2.279418466,-1771.239928628,-1771.319744856,-1769.04032639,96.49839513057177
fe_2_acetonitrile-N-1-0_acetonitrile-N-1-0_acetonitrile-N-1-0_acetonitrile-N-1-0_acetonitrile-N-1-0_cs-C-0-0_5,-3.469304466,-2360.72812763,-2360.874192698,-2357.4048882320003,95.78978814250068
fe_2_formaldehyde-O-1-0_formaldehyde-O-1-0_SH2-S-0-0_SH2-S-0-0_formaldehyde-O-1-0_SH2-S-0-0_5,-2.278738883,-2802.130720479,-2802.207271933,-2799.92853305,96.64062194353367
fe_2_cs-C-0-0_cs-C-0-0_cs-C-0-0_thiocyanate-S-0-d1_thiocyanate-S-0-d1_thiocyanate-S-0-d1_5,-3.153856846,-4041.327150627,-4041.492122031,-4038.338265185,94.76921711874309
fe_2_formaldehyde-O-1-0_formaldehyde-O-1-0_formaldehyde-O-1-0_formaldehyde-O-1-0_carbonyl-C-0-0_carbonyl-C-0-0_5,-2.79514038,-1945.986550969,-1946.087557543,-1943.292417163,96.38635058465586
fe_2_SH2-S-0-0_SH2-S-0-0_SH2-S-0-0_SH2-S-0-0_SH2-S-0-0_cs-C-0-0_5,-1.832445217,-3692.651353783,-3692.72045988,-3690.888014663,96.22874963143754
fe_2_SH2-S-0-0_SH2-S-0-0_SH2-S-0-0_SH2-S-0-0_pyridine-N-3-0_pyridine-N-3-0_5,-3.359374483,-3353.677380682,-3353.819835299,-3350.460460816,95.75948981810352
fe_2_cs-C-0-0_cs-C-0-0_cs-C-0-0_cs-C-0-0_cs-C-0-0_furan-O-0-0_5,-3.048025117,-3670.423760125,-3670.578251386,-3667.530226269,94.93143084228828
fe_2_carbonyl-C-0-0_carbonyl-C-0-0_carbonyl-C-0-0_carbonyl-C-0-0_fluoride-F-0-d1_fluoride-F-0-d1_5,-2.474308284,-1915.037488378,-1915.126468275,-1912.652159991,96.40384758943289
fe_2_acetonitrile-N-1-0_acetonitrile-N-1-0_acetonitrile-N-1-0_acetonitrile-N-1-0_acetonitrile-N-1-0_ome2-O-0-0_5,-3.762192271,-2079.807509282,-2079.95365863,-2076.191466359,96.11531422445728
fe_2_SH2-S-0-0_SH2-S-0-0_SH2-S-0-0_SH2-S-0-0_carbonyl-C-0-0_carbonyl-C-0-0_5,-2.028998119,-3084.308055784,-3084.381997573,-3082.352999454,96.35574876547896
cr_3_imidazole-N-2-0_imidazole-N-2-0_imidazole-N-2-0_imidazole-N-2-0_hydroxyl-O-0-d1_hydroxyl-O-0-d1_4,-4.61511962,-2098.32193996,-2098.526579201,-2093.911459581,95.5658951912418
cr_3_pyridine-N-3-0_pyridine-N-3-0_pyridine-N-3-0_pyridine-N-3-0_chloride-Cl-0-d1_chloride-Cl-0-d1_4,-5.005070484,-2954.297825026,-2954.53818479,-2949.533114306,95.1976747426768
fe_2_SH2-S-0-0_SH2-S-0-0_SH2-S-0-0_SH2-S-0-0_SH2-S-0-0_SH2-S-0-0_5,-1.697634444,-3655.873429125,-3655.928991932,-3654.231357488,96.72704526015404
fe_2_ammonia-N-0-0_ammonia-N-0-0_ammonia-N-0-0_ammonia-N-0-0_furan-O-0-0_furan-O-0-0_5,-3.22123551,-1947.510729688,-1947.62999133,-1944.40875582,96.29764288796711
fe_2_ammonia-N-0-0_ammonia-N-0-0_ammonia-N-0-0_ammonia-N-0-0_acetonitrile-N-1-0_acetonitrile-N-1-0_5,-2.477747421,-1753.389911982,-1753.473549829,-1750.995802408,96.62444015515898
cr_3_formaldehyde-O-1-0_formaldehyde-O-1-0_formaldehyde-O-1-0_ome2-O-0-0_ome2-O-0-0_ome2-O-0-0_4,-3.484323969,-1850.008960436,-1850.132064526,-1846.647740557,96.46691607625073
fe_2_cs-C-0-0_cs-C-0-0_ome2-O-0-0_ome2-O-0-0_cs-C-0-0_ome2-O-0-0_5,-3.351825,-3033.74826892,-3033.882964554,-3030.531139554,95.98142403020252
fe_2_ammonia-N-0-0_ammonia-N-0-0_ome2-O-0-0_ome2-O-0-0_ammonia-N-0-0_ome2-O-0-0_5,-3.056365724,-1896.132939276,-1896.226183353,-1893.169817629,96.94918457343556
fe_2_acetonitrile-N-1-0_acetonitrile-N-1-0_acetonitrile-N-1-0_acetonitrile-N-1-0_cs-C-0-0_cs-C-0-0_5,-3.268872658,-2663.887269205,-2664.030914293,-2660.762041635,95.6056688947924
fe_2_carbonyl-C-0-0_carbonyl-C-0-0_carbonyl-C-0-0_carbonyl-C-0-0_carbonyl-C-0-0_amine-N-0-d1_5,-2.571998213,-1884.253111018,-1884.357084471,-1881.785086258,95.95748346656936
fe_2_formaldehyde-O-1-0_formaldehyde-O-1-0_formaldehyde-O-1-0_formaldehyde-O-1-0_formaldehyde-O-1-0_SH2-S-0-0_5,-2.667686047,-2232.967567321,-2233.058260499,-2230.390574452,96.60030541817916
fe_2_carbonyl-C-0-0_carbonyl-C-0-0_carbonyl-C-0-0_carbonyl-C-0-0_carbonyl-C-0-0_furan-O-0-0_5,-3.216407833,-2057.632608763,-2057.765907203,-2054.54949937,95.85567356750327
fe_2_acetonitrile-N-1-0_acetonitrile-N-1-0_acetonitrile-N-1-0_water-O-0-0_water-O-0-0_water-O-0-0_5,-2.831782113,-1888.995465664,-1889.094296244,-1886.262514131,96.5099511171326
fe_2_formaldehyde-O-1-0_formaldehyde-O-1-0_formaldehyde-O-1-0_formaldehyde-O-1-0_cs-C-0-0_cs-C-0-0_5,-2.734095092,-2591.0955849,-2591.205584204,-2588.471489112,95.97675646609996
fe_2_formaldehyde-O-1-0_formaldehyde-O-1-0_formaldehyde-O-1-0_formaldehyde-O-1-0_formaldehyde-O-1-0_thiocyanate-S-0-d1_5,-3.017135704,-2324.776345924,-2324.889350828,-2321.872215124,96.25456343080268
cr_3_water-O-0-0_water-O-0-0_water-O-0-0_water-O-0-0_chloride-Cl-0-d1_chloride-Cl-0-d1_4,-1.874987188,-2268.400153491,-2268.461230776,-2266.586243588,96.7425225414376
fe_2_acetonitrile-N-1-0_acetonitrile-N-1-0_acetonitrile-N-1-0_acetonitrile-N-1-0_acetonitrile-N-1-0_SH2-S-0-0_5,-3.340611666,-2323.958661387,-2324.091595956,-2320.7509842900004,96.0206518359132
fe_2_amine-N-0-d1_amine-N-0-d1_amine-N-0-d1_amine-N-0-d1_pyridine-N-3-0_pyridine-N-3-0_5,-3.543673807,-1981.733413014,-1981.884475692,-1978.340801885,95.7371167261047
fe_2_carbonyl-C-0-0_carbonyl-C-0-0_carbonyl-C-0-0_cs-C-0-0_cs-C-0-0_cs-C-0-0_5,-2.576881596,-2908.855315915,-2908.976149781,-2906.399268185,95.31084912137874
fe_2_cs-C-0-0_cs-C-0-0_cs-C-0-0_cs-C-0-0_acetonitrile-N-1-0_acetonitrile-N-1-0_5,-2.867993768,-3270.204235105,-3270.34273436,-3267.474740592,95.17086624993448
fe_2_carboxyl-O-1-d1_carboxyl-O-1-d1_carboxyl-O-1-d1_carboxyl-O-1-d1_ome2-O-0-0_ome2-O-0-0_5,-4.32782758,-2327.835024093,-2327.99263179,-2323.66480421,96.35827227201702
cr_3_thiocyanate-S-0-d1_thiocyanate-S-0-d1_thiocyanate-S-0-d1_thiocyanate-S-0-d1_formaldehyde-O-1-0_formaldehyde-O-1-0_4,-3.443495006,-3234.18873335,-3234.358109028,-3230.914614022,95.0812857952456
fe_2_cyanide-C-0-d1_cyanide-C-0-d1_cyanide-C-0-d1_cyanide-C-0-d1_pyridine-N-3-0_pyridine-N-3-0_5,-3.955310999,-2129.237036281,-2129.420511924,-2125.465200925,95.36128402934564
fe_2_formaldehyde-O-1-0_formaldehyde-O-1-0_formaldehyde-O-1-0_formaldehyde-O-1-0_chloride-Cl-0-d1_chloride-Cl-0-d1_5,-2.511849771,-2639.760091644,-2639.84731288,-2637.335463109,96.52760937349906
fe_2_formaldehyde-O-1-0_formaldehyde-O-1-0_formaldehyde-O-1-0_SH2-S-0-0_formaldehyde-O-1-0_SH2-S-0-0_5,-2.473030617,-2517.549720763,-2517.633320872,-2515.160290255,96.61952794174644
fe_2_SH2-S-0-0_SH2-S-0-0_SH2-S-0-0_SH2-S-0-0_SH2-S-0-0_thiocyanate-S-0-d1_5,-2.052803727,-3747.715956322,-3747.794214309,-3745.741410582,96.1877511244376
fe_2_SH2-S-0-0_SH2-S-0-0_SH2-S-0-0_SH2-S-0-0_SH2-S-0-0_carbonyl-C-0-0_5,-1.86398955,-3370.09131875,-3370.156150656,-3368.292161106,96.52187395578122
fe_2_formaldehyde-O-1-0_formaldehyde-O-1-0_formaldehyde-O-1-0_formaldehyde-O-1-0_formaldehyde-O-1-0_cs-C-0-0_5,-2.79837531,-2269.740432876,-2269.84433805,-2267.04596274,96.286946442516
cr_3_pyridine-N-3-0_pyridine-N-3-0_pyridine-N-3-0_pyridine-N-3-0_hydroxyl-O-0-d1_hydroxyl-O-0-d1_4,-5.088939157,-2186.247117141,-2186.484455304,-2181.3955161470003,95.33619570448931
fe_2_ammonia-N-0-0_ammonia-N-0-0_ammonia-N-0-0_water-O-0-0_water-O-0-0_water-O-0-0_5,-1.940541953,-1660.846676934,-1660.896918195,-1658.9563762419998,97.41096754326186
fe_2_chloride-Cl-0-d1_chloride-Cl-0-d1_chloride-Cl-0-d1_misc-C-4-0_misc-C-4-0_misc-C-4-0_5,-2.718824801,-3039.672611217,-3039.778610031,-3037.05978523,96.10130031325173
fe_2_ammonia-N-0-0_ammonia-N-0-0_ammonia-N-0-0_ammonia-N-0-0_SH2-S-0-0_SH2-S-0-0_5,-1.819920637,-2286.153409238,-2286.205713491,-2284.385792854,97.12601462192886
fe_2_cs-C-0-0_cs-C-0-0_cs-C-0-0_cs-C-0-0_cs-C-0-0_SH2-S-0-0_5,-2.348783863,-3839.744415987,-3839.865534027,-3837.516750164,94.84337226987432
fe_2_carbonyl-C-0-0_carbonyl-C-0-0_carbonyl-C-0-0_furan-O-0-0_carbonyl-C-0-0_furan-O-0-0_5,-3.753364362,-2174.102395351,-2174.260374099,-2170.507009737,95.79100953801702
fe_2_ammonia-N-0-0_ammonia-N-0-0_ammonia-N-0-0_carboxyl-O-1-d1_ammonia-N-0-0_carboxyl-O-1-d1_5,-2.720219701,-1866.520123152,-1866.610934777,-1863.890715076,96.6616069662783
fe_2_carbonyl-C-0-0_carbonyl-C-0-0_carbonyl-C-0-0_carbonyl-C-0-0_cyanide-C-0-d1_cyanide-C-0-d1_5,-2.657190771,-1900.836941194,-1900.949373083,-1898.292182312,95.76876864743546
fe_2_acetonitrile-N-1-0_acetonitrile-N-1-0_acetonitrile-N-1-0_ome2-O-0-0_ome2-O-0-0_ome2-O-0-0_5,-3.948853136,-2124.280169751,-2124.422018305,-2120.4731651690004,96.40785440442716
fe_2_formaldehyde-O-1-0_formaldehyde-O-1-0_formaldehyde-O-1-0_formaldehyde-O-1-0_formaldehyde-O-1-0_acetonitrile-N-1-0_5,-2.997793571,-1966.583130418,-1966.689546214,-1963.691752643,96.45019600317694
fe_2_carbonyl-C-0-0_carbonyl-C-0-0_formaldehyde-O-1-0_formaldehyde-O-1-0_carbonyl-C-0-0_formaldehyde-O-1-0_5,-2.761699931,-1944.779829764,-1944.882252844,-1942.120552913,96.29130309016034
fe_2_ammonia-N-0-0_ammonia-N-0-0_ammonia-N-0-0_ammonia-N-0-0_ammonia-N-0-0_formaldehyde-O-1-0_5,-2.046077131,-1659.134883623,-1659.19381112,-1657.147733989,97.11997675418688
fe_2_ammonia-N-0-0_ammonia-N-0-0_ammonia-N-0-0_ammonia-N-0-0_ammonia-N-0-0_misc-C-4-0_5,-2.18066643,-1677.300164502,-1677.367759189,-1675.187092759,96.900273876361
fe_2_ammonia-N-0-0_ammonia-N-0-0_ammonia-N-0-0_ammonia-N-0-0_chloride-Cl-0-d1_chloride-Cl-0-d1_5,-1.844099548,-2408.365851066,-2408.419809919,-2406.575710371,97.07397287426647
cr_3_water-O-0-0_water-O-0-0_water-O-0-0_water-O-0-0_cs-C-0-0_cs-C-0-0_4,-2.104739699,-2219.402411356,-2219.485943132,-2217.381203433,96.03125383914848
fe_2_acetonitrile-N-1-0_acetonitrile-N-1-0_acetonitrile-N-1-0_cs-C-0-0_cs-C-0-0_cs-C-0-0_5,-3.070882442,-2967.045280312,-2967.186725657,-2964.115843215,95.3939837271087
fe_2_ammonia-N-0-0_ammonia-N-0-0_ammonia-N-0-0_ammonia-N-0-0_pyridine-N-3-0_pyridine-N-3-0_5,-3.478243124,-1983.94291772,-1984.081585631,-1980.603342507,96.01327721908808
fe_2_acetonitrile-N-1-0_acetonitrile-N-1-0_acetonitrile-N-1-0_acetonitrile-N-1-0_ome2-O-0-0_ome2-O-0-0_5,-3.853239403,-2102.041504653,-2102.185215837,-2098.3319764340004,96.27038008880814
fe_2_acetonitrile-N-1-0_acetonitrile-N-1-0_acetonitrile-N-1-0_acetonitrile-N-1-0_water-O-0-0_water-O-0-0_5,-3.110042931,-1945.186023422,-1945.301230949,-1942.191188018,96.29562904577196
cr_3_phosphine-P-0-0_phosphine-P-0-0_phosphine-P-0-0_ome2-O-0-0_phosphine-P-0-0_ome2-O-0-0_4,-2.422481088,-2722.956632774,-2723.044873388,-2720.6223923,96.35742815756196
fe_2_ammonia-N-0-0_ammonia-N-0-0_ammonia-N-0-0_ammonia-N-0-0_thiocyanate-S-0-d1_thiocyanate-S-0-d1_5,-2.519732334,-2469.700894789,-2469.79765266,-2467.277920326,96.1599940718036
fe_2_carbonyl-C-0-0_carbonyl-C-0-0_carbonyl-C-0-0_pyridine-N-3-0_pyridine-N-3-0_pyridine-N-3-0_5,-4.674306006,-2345.240486088,-2345.452399216,-2340.77809321,95.46642586668882
fe_3_cyanide-C-0-d1_cyanide-C-0-d1_fluoride-F-0-d1_fluoride-F-0-d1_cyanide-C-0-d1_fluoride-F-0-d1_6,-2.284353655,-1840.071397812,-1840.156134705,-1837.87178105,96.2905527865727
fe_3_carbonyl-C-0-0_carbonyl-C-0-0_carbonyl-C-0-0_water-O-0-0_carbonyl-C-0-0_water-O-0-0_6,-2.430899817,-1866.903684793,-1866.996819554,-1864.565919737,96.16871249284614
fe_2_furan-O-0-0_furan-O-0-0_furan-O-0-0_water-O-0-0_water-O-0-0_water-O-0-0_5,-3.947380052,-2180.18216189,-2180.334521075,-2176.387141023,96.14024535279148
fe_3_cyanide-C-0-d1_cyanide-C-0-d1_cyanide-C-0-d1_chloride-Cl-0-d1_cyanide-C-0-d1_chloride-Cl-0-d1_6,-2.286943726,-2553.028203767,-2553.129681233,-2550.842737507,95.56274757238538
fe_2_misc-C-4-0_misc-C-4-0_misc-C-4-0_chloride-Cl-0-d1_misc-C-4-0_chloride-Cl-0-d1_5,-3.031671743,-2712.336302249,-2712.456650838,-2709.424979095,96.03028958270704
fe_2_ome2-O-0-0_ome2-O-0-0_ome2-O-0-0_ome2-O-0-0_chloride-Cl-0-d1_chloride-Cl-0-d1_5,-3.408744683,-2801.486064976,-2801.59653234,-2798.187787657,96.75929486443384
fe_3_imidazole-N-2-0_imidazole-N-2-0_imidazole-N-2-0_pyridine-N-3-0_imidazole-N-2-0_pyridine-N-3-0_6,-6.18672334,-2660.89282425,-2661.180123649,-2654.993400309,95.35619449567784
fe_3_cyanide-C-0-d1_cyanide-C-0-d1_cyanide-C-0-d1_cyanide-C-0-d1_cs-C-0-0_cs-C-0-0_6,-2.538521056,-2505.032653189,-2505.160765027,-2502.622243971,94.9532883449142
fe_2_imidazole-N-2-0_imidazole-N-2-0_imidazole-N-2-0_imidazole-N-2-0_carboxyl-O-1-d1_carboxyl-O-1-d1_5,-5.437200452,-2543.83560525,-2544.068853932,-2538.63165348,95.71013274093656
fe_3_acetonitrile-N-1-0_acetonitrile-N-1-0_acetonitrile-N-1-0_carbonyl-C-0-0_acetonitrile-N-1-0_carbonyl-C-0-0_6,-3.300609195,-2018.243398285,-2018.382355027,-2015.081745832,95.7899668276303
fe_2_furan-O-0-0_furan-O-0-0_furan-O-0-0_ome2-O-0-0_ome2-O-0-0_ome2-O-0-0_5,-5.071096234,-2415.477099635,-2415.67347819,-2410.602381956,96.12749303230412
fe_2_formaldehyde-O-1-0_formaldehyde-O-1-0_formaldehyde-O-1-0_formaldehyde-O-1-0_ome2-O-0-0_ome2-O-0-0_5,-3.318046596,-2029.251758883,-2029.362119623,-2026.044073027,96.67392434654424
fe_2_ome2-O-0-0_ome2-O-0-0_phosphine-P-0-0_phosphine-P-0-0_ome2-O-0-0_phosphine-P-0-0_5,-2.90493585,-2754.716263568,-2754.808198296,-2751.903262446,96.83522346975457
fe_3_misc-C-4-0_misc-C-4-0_misc-C-4-0_misc-C-4-0_pyridine-N-3-0_pyridine-N-3-0_6,-4.646514018,-2287.516862293,-2287.72586988,-2283.0793558620003,95.5018410319955
fe_3_cyanide-C-0-d1_cyanide-C-0-d1_cyanide-C-0-d1_hydroxyl-O-0-d1_cyanide-C-0-d1_hydroxyl-O-0-d1_6,-2.383427678,-1784.934632668,-1785.037436835,-1782.654009157,95.68670918992034
fe_3_chloride-Cl-0-d1_chloride-Cl-0-d1_chloride-Cl-0-d1_imidazole-N-2-0_imidazole-N-2-0_imidazole-N-2-0_6,-3.846675091,-3319.605675739,-3319.774111418,-3315.927436327,95.62126576810212
fe_2_imidazole-N-2-0_imidazole-N-2-0_imidazole-N-2-0_acetonitrile-N-1-0_imidazole-N-2-0_acetonitrile-N-1-0_5,-5.205896097,-2430.763601041,-2430.990826713,-2425.784930616,95.63522460367726
fe_3_furan-O-0-0_furan-O-0-0_furan-O-0-0_thiocyanate-S-0-d1_furan-O-0-0_thiocyanate-S-0-d1_6,-5.195048324,-3161.847451964,-3162.083172473,-3156.8881241490003,95.46259256316394
fe_2_ome2-O-0-0_ome2-O-0-0_ome2-O-0-0_SH2-S-0-0_ome2-O-0-0_SH2-S-0-0_5,-3.386853874,-2679.278666856,-2679.387619359,-2676.000765485,96.78307635778734
fe_2_formaldehyde-O-1-0_formaldehyde-O-1-0_misc-C-4-0_misc-C-4-0_formaldehyde-O-1-0_misc-C-4-0_5,-3.268422568,-2002.87401971,-2002.998131248,-1999.72970868,96.202708327406
fe_2_water-O-0-0_water-O-0-0_water-O-0-0_imidazole-N-2-0_water-O-0-0_imidazole-N-2-0_5,-3.32024745,-2019.399985613,-2019.521245005,-2016.200997555,96.34788087856866
fe_2_formaldehyde-O-1-0_formaldehyde-O-1-0_formaldehyde-O-1-0_water-O-0-0_water-O-0-0_water-O-0-0_5,-2.428943003,-1834.394206385,-1834.467710004,-1832.038767001,96.9738433998142
fe_2_imidazole-N-2-0_imidazole-N-2-0_imidazole-N-2-0_cyanide-C-0-d1_imidazole-N-2-0_cyanide-C-0-d1_5,-4.854530618,-2351.491852447,-2351.709889358,-2346.85535874,95.50858923019716
fe_2_phosphine-P-0-0_phosphine-P-0-0_phosphine-P-0-0_phosphine-P-0-0_water-O-0-0_water-O-0-0_5,-1.715875627,-2785.768929168,-2785.817055478,-2784.101179851,97.1952331950698
fe_2_furan-O-0-0_furan-O-0-0_furan-O-0-0_SH2-S-0-0_SH2-S-0-0_SH2-S-0-0_5,-3.803328573,-3147.924080328,-3148.080277798,-3144.2769492250004,95.89313762925153
fe_2_water-O-0-0_water-O-0-0_water-O-0-0_water-O-0-0_water-O-0-0_ome2-O-0-0_5,-2.366483789,-1798.830138179,-1798.893066874,-1796.526583085,97.34083557671492
fe_2_furan-O-0-0_furan-O-0-0_furan-O-0-0_furan-O-0-0_furan-O-0-0_cs-C-0-0_5,-5.335968026,-2846.064352539,-2846.300453719,-2840.964485693,95.57528870395387
fe_2_phosphine-P-0-0_phosphine-P-0-0_phosphine-P-0-0_ammonia-N-0-0_phosphine-P-0-0_ammonia-N-0-0_5,-1.680078187,-2746.068056676,-2746.11710312,-2744.437024933,97.08070467319398
fe_2_water-O-0-0_water-O-0-0_water-O-0-0_water-O-0-0_SH2-S-0-0_SH2-S-0-0_5,-1.893603943,-2365.561032478,-2365.611763769,-2363.718159826,97.3209133204734
fe_2_pyridine-N-3-0_pyridine-N-3-0_pyridine-N-3-0_pyridine-N-3-0_pyridine-N-3-0_cs-C-0-0_5,-5.979298742,-2937.124128337,-2937.408801565,-2931.429502823,95.23901982016253
fe_2_formaldehyde-O-1-0_formaldehyde-O-1-0_ome2-O-0-0_ome2-O-0-0_formaldehyde-O-1-0_ome2-O-0-0_5,-3.547787353,-2069.681635121,-2069.798470382,-2066.250683029,96.7068133071418
fe_2_water-O-0-0_water-O-0-0_water-O-0-0_acetonitrile-N-1-0_water-O-0-0_acetonitrile-N-1-0_5,-2.55321665,-1832.798627397,-1832.880904367,-1830.327687717,96.7775170978891
fe_2_ome2-O-0-0_ome2-O-0-0_ome2-O-0-0_ome2-O-0-0_formaldehyde-O-1-0_formaldehyde-O-1-0_5,-3.772381943,-2110.118636576,-2110.241233038,-2106.468851095,96.7501577556984
fe_3_ome2-O-0-0_ome2-O-0-0_ome2-O-0-0_ome2-O-0-0_ome2-O-0-0_cs-C-0-0_6,-3.913775637,-2471.372924113,-2471.51296997,-2467.599194333,96.4217198432098
fe_3_misc-C-4-0_misc-C-4-0_misc-C-4-0_fluoride-F-0-d1_misc-C-4-0_fluoride-F-0-d1_6,-3.1044082,-1992.152413434,-1992.272397514,-1989.167989314,96.1350417770474
fe_3_chloride-Cl-0-d1_chloride-Cl-0-d1_cyanide-C-0-d1_cyanide-C-0-d1_chloride-Cl-0-d1_cyanide-C-0-d1_6,-2.146948606,-2920.093503999,-2920.185333723,-2918.038385117,95.72277958851092
fe_3_chloride-Cl-0-d1_chloride-Cl-0-d1_chloride-Cl-0-d1_chloride-Cl-0-d1_chloride-Cl-0-d1_pyridine-N-3-0_6,-2.554884588,-3809.501520467,-3809.608529802,-3807.053645214,95.811578515025
fe_2_formaldehyde-O-1-0_formaldehyde-O-1-0_formaldehyde-O-1-0_pyridine-N-3-0_pyridine-N-3-0_pyridine-N-3-0_5,-4.769760446,-2348.822813499,-2349.029125839,-2344.259365393,95.67457648375417
fe_2_ome2-O-0-0_ome2-O-0-0_ome2-O-0-0_misc-C-4-0_misc-C-4-0_misc-C-4-0_5,-3.949575814,-2124.176663141,-2124.319092845,-2120.369517031,96.39379744288416
fe_2_pyridine-N-3-0_pyridine-N-3-0_pyridine-N-3-0_pyridine-N-3-0_pyridine-N-3-0_thiocyanate-S-0-d1_5,-6.199050118,-2992.133304479,-2992.426621691,-2986.227571573,95.26835230532144
fe_2_pyridine-N-3-0_pyridine-N-3-0_pyridine-N-3-0_pyridine-N-3-0_acetonitrile-N-1-0_acetonitrile-N-1-0_5,-5.674466959,-2518.690228308,-2518.948528111,-2513.2740611520003,95.44803406440232
fe_3_hydroxyl-O-0-d1_hydroxyl-O-0-d1_hydroxyl-O-0-d1_hydroxyl-O-0-d1_imidazole-N-2-0_imidazole-N-2-0_6,-3.329580531,-2017.466211423,-2017.598773473,-2014.269192942,96.01865614104248
fe_2_furan-O-0-0_furan-O-0-0_furan-O-0-0_furan-O-0-0_furan-O-0-0_water-O-0-0_5,-5.253265032,-2486.711806326,-2486.933467185,-2481.680202153,95.78051254505556
fe_2_ome2-O-0-0_ome2-O-0-0_ome2-O-0-0_ome2-O-0-0_ome2-O-0-0_hydroxyl-O-0-d1_5,-3.872576742,-2112.253541323,-2112.377232293,-2108.504655551,96.80597756376224
fe_2_furan-O-0-0_furan-O-0-0_phosphine-P-0-0_phosphine-P-0-0_furan-O-0-0_phosphine-P-0-0_5,-3.742239508,-2979.212003254,-2979.364439234,-2975.6221997260004,95.9266107988436
fe_2_water-O-0-0_water-O-0-0_water-O-0-0_water-O-0-0_water-O-0-0_carbonyl-C-0-0_5,-2.108745036,-1757.199722742,-1757.25868057,-1755.149935534,97.20412724186716
fe_3_cs-C-0-0_cs-C-0-0_cs-C-0-0_ammonia-N-0-0_cs-C-0-0_ammonia-N-0-0_6,-2.250184508,-3117.573400687,-3117.682176587,-3115.431992079,95.16591196795729
fe_2_phosphine-P-0-0_phosphine-P-0-0_phosphine-P-0-0_chloride-Cl-0-d1_phosphine-P-0-0_chloride-Cl-0-d1_5,-1.646788914,-3553.157605916,-3553.210558719,-3551.563769805,96.78448145055953
fe_2_phosphine-P-0-0_phosphine-P-0-0_phosphine-P-0-0_misc-C-4-0_misc-C-4-0_misc-C-4-0_5,-2.628973443,-2687.914555246,-2688.014062484,-2685.385089041,96.21497743672955
fe_2_misc-C-4-0_misc-C-4-0_misc-C-4-0_water-O-0-0_misc-C-4-0_water-O-0-0_5,-3.113571811,-1945.044987213,-1945.161384552,-1942.047812741,96.26161379708964
fe_2_water-O-0-0_water-O-0-0_water-O-0-0_water-O-0-0_formaldehyde-O-1-0_formaldehyde-O-1-0_5,-2.284372296,-1796.397982218,-1796.463316876,-1794.17894458,97.13992950647824
fe_3_carbonyl-C-0-0_carbonyl-C-0-0_carbonyl-C-0-0_carbonyl-C-0-0_carbonyl-C-0-0_thiocyanate-S-0-d1_6,-2.978636172,-2318.301289581,-2318.448419972,-2315.4697838,95.06047793339
fe_2_phosphine-P-0-0_phosphine-P-0-0_phosphine-P-0-0_phosphine-P-0-0_phosphine-P-0-0_carboxyl-O-1-d1_5,-2.109504259,-3164.902195725,-3164.974455699,-3162.86495144,96.57455187912328
fe_3_imidazole-N-2-0_imidazole-N-2-0_imidazole-N-2-0_imidazole-N-2-0_imidazole-N-2-0_hydroxyl-O-0-d1_6,-5.296335507,-2467.245127403,-2467.48165049,-2462.185314983,95.53421253832344
fe_3_acetonitrile-N-1-0_acetonitrile-N-1-0_acetonitrile-N-1-0_acetonitrile-N-1-0_acetonitrile-N-1-0_hydroxyl-O-0-d1_6,-3.379649504,-2000.722085409,-2000.861793903,-1997.482144399,95.86618393905992
fe_3_cs-C-0-0_cs-C-0-0_cs-C-0-0_cyanide-C-0-d1_cs-C-0-0_cyanide-C-0-d1_6,-2.509588898,-3190.72594187,-3190.861466332,-3188.351877434,94.5997345578003
fe_3_cs-C-0-0_cs-C-0-0_cs-C-0-0_pyridine-N-3-0_cs-C-0-0_pyridine-N-3-0_6,-3.849232966,-3500.26653571,-3500.464656331,-3496.615423365,94.85298440624446
fe_2_pyridine-N-3-0_pyridine-N-3-0_pyridine-N-3-0_pyridine-N-3-0_furan-O-0-0_furan-O-0-0_5,-6.423175376,-2712.825022068,-2713.12091429,-2706.697738914,95.39336535780114
fe_3_hydroxyl-O-0-d1_hydroxyl-O-0-d1_hydroxyl-O-0-d1_hydroxyl-O-0-d1_ome2-O-0-0_ome2-O-0-0_6,-2.758326254,-1875.391263061,-1875.481441823,-1872.723115569,96.7306709324418
fe_2_furan-O-0-0_furan-O-0-0_furan-O-0-0_furan-O-0-0_furan-O-0-0_SH2-S-0-0_5,-5.205486313,-2809.287400676,-2809.510284434,-2804.304798121,95.718291344974
fe_2_ome2-O-0-0_ome2-O-0-0_ome2-O-0-0_ome2-O-0-0_ome2-O-0-0_furan-O-0-0_5,-4.51316819,-2265.809151475,-2265.965346716,-2261.452178526,96.53912208842388
fe_3_cyanide-C-0-d1_cyanide-C-0-d1_cyanide-C-0-d1_cyanide-C-0-d1_cyanide-C-0-d1_water-O-0-0_6,-2.486041106,-1802.685886757,-1802.797432856,-1800.31139175,95.51310319323215
fe_2_ome2-O-0-0_ome2-O-0-0_ome2-O-0-0_ome2-O-0-0_ammonia-N-0-0_ammonia-N-0-0_5,-3.446167538,-1994.416360849,-1994.523330296,-1991.077162758,96.89598820079394
fe_2_formaldehyde-O-1-0_formaldehyde-O-1-0_formaldehyde-O-1-0_formaldehyde-O-1-0_pyridine-N-3-0_pyridine-N-3-0_5,-4.134207349,-2215.347737629,-2215.517978268,-2211.383770919,95.88214560546518
fe_3_acetonitrile-N-1-0_acetonitrile-N-1-0_acetonitrile-N-1-0_misc-C-4-0_acetonitrile-N-1-0_misc-C-4-0_6,-3.634426697,-2057.011945579,-2057.163924655,-2053.529497958,95.81834801826297
fe_2_imidazole-N-2-0_imidazole-N-2-0_imidazole-N-2-0_imidazole-N-2-0_imidazole-N-2-0_misc-C-4-0_5,-5.590344849,-2524.025180757,-2524.272559602,-2518.682214753,95.57489114388734
fe_2_furan-O-0-0_furan-O-0-0_furan-O-0-0_ome2-O-0-0_furan-O-0-0_ome2-O-0-0_5,-5.350322988,-2490.311639174,-2490.528136494,-2485.1778135060003,95.95356541117371
fe_3_cs-C-0-0_cs-C-0-0_cs-C-0-0_pyridine-N-3-0_pyridine-N-3-0_pyridine-N-3-0_6,-4.550062741,-3312.402619578,-3312.631586794,-3308.081524053,94.96782288436025
fe_2_ome2-O-0-0_ome2-O-0-0_ome2-O-0-0_acetonitrile-N-1-0_ome2-O-0-0_acetonitrile-N-1-0_5,-4.043091335,-2146.513127745,-2146.652946641,-2142.609855306,96.54178240323924
fe_3_imidazole-N-2-0_imidazole-N-2-0_imidazole-N-2-0_formaldehyde-O-1-0_imidazole-N-2-0_formaldehyde-O-1-0_6,-4.908220757,-2393.913090895,-2394.126690542,-2389.218469785,95.64812469579591
fe_3_carbonyl-C-0-0_carbonyl-C-0-0_carbonyl-C-0-0_phosphine-P-0-0_phosphine-P-0-0_phosphine-P-0-0_6,-2.107319317,-2629.201282835,-2629.284541551,-2627.177222234,96.049069767045
fe_2_ome2-O-0-0_ome2-O-0-0_ome2-O-0-0_ome2-O-0-0_ome2-O-0-0_ome2-O-0-0_5,-4.233950611,-2190.973980331,-2191.110005279,-2186.876054668,96.78728071021176
fe_2_water-O-0-0_water-O-0-0_water-O-0-0_water-O-0-0_water-O-0-0_misc-C-4-0_5,-2.276815523,-1776.568237751,-1776.634289534,-1774.3574740109998,97.0989400620041
fe_2_formaldehyde-O-1-0_formaldehyde-O-1-0_formaldehyde-O-1-0_furan-O-0-0_furan-O-0-0_furan-O-0-0_5,-4.381522808,-2294.176154645,-2294.352911794,-2289.9713889860004,95.96585121781258
fe_2_furan-O-0-0_furan-O-0-0_furan-O-0-0_misc-C-4-0_furan-O-0-0_misc-C-4-0_5,-5.161533152,-2445.771449127,-2445.992339242,-2440.83080609,95.7204553667463
fe_2_furan-O-0-0_furan-O-0-0_furan-O-0-0_furan-O-0-0_imidazole-N-2-0_imidazole-N-2-0_5,-5.930252332,-2632.450332847,-2632.710158206,-2626.779905874,95.61864581043004
fe_2_ome2-O-0-0_ome2-O-0-0_ome2-O-0-0_ome2-O-0-0_furan-O-0-0_furan-O-0-0_5,-4.792409918,-2340.643737387,-2340.820108741,-2336.027698823,96.31977737677455
fe_3_cyanide-C-0-d1_cyanide-C-0-d1_cyanide-C-0-d1_fluoride-F-0-d1_cyanide-C-0-d1_fluoride-F-0-d1_6,-2.377882565,-1833.017437261,-1833.114335685,-1830.73645312,95.92501221774434
fe_3_carboxyl-O-1-d1_carboxyl-O-1-d1_carboxyl-O-1-d1_fluoride-F-0-d1_carboxyl-O-1-d1_fluoride-F-0-d1_6,-3.56446631,-2217.701633244,-2217.832132767,-2214.267666457,96.33887623979024
fe_3_misc-C-4-0_misc-C-4-0_misc-C-4-0_misc-C-4-0_ammonia-N-0-0_ammonia-N-0-0_6,-3.050195634,-1904.836791372,-1904.957217495,-1901.907021861,96.05185576762683
fe_2_ome2-O-0-0_ome2-O-0-0_ome2-O-0-0_ome2-O-0-0_ome2-O-0-0_formaldehyde-O-1-0_5,-4.002016651,-2150.54254385,-2150.671741455,-2146.669724804,96.7716874699263
fe_2_water-O-0-0_water-O-0-0_water-O-0-0_water-O-0-0_carbonyl-C-0-0_carbonyl-C-0-0_5,-2.221384886,-1793.995618028,-1794.064361781,-1791.842976895,96.90536505253274
fe_3_formaldehyde-O-1-0_formaldehyde-O-1-0_formaldehyde-O-1-0_phosphine-P-0-0_phosphine-P-0-0_phosphine-P-0-0_6,-2.177338572,-2632.856569411,-2632.932356955,-2630.7550183830003,96.51925773165648
fe_3_carboxyl-O-1-d1_carboxyl-O-1-d1_carboxyl-O-1-d1_fluoride-F-0-d1_fluoride-F-0-d1_fluoride-F-0-d1_6,-3.182116368,-2128.592868919,-2128.703651243,-2125.521534875,96.51859607920522
fe_2_water-O-0-0_water-O-0-0_water-O-0-0_ome2-O-0-0_water-O-0-0_ome2-O-0-0_5,-2.7372352,-1877.260737738,-1877.338254255,-1874.601019055,97.16807247692624
fe_2_furan-O-0-0_furan-O-0-0_furan-O-0-0_furan-O-0-0_fluoride-F-0-d1_fluoride-F-0-d1_5,-4.622110055,-2380.844518933,-2381.031515039,-2376.409404984,95.95431299179587
fe_2_water-O-0-0_water-O-0-0_water-O-0-0_pyridine-N-3-0_water-O-0-0_pyridine-N-3-0_5,-3.55397845,-2063.357117293,-2063.494422794,-2059.940444344,96.136569117358
fe_2_misc-C-4-0_misc-C-4-0_misc-C-4-0_misc-C-4-0_misc-C-4-0_carbonyl-C-0-0_5,-3.50371169,-2038.00338785,-2038.146222737,-2034.642511047,95.92332647096627
mn_2_misc-C-4-0_misc-C-4-0_misc-C-4-0_SH2-S-0-0_misc-C-4-0_SH2-S-0-0_6,-2.955967773,-2477.57484892,-2477.69193807,-2474.735970297,96.03888949434094
mn_2_SH2-S-0-0_SH2-S-0-0_SH2-S-0-0_SH2-S-0-0_water-O-0-0_water-O-0-0_6,-1.739707118,-2898.089289315,-2898.141119959,-2896.4014128410004,97.02072587596868
mn_2_imidazole-N-2-0_imidazole-N-2-0_imidazole-N-2-0_pyridine-N-3-0_pyridine-N-3-0_pyridine-N-3-0_6,-6.269593083,-2570.670509076,-2570.959621771,-2564.690028688,95.38865296084734
mn_2_misc-C-4-0_misc-C-4-0_misc-C-4-0_misc-C-4-0_cs-C-0-0_cs-C-0-0_6,-3.206534222,-2551.10835354,-2551.250900402,-2548.04436618,95.55448805061368
mn_2_carbonyl-C-0-0_carbonyl-C-0-0_carbonyl-C-0-0_formaldehyde-O-1-0_carbonyl-C-0-0_formaldehyde-O-1-0_6,-2.672773107,-1830.947559152,-1831.050323808,-1828.377550701,96.15512982636132
fe_3_water-O-0-0_water-O-0-0_water-O-0-0_water-O-0-0_water-O-0-0_cs-C-0-0_6,-2.041328775,-2079.167543123,-2079.232877786,-2077.191549011,96.79940518156268
mn_2_imidazole-N-2-0_imidazole-N-2-0_imidazole-N-2-0_imidazole-N-2-0_imidazole-N-2-0_thiocyanate-S-0-d1_6,-5.553810726,-2769.590483945,-2769.843067132,-2764.2892564060003,95.45207427005288
mn_2_carbonyl-C-0-0_carbonyl-C-0-0_carbonyl-C-0-0_carbonyl-C-0-0_carbonyl-C-0-0_cs-C-0-0_6,-2.585548553,-2151.098185874,-2151.20930263,-2148.623754077,95.70239143756302
mn_2_acetonitrile-N-1-0_acetonitrile-N-1-0_furan-O-0-0_furan-O-0-0_acetonitrile-N-1-0_furan-O-0-0_6,-4.730164278,-2236.146798686,-2236.347925619,-2231.617761341,95.7479926450829
mn_2_imidazole-N-2-0_imidazole-N-2-0_phosphine-P-0-0_phosphine-P-0-0_imidazole-N-2-0_phosphine-P-0-0_6,-3.719547092,-2855.287902369,-2855.44385595,-2851.724308858,95.80718896300408
mn_2_imidazole-N-2-0_imidazole-N-2-0_imidazole-N-2-0_ome2-O-0-0_ome2-O-0-0_ome2-O-0-0_6,-5.048997193,-2291.544698033,-2291.744710297,-2286.695713104,96.03857446628464
mn_2_ammonia-N-0-0_ammonia-N-0-0_ammonia-N-0-0_ammonia-N-0-0_ammonia-N-0-0_hydroxyl-O-0-d1_6,-1.862427119,-1508.214808423,-1508.267078148,-1506.4046510290002,97.1934619901664
mn_2_cs-C-0-0_cs-C-0-0_cs-C-0-0_cs-C-0-0_cs-C-0-0_acetonitrile-N-1-0_6,-2.607000533,-3460.723353388,-3460.857494159,-3458.250493626,94.85459364881702
mn_2_imidazole-N-2-0_imidazole-N-2-0_imidazole-N-2-0_imidazole-N-2-0_imidazole-N-2-0_chloride-Cl-0-d1_6,-5.21629103,-2738.929296714,-2739.160465211,-2733.944174181,95.56833589861776
mn_2_ammonia-N-0-0_ammonia-N-0-0_ammonia-N-0-0_ammonia-N-0-0_phosphine-P-0-0_phosphine-P-0-0_6,-1.723970374,-2061.045111654,-2061.093708848,-2059.369738474,97.18108879752428
mn_2_ome2-O-0-0_ome2-O-0-0_ome2-O-0-0_cs-C-0-0_ome2-O-0-0_cs-C-0-0_6,-3.586606325,-2640.193875202,-2640.327446773,-2636.740840448,96.27582291179748
mn_2_cyanide-C-0-d1_cyanide-C-0-d1_cyanide-C-0-d1_cyanide-C-0-d1_acetonitrile-N-1-0_acetonitrile-N-1-0_6,-2.900559904,-1786.019917809,-1786.147048822,-1783.246488918,95.6170181893222
fe_3_phosphine-P-0-0_phosphine-P-0-0_phosphine-P-0-0_phosphine-P-0-0_cs-C-0-0_cs-C-0-0_6,-1.853619193,-3503.932778044,-3504.013855518,-3502.160236325,95.62599080187373
mn_2_imidazole-N-2-0_imidazole-N-2-0_imidazole-N-2-0_cs-C-0-0_imidazole-N-2-0_cs-C-0-0_6,-4.744524694,-2924.445697735,-2924.66650672,-2919.921982026,95.34602517130548
mn_2_acetonitrile-N-1-0_acetonitrile-N-1-0_acetonitrile-N-1-0_SH2-S-0-0_SH2-S-0-0_SH2-S-0-0_6,-2.627345555,-2744.107251968,-2744.208133086,-2741.580787531,96.16034069793147
mn_2_phosphine-P-0-0_phosphine-P-0-0_phosphine-P-0-0_phosphine-P-0-0_phosphine-P-0-0_cyanide-C-0-d1_6,-1.703529636,-2956.143483957,-2956.203170219,-2954.499640583,96.4963179542813
fe_3_ome2-O-0-0_ome2-O-0-0_ome2-O-0-0_phosphine-P-0-0_ome2-O-0-0_phosphine-P-0-0_6,-3.322443517,-2566.263048104,-2566.374739052,-2563.052295535,96.6382890355048
mn_2_cs-C-0-0_cs-C-0-0_cs-C-0-0_cs-C-0-0_misc-C-4-0_misc-C-4-0_6,-2.807222258,-3157.494555772,-3157.631622057,-3154.8243997990003,95.11736968421792
fe_3_water-O-0-0_water-O-0-0_water-O-0-0_water-O-0-0_thiocyanate-S-0-d1_thiocyanate-S-0-d1_6,-2.571189641,-2548.82506026,-2548.925321136,-2546.3541314950003,96.1006036115959
mn_2_misc-C-4-0_misc-C-4-0_misc-C-4-0_misc-C-4-0_misc-C-4-0_amine-N-0-d1_6,-3.319851879,-1868.333620551,-1868.467707656,-1865.147855777,95.96105158039984
mn_2_SH2-S-0-0_SH2-S-0-0_SH2-S-0-0_SH2-S-0-0_cyanide-C-0-d1_cyanide-C-0-d1_6,-1.955387989,-2931.32276154,-2931.398776665,-2929.443388676,96.11252981877082
mn_2_ome2-O-0-0_ome2-O-0-0_ome2-O-0-0_misc-C-4-0_misc-C-4-0_misc-C-4-0_6,-3.88969575,-2011.543427716,-2011.684335483,-2007.794639733,96.37740903000078
mn_2_formaldehyde-O-1-0_formaldehyde-O-1-0_formaldehyde-O-1-0_formaldehyde-O-1-0_misc-C-4-0_misc-C-4-0_6,-3.076122792,-1872.082990776,-1872.197148409,-1869.121025617,96.28891170089877
mn_2_furan-O-0-0_furan-O-0-0_furan-O-0-0_carbonyl-C-0-0_furan-O-0-0_carbonyl-C-0-0_6,-4.771005421,-2294.41236031,-2294.618001724,-2289.846996303,95.6897677564057
mn_2_phosphine-P-0-0_phosphine-P-0-0_phosphine-P-0-0_SH2-S-0-0_SH2-S-0-0_SH2-S-0-0_6,-1.579849683,-3374.538468741,-3374.588699411,-3373.0088497280003,96.8205411856119
mn_2_pyridine-N-3-0_pyridine-N-3-0_pyridine-N-3-0_pyridine-N-3-0_carbonyl-C-0-0_carbonyl-C-0-0_6,-5.282347126,-2367.280839295,-2367.525567058,-2362.243219932,95.367063974356
mn_2_phosphine-P-0-0_phosphine-P-0-0_phosphine-P-0-0_furan-O-0-0_phosphine-P-0-0_furan-O-0-0_6,-2.962896257,-2979.665383684,-2979.781492094,-2976.818595837,96.08125293872166
mn_2_acetonitrile-N-1-0_acetonitrile-N-1-0_acetonitrile-N-1-0_phosphine-P-0-0_phosphine-P-0-0_phosphine-P-0-0_6,-2.565054607,-2575.391161504,-2575.48801229,-2572.922957683,96.22422128030414
mn_2_formaldehyde-O-1-0_formaldehyde-O-1-0_formaldehyde-O-1-0_water-O-0-0_formaldehyde-O-1-0_water-O-0-0_6,-2.518370402,-1759.764759114,-1759.845284685,-1757.326914283,96.802473101815
fe_3_thiocyanate-S-0-d1_thiocyanate-S-0-d1_thiocyanate-S-0-d1_cs-C-0-0_thiocyanate-S-0-d1_cs-C-0-0_6,-3.362205771,-4095.99535287,-4096.171435672,-4092.809229901,94.7628784793782
fe_3_pyridine-N-3-0_pyridine-N-3-0_pyridine-N-3-0_pyridine-N-3-0_cs-C-0-0_cs-C-0-0_6,-5.251950321,-3124.541011036,-3124.800704982,-3119.548754661,95.05528555817664
mn_2_pyridine-N-3-0_pyridine-N-3-0_pyridine-N-3-0_pyridine-N-3-0_furan-O-0-0_furan-O-0-0_6,-6.366708588,-2600.199980217,-2600.494720878,-2594.12801229,95.370596016355
mn_2_cs-C-0-0_cs-C-0-0_cs-C-0-0_furan-O-0-0_cs-C-0-0_furan-O-0-0_6,-3.555641901,-3351.700320119,-3351.873097515,-3348.317455614,95.14075374261982
mn_2_pyridine-N-3-0_pyridine-N-3-0_pyridine-N-3-0_ome2-O-0-0_pyridine-N-3-0_ome2-O-0-0_6,-5.808761512,-2450.528082296,-2450.782196908,-2444.973435396,95.625321998925
mn_2_misc-C-4-0_misc-C-4-0_misc-C-4-0_misc-C-4-0_pyridine-N-3-0_pyridine-N-3-0_6,-4.607702218,-2175.350817198,-2175.553271341,-2170.945569123,95.60617996951902
mn_2_cs-C-0-0_cs-C-0-0_cs-C-0-0_cs-C-0-0_thiocyanate-S-0-d1_thiocyanate-S-0-d1_6,-2.858242355,-3873.850480947,-3874.002592507,-3871.144350152,94.6781433794918
mn_2_SH2-S-0-0_SH2-S-0-0_SH2-S-0-0_SH2-S-0-0_imidazole-N-2-0_imidazole-N-2-0_6,-3.067925427,-3197.09165105,-3197.216172579,-3194.1482471520003,95.94118136300496
mn_2_imidazole-N-2-0_imidazole-N-2-0_imidazole-N-2-0_imidazole-N-2-0_imidazole-N-2-0_misc-C-4-0_6,-5.53108652,-2411.390453633,-2411.636308138,-2406.105221618,95.5550414170708
fe_3_pyridine-N-3-0_pyridine-N-3-0_pyridine-N-3-0_pyridine-N-3-0_hydroxyl-O-0-d1_hydroxyl-O-0-d1_6,-5.1030246,-2405.38223636,-2405.614461981,-2400.511437381,95.44925531027282
mn_2_acetonitrile-N-1-0_acetonitrile-N-1-0_acetonitrile-N-1-0_pyridine-N-3-0_pyridine-N-3-0_pyridine-N-3-0_6,-5.11417309,-2290.778806995,-2291.008357197,-2285.894184107,95.51148938527996
mn_2_acetonitrile-N-1-0_acetonitrile-N-1-0_acetonitrile-N-1-0_acetonitrile-N-1-0_acetonitrile-N-1-0_furan-O-0-0_6,-3.985513764,-2042.010067248,-2042.175384737,-2038.189870973,95.8520406956483
mn_2_SH2-S-0-0_SH2-S-0-0_SH2-S-0-0_SH2-S-0-0_SH2-S-0-0_cyanide-C-0-d1_6,-1.803357706,-3237.341989854,-3237.407757164,-3235.604399458,96.35306352250043
mn_2_cs-C-0-0_cs-C-0-0_cs-C-0-0_cs-C-0-0_cs-C-0-0_hydroxyl-O-0-d1_6,-2.347576654,-3404.212437212,-3404.33429296,-3401.986716306,94.8092963102168
mn_2_phosphine-P-0-0_phosphine-P-0-0_phosphine-P-0-0_phosphine-P-0-0_phosphine-P-0-0_SH2-S-0-0_6,-1.539364886,-3262.06507003,-3262.112732556,-3260.57336767,96.90375385109542
mn_2_chloride-Cl-0-d1_chloride-Cl-0-d1_chloride-Cl-0-d1_pyridine-N-3-0_pyridine-N-3-0_pyridine-N-3-0_6,-4.157238902,-3273.016882386,-3273.201787335,-3269.0445484330003,95.55221738853136
mn_2_imidazole-N-2-0_imidazole-N-2-0_imidazole-N-2-0_imidazole-N-2-0_ome2-O-0-0_ome2-O-0-0_6,-5.339071217,-2362.60714156,-2362.829088682,-2357.490017465,95.84296382311734
mn_2_phosphine-P-0-0_phosphine-P-0-0_phosphine-P-0-0_thiocyanate-S-0-d1_phosphine-P-0-0_thiocyanate-S-0-d1_6,-2.262671823,-3501.849958715,-3501.943508073,-3499.68083625,95.86553573305682
mn_2_misc-C-4-0_misc-C-4-0_misc-C-4-0_misc-C-4-0_misc-C-4-0_cs-C-0-0_6,-3.406120315,-2247.914411596,-2248.05965804,-2244.653537725,95.7357218604183
mn_2_furan-O-0-0_furan-O-0-0_water-O-0-0_water-O-0-0_furan-O-0-0_water-O-0-0_6,-3.895258649,-2067.562102232,-2067.71358711,-2063.818328461,96.11104443504126
mn_2_ome2-O-0-0_ome2-O-0-0_ome2-O-0-0_ome2-O-0-0_ome2-O-0-0_phosphine-P-0-0_6,-3.736451036,-2266.262144547,-2266.382377769,-2262.645926733,96.78215448719212
fe_3_pyridine-N-3-0_pyridine-N-3-0_pyridine-N-3-0_phosphine-P-0-0_pyridine-N-3-0_phosphine-P-0-0_6,-4.959053084,-2938.510011233,-2938.742415912,-2933.783362828,95.3135270975475
mn_2_pyridine-N-3-0_pyridine-N-3-0_pyridine-N-3-0_pyridine-N-3-0_cs-C-0-0_cs-C-0-0_6,-5.215001363,-3012.373680401,-3012.626728106,-3007.411726743,95.14769628258402
mn_2_pyridine-N-3-0_pyridine-N-3-0_pyridine-N-3-0_pyridine-N-3-0_pyridine-N-3-0_acetonitrile-N-1-0_6,-6.118656934,-2521.334406964,-2521.619233081,-2515.500576147,95.34495690684584
mn_2_ome2-O-0-0_ome2-O-0-0_ome2-O-0-0_carboxyl-O-1-d1_ome2-O-0-0_carboxyl-O-1-d1_6,-4.229520157,-2147.000945111,-2147.146550859,-2142.917030702,96.5573932125853
fe_3_pyridine-N-3-0_pyridine-N-3-0_pyridine-N-3-0_pyridine-N-3-0_pyridine-N-3-0_carbonyl-C-0-0_6,-5.989108035,-2614.110397033,-2614.396824315,-2608.40771628,95.21753021775464
mn_2_ome2-O-0-0_ome2-O-0-0_ome2-O-0-0_ome2-O-0-0_fluoride-F-0-d1_fluoride-F-0-d1_6,-3.456543972,-1968.857876971,-1968.963639491,-1965.507095519,96.94022350483972
mn_2_misc-C-4-0_misc-C-4-0_misc-C-4-0_misc-C-4-0_ome2-O-0-0_ome2-O-0-0_6,-3.793870625,-1989.267554526,-1989.410685641,-1985.616815016,96.22730638053233
mn_2_carbonyl-C-0-0_carbonyl-C-0-0_carbonyl-C-0-0_water-O-0-0_water-O-0-0_water-O-0-0_6,-2.27838682,-1718.157380284,-1718.234834489,-1715.956447669,96.60048046626498
mn_2_misc-C-4-0_misc-C-4-0_misc-C-4-0_misc-C-4-0_misc-C-4-0_SH2-S-0-0_6,-3.281141855,-2211.148968981,-2211.281494885,-2208.00035303,95.96098218679457
mn_2_ammonia-N-0-0_ammonia-N-0-0_ammonia-N-0-0_formaldehyde-O-1-0_ammonia-N-0-0_formaldehyde-O-1-0_6,-2.156007708,-1604.359655289,-1604.425397689,-1602.269389981,96.9507344637099
mn_2_phosphine-P-0-0_phosphine-P-0-0_phosphine-P-0-0_phosphine-P-0-0_misc-C-4-0_misc-C-4-0_6,-2.218708479,-2785.465985802,-2785.546649902,-2783.327941423,96.36436689346124
mn_2_cs-C-0-0_cs-C-0-0_phosphine-P-0-0_phosphine-P-0-0_cs-C-0-0_phosphine-P-0-0_6,-1.965895216,-3484.856155685,-3484.945339434,-3482.979444218,95.4634535821542
mn_2_cyanide-C-0-d1_cyanide-C-0-d1_cyanide-C-0-d1_cyanide-C-0-d1_imidazole-N-2-0_imidazole-N-2-0_6,-3.661172783,-1972.618456797,-1972.784784358,-1969.123611575,95.4569868493384
mn_2_ammonia-N-0-0_ammonia-N-0-0_ammonia-N-0-0_ammonia-N-0-0_ammonia-N-0-0_carbonyl-C-0-0_6,-1.957890273,-1545.308284725,-1545.36767596,-1543.409785687,96.96656979101068
mn_2_misc-C-4-0_misc-C-4-0_misc-C-4-0_misc-C-4-0_acetonitrile-N-1-0_acetonitrile-N-1-0_6,-3.60675462,-1944.793118573,-1944.940822825,-1941.334068205,95.90478788933824
mn_2_cs-C-0-0_cs-C-0-0_formaldehyde-O-1-0_formaldehyde-O-1-0_cs-C-0-0_formaldehyde-O-1-0_6,-2.606949183,-2799.817114131,-2799.931167707,-2797.324218524,95.62501729055796
mn_2_furan-O-0-0_furan-O-0-0_furan-O-0-0_furan-O-0-0_chloride-Cl-0-d1_chloride-Cl-0-d1_6,-4.467722379,-2988.212785894,-2988.402482033,-2983.934759654,95.7540750541718
mn_2_furan-O-0-0_furan-O-0-0_furan-O-0-0_furan-O-0-0_ammonia-N-0-0_ammonia-N-0-0_6,-4.510474323,-2181.11414477,-2181.301142627,-2176.790668304,95.85414207888624
mn_2_imidazole-N-2-0_imidazole-N-2-0_imidazole-N-2-0_imidazole-N-2-0_imidazole-N-2-0_amine-N-0-d1_6,-5.247905043,-2334.997511047,-2335.229570971,-2329.981665928,95.57804643760596
mn_2_SH2-S-0-0_SH2-S-0-0_SH2-S-0-0_SH2-S-0-0_SH2-S-0-0_acetonitrile-N-1-0_6,-1.970667877,-3276.870480667,-3276.940321192,-3274.969653315,96.45599718677768
mn_2_pyridine-N-3-0_pyridine-N-3-0_pyridine-N-3-0_pyridine-N-3-0_pyridine-N-3-0_furan-O-0-0_6,-6.495331205,-2618.40760135,-2618.711596634,-2612.216265429,95.31978779209598
mn_2_misc-C-4-0_misc-C-4-0_misc-C-4-0_misc-C-4-0_misc-C-4-0_ome2-O-0-0_6,-3.700569737,-1966.99390417,-1967.139565554,-1963.438995817,96.0638119437762
fe_3_ome2-O-0-0_ome2-O-0-0_ome2-O-0-0_pyridine-N-3-0_pyridine-N-3-0_pyridine-N-3-0_6,-5.436167009,-2469.624816562,-2469.855922785,-2464.419755776,95.7487284217486
mn_2_cs-C-0-0_cs-C-0-0_cs-C-0-0_SH2-S-0-0_SH2-S-0-0_SH2-S-0-0_6,-2.028499098,-3653.568713727,-3653.661812468,-3651.63331337,95.41046179948374
mn_2_water-O-0-0_water-O-0-0_water-O-0-0_water-O-0-0_misc-C-4-0_misc-C-4-0_6,-2.499456006,-1720.097703888,-1720.179333182,-1717.679877176,96.73411759182925
mn_3_ammonia-N-0-0_ammonia-N-0-0_ammonia-N-0-0_carbonyl-C-0-0_ammonia-N-0-0_carbonyl-C-0-0_5,-2.129221547,-1601.324324496,-1601.402974828,-1599.273753281,96.30614615417429
mn_3_cyanide-C-0-d1_cyanide-C-0-d1_imidazole-N-2-0_imidazole-N-2-0_cyanide-C-0-d1_imidazole-N-2-0_5,-4.290755086,-2105.684064166,-2105.887616414,-2101.596861328,95.2560273443661
mn_3_formaldehyde-O-1-0_formaldehyde-O-1-0_pyridine-N-3-0_pyridine-N-3-0_formaldehyde-O-1-0_pyridine-N-3-0_5,-4.746573573,-2235.659143277,-2235.874577283,-2231.12800371,95.46127321769708
mn_3_imidazole-N-2-0_imidazole-N-2-0_imidazole-N-2-0_imidazole-N-2-0_thiocyanate-S-0-d1_thiocyanate-S-0-d1_5,-5.260436596,-3034.133397694,-3034.385967001,-3029.125530405,95.19870067073671
mn_3_hydroxyl-O-0-d1_hydroxyl-O-0-d1_hydroxyl-O-0-d1_hydroxyl-O-0-d1_pyridine-N-3-0_pyridine-N-3-0_5,-3.565506351,-1948.811224404,-1948.963015339,-1945.397508988,95.74279442925776
mn_3_pyridine-N-3-0_pyridine-N-3-0_pyridine-N-3-0_thiocyanate-S-0-d1_thiocyanate-S-0-d1_thiocyanate-S-0-d1_5,-5.322342573,-3364.865743277,-3365.129655164,-3359.807312591,95.0414336660938
mn_3_formaldehyde-O-1-0_formaldehyde-O-1-0_formaldehyde-O-1-0_formaldehyde-O-1-0_formaldehyde-O-1-0_fluoride-F-0-d1_5,-2.69573694,-1821.083353807,-1821.180108054,-1818.484371114,96.41084240957696
mn_3_cs-C-0-0_cs-C-0-0_ome2-O-0-0_ome2-O-0-0_cs-C-0-0_ome2-O-0-0_5,-3.339440452,-2920.546014325,-2920.69032935,-2917.350888898,95.6784668846738
mn_3_cyanide-C-0-d1_cyanide-C-0-d1_cyanide-C-0-d1_pyridine-N-3-0_pyridine-N-3-0_pyridine-N-3-0_5,-4.641670742,-2171.65831177,-2171.885030084,-2167.243359342,95.11558818792464
mn_3_cs-C-0-0_cs-C-0-0_cs-C-0-0_hydroxyl-O-0-d1_cs-C-0-0_hydroxyl-O-0-d1_5,-2.3285168,-3044.206993471,-3044.328773976,-3042.000257176,94.77003966645871
mn_3_phosphine-P-0-0_phosphine-P-0-0_phosphine-P-0-0_phosphine-P-0-0_formaldehyde-O-1-0_formaldehyde-O-1-0_5,-2.012072397,-2748.563249151,-2748.638227772,-2746.626155375,96.27356246664831
mn_3_carbonyl-C-0-0_carbonyl-C-0-0_carbonyl-C-0-0_acetonitrile-N-1-0_carbonyl-C-0-0_acetonitrile-N-1-0_5,-2.990438058,-1866.701154223,-1866.832680825,-1863.842242767,95.60176136576624
mn_3_cs-C-0-0_cs-C-0-0_misc-C-4-0_misc-C-4-0_cs-C-0-0_misc-C-4-0_5,-3.068445362,-2853.769684943,-2853.920801303,-2850.852355941,95.07514906826816
mn_3_carbonyl-C-0-0_carbonyl-C-0-0_carbonyl-C-0-0_chloride-Cl-0-d1_carbonyl-C-0-0_chloride-Cl-0-d1_5,-2.424391922,-2522.050154029,-2522.156495236,-2519.732103314,95.61369570509676
mn_3_SH2-S-0-0_SH2-S-0-0_SH2-S-0-0_SH2-S-0-0_SH2-S-0-0_amine-N-0-d1_5,-1.760004457,-3200.043455865,-3200.120077226,-3198.360072769,95.64652460422396
mn_2_water-O-0-0_water-O-0-0_water-O-0-0_water-O-0-0_water-O-0-0_SH2-S-0-0_6,-1.892638853,-1930.35664335,-1930.405758536,-1928.513119683,97.40493618621844
mn_2_thiocyanate-S-0-d1_thiocyanate-S-0-d1_thiocyanate-S-0-d1_thiocyanate-S-0-d1_imidazole-N-2-0_imidazole-N-2-0_6,-4.439533481,-3563.680052295,-3563.890118927,-3559.450585446,95.26827237819737
mn_3_water-O-0-0_water-O-0-0_water-O-0-0_water-O-0-0_thiocyanate-S-0-d1_thiocyanate-S-0-d1_5,-2.634666164,-2436.172844154,-2436.28161106,-2433.646944896,95.87170065466228
mn_3_cs-C-0-0_cs-C-0-0_cs-C-0-0_imidazole-N-2-0_imidazole-N-2-0_imidazole-N-2-0_5,-4.195155314,-3133.73818592,-3133.94915011,-3129.753994796,94.97124244015684
mn_3_ammonia-N-0-0_ammonia-N-0-0_ammonia-N-0-0_fluoride-F-0-d1_fluoride-F-0-d1_fluoride-F-0-d1_5,-1.943309482,-1618.982037391,-1619.038473586,-1617.095164104,97.09587198936148
mn_3_thiocyanate-S-0-d1_thiocyanate-S-0-d1_thiocyanate-S-0-d1_thiocyanate-S-0-d1_phosphine-P-0-0_phosphine-P-0-0_5,-3.09073443,-3797.374878612,-3797.529145537,-3794.438411107,95.00872920355228
mn_3_SH2-S-0-0_SH2-S-0-0_SH2-S-0-0_SH2-S-0-0_fluoride-F-0-d1_fluoride-F-0-d1_5,-1.795414328,-2945.221984771,-2945.283492498,-2943.4880781700003,96.5741764426584
mn_3_formaldehyde-O-1-0_formaldehyde-O-1-0_formaldehyde-O-1-0_pyridine-N-3-0_formaldehyde-O-1-0_pyridine-N-3-0_5,-4.107230878,-2102.170055903,-2102.348593281,-2098.241362403,95.65309612965
mn_3_imidazole-N-2-0_imidazole-N-2-0_imidazole-N-2-0_pyridine-N-3-0_imidazole-N-2-0_pyridine-N-3-0_5,-6.19713682,-2548.219945693,-2548.512849416,-2542.315712596,95.27356371971376
mn_3_misc-C-4-0_misc-C-4-0_misc-C-4-0_misc-C-4-0_carbonyl-C-0-0_carbonyl-C-0-0_5,-3.338577329,-1905.457505972,-1905.603626211,-1902.265048882,95.62327828291744
mn_3_chloride-Cl-0-d1_chloride-Cl-0-d1_chloride-Cl-0-d1_chloride-Cl-0-d1_water-O-0-0_water-O-0-0_5,-1.844584595,-3142.019142653,-3142.08759713,-3140.243012535,96.28889468199507
mn_3_carbonyl-C-0-0_carbonyl-C-0-0_carbonyl-C-0-0_carbonyl-C-0-0_ammonia-N-0-0_ammonia-N-0-0_5,-2.403075226,-1714.572327494,-1714.670986251,-1712.267911025,95.89447904367088
mn_3_chloride-Cl-0-d1_chloride-Cl-0-d1_chloride-Cl-0-d1_cs-C-0-0_cs-C-0-0_cs-C-0-0_5,-2.117061013,-3836.541196766,-3836.651379049,-3834.534318036,94.79550743586212
mn_3_cyanide-C-0-d1_cyanide-C-0-d1_cyanide-C-0-d1_formaldehyde-O-1-0_formaldehyde-O-1-0_formaldehyde-O-1-0_5,-2.745714306,-1771.245459131,-1771.365414188,-1768.6196998819998,95.63118942354056
mn_2_thiocyanate-S-0-d1_thiocyanate-S-0-d1_thiocyanate-S-0-d1_SH2-S-0-0_SH2-S-0-0_SH2-S-0-0_6,-2.686521881,-3818.426958546,-3818.546997342,-3815.860475461,95.53181394691468
mn_3_cs-C-0-0_cs-C-0-0_cs-C-0-0_phosphine-P-0-0_cs-C-0-0_phosphine-P-0-0_5,-2.190449359,-3577.305496384,-3577.422465246,-3575.232015887,94.6600517597366
mn_3_phosphine-P-0-0_phosphine-P-0-0_phosphine-P-0-0_carbonyl-C-0-0_phosphine-P-0-0_carbonyl-C-0-0_5,-1.96776238,-2746.128909879,-2746.209215005,-2744.241452625,95.9189622275356
mn_3_furan-O-0-0_furan-O-0-0_furan-O-0-0_furan-O-0-0_hydroxyl-O-0-d1_hydroxyl-O-0-d1_5,-4.59330835,-2219.882838723,-2220.081205857,-2215.487897507,95.68138868795964
mn_3_acetonitrile-N-1-0_acetonitrile-N-1-0_acetonitrile-N-1-0_acetonitrile-N-1-0_SH2-S-0-0_SH2-S-0-0_5,-2.982019806,-2477.153575867,-2477.278996077,-2474.296976271,95.79411881345
mn_3_water-O-0-0_water-O-0-0_water-O-0-0_fluoride-F-0-d1_water-O-0-0_fluoride-F-0-d1_5,-1.998006514,-1654.889067697,-1654.946505555,-1652.948499041,97.12524170479736
mn_3_ome2-O-0-0_ome2-O-0-0_ome2-O-0-0_ome2-O-0-0_ome2-O-0-0_carboxyl-O-1-d1_5,-4.185983471,-2112.293615298,-2112.433060224,-2108.2470767530003,96.66876548924978
mn_3_ome2-O-0-0_ome2-O-0-0_ome2-O-0-0_ome2-O-0-0_pyridine-N-3-0_pyridine-N-3-0_5,-5.033807245,-2263.895268121,-2264.100819517,-2259.0670122720003,95.91658190319842
mn_3_chloride-Cl-0-d1_chloride-Cl-0-d1_chloride-Cl-0-d1_cyanide-C-0-d1_chloride-Cl-0-d1_cyanide-C-0-d1_5,-2.020718498,-3174.501744821,-3174.588752719,-3172.568034221,95.69420985229522
